Command line invocation:
    /Applications/Xcode.app/Contents/Developer/usr/bin/xcodebuild -workspace FootGameScore.xcodeproj/project.xcworkspace -scheme FootGameScore -configuration Debug build -sdk iphonesimulator

Build settings from command line:
    SDKROOT = iphonesimulator26.2

2026-02-11 18:42:46.584 xcodebuild[96236:4052549]  DVTDeviceOperation: Encountered a build number "" that is incompatible with DVTBuildVersion.
2026-02-11 18:42:46.818 xcodebuild[96236:4052467] [MT] DVTDeviceOperation: Encountered a build number "" that is incompatible with DVTBuildVersion.
Resolve Package Graph


Resolved source packages:
  gRPC: https://github.com/google/grpc-binary.git @ 1.69.1
  leveldb: https://github.com/firebase/leveldb.git @ 1.22.5
  GoogleUtilities: https://github.com/google/GoogleUtilities.git @ 8.1.0
  GoogleDataTransport: https://github.com/google/GoogleDataTransport.git @ 10.1.0
  Firebase: https://github.com/firebase/firebase-ios-sdk.git @ 12.9.0
  GoogleAppMeasurement: https://github.com/google/GoogleAppMeasurement.git @ 12.8.0
  GTMSessionFetcher: https://github.com/google/gtm-session-fetcher.git @ 5.0.0
  nanopb: https://github.com/firebase/nanopb.git @ 2.30910.0
  AppCheck: https://github.com/google/app-check.git @ 11.2.0
  InteropForGoogle: https://github.com/google/interop-ios-for-google-sdks.git @ 101.0.0
  AppsFlyerLib: https://github.com/AppsFlyerSDK/AppsFlyerFramework-Static @ 6.17.8
  GoogleAdsOnDeviceConversion: https://github.com/googleads/google-ads-on-device-conversion-ios-sdk @ 3.2.0
  abseil: https://github.com/google/abseil-cpp-binary.git @ 1.2024072200.0
  Promises: https://github.com/google/promises.git @ 2.4.0

--- xcodebuild: WARNING: Using the first of multiple matching destinations:
{ platform:iOS Simulator, id:dvtdevice-DVTiOSDeviceSimulatorPlaceholder-iphonesimulator:placeholder, name:Any iOS Simulator Device }
{ platform:iOS Simulator, arch:arm64, id:A45FF1C2-7E6F-488B-ABB2-94EB56499685, OS:26.2, name:iPad Air 11-inch (M3) }
{ platform:iOS Simulator, arch:arm64, id:F7EACF6C-721E-4ABA-B7B6-39B98DCA1F1E, OS:26.2, name:iPhone 17 Pro Max }
{ platform:iOS Simulator, arch:arm64, id:C83DB36D-B748-4A83-B2B3-18E7A9451B7A, OS:26.2, name:iPhone Air }
{ platform:iOS Simulator, arch:arm64, id:10BAC48E-5AF7-4925-911E-651ECB48772D, OS:26.2, name:iPhone SE (3rd generation) }
{ platform:iOS, id:dvtdevice-DVTiPhonePlaceholder-iphoneos:placeholder, name:Any iOS Device }
{ platform:iOS, arch:arm64, id:00008120-001610913E02201E, name:iPhone (Maksim) (2) }
ComputePackagePrebuildTargetDependencyGraph

Prepare packages

CreateBuildRequest

SendProjectDescription

CreateBuildOperation

ComputeTargetDependencyGraph
note: Building targets in dependency order
note: Target dependency graph (83 targets)
    Target 'FootGameScore' in project 'FootGameScore'
        ➜ Explicit dependency on target 'FirebaseMessaging' in project 'Firebase'
        ➜ Explicit dependency on target 'AppsFlyerLib-Static' in project 'AppsFlyerLib'
        ➜ Explicit dependency on target 'FirebaseAnalyticsCore' in project 'Firebase'
        ➜ Explicit dependency on target 'FirebaseAuth' in project 'Firebase'
        ➜ Explicit dependency on target 'FirebaseFirestore' in project 'Firebase'
    Target 'FirebaseFirestore' in project 'Firebase'
        ➜ Explicit dependency on target 'FirebaseFirestoreTarget' in project 'Firebase'
        ➜ Explicit dependency on target 'FirebaseFirestoreInternalWrapper' in project 'Firebase'
        ➜ Explicit dependency on target 'FirebaseAppCheckInterop' in project 'Firebase'
        ➜ Explicit dependency on target 'Firebase' in project 'Firebase'
        ➜ Explicit dependency on target 'FirebaseCoreInternal' in project 'Firebase'
        ➜ Explicit dependency on target 'FirebaseCore' in project 'Firebase'
        ➜ Explicit dependency on target 'FirebaseCoreExtension' in project 'Firebase'
        ➜ Explicit dependency on target 'FirebaseSharedSwift' in project 'Firebase'
        ➜ Explicit dependency on target 'FirebaseFirestore' in project 'Firebase'
        ➜ Explicit dependency on target 'GULNSData' in project 'GoogleUtilities'
        ➜ Explicit dependency on target 'GULEnvironment' in project 'GoogleUtilities'
        ➜ Explicit dependency on target 'GULLogger' in project 'GoogleUtilities'
        ➜ Explicit dependency on target 'abseil' in project 'abseil'
        ➜ Explicit dependency on target 'gRPC-C++' in project 'gRPC'
        ➜ Explicit dependency on target 'nanopb' in project 'nanopb'
        ➜ Explicit dependency on target 'leveldb' in project 'leveldb'
    Target 'FirebaseFirestoreTarget' in project 'Firebase'
        ➜ Explicit dependency on target 'FirebaseFirestoreInternalWrapper' in project 'Firebase'
        ➜ Explicit dependency on target 'FirebaseAppCheckInterop' in project 'Firebase'
        ➜ Explicit dependency on target 'Firebase' in project 'Firebase'
        ➜ Explicit dependency on target 'FirebaseCoreInternal' in project 'Firebase'
        ➜ Explicit dependency on target 'FirebaseCore' in project 'Firebase'
        ➜ Explicit dependency on target 'FirebaseCoreExtension' in project 'Firebase'
        ➜ Explicit dependency on target 'FirebaseSharedSwift' in project 'Firebase'
        ➜ Explicit dependency on target 'FirebaseFirestore' in project 'Firebase'
        ➜ Explicit dependency on target 'GULNSData' in project 'GoogleUtilities'
        ➜ Explicit dependency on target 'GULEnvironment' in project 'GoogleUtilities'
        ➜ Explicit dependency on target 'GULLogger' in project 'GoogleUtilities'
        ➜ Explicit dependency on target 'abseil' in project 'abseil'
        ➜ Explicit dependency on target 'gRPC-C++' in project 'gRPC'
        ➜ Explicit dependency on target 'nanopb' in project 'nanopb'
        ➜ Explicit dependency on target 'leveldb' in project 'leveldb'
    Target 'FirebaseFirestore' in project 'Firebase'
        ➜ Explicit dependency on target 'Firebase_FirebaseFirestore' in project 'Firebase'
        ➜ Explicit dependency on target 'FirebaseFirestoreInternalWrapper' in project 'Firebase'
        ➜ Explicit dependency on target 'FirebaseAppCheckInterop' in project 'Firebase'
        ➜ Explicit dependency on target 'Firebase' in project 'Firebase'
        ➜ Explicit dependency on target 'FirebaseCoreInternal' in project 'Firebase'
        ➜ Explicit dependency on target 'FirebaseCore' in project 'Firebase'
        ➜ Explicit dependency on target 'FirebaseCoreExtension' in project 'Firebase'
        ➜ Explicit dependency on target 'FirebaseSharedSwift' in project 'Firebase'
        ➜ Explicit dependency on target 'GULNSData' in project 'GoogleUtilities'
        ➜ Explicit dependency on target 'GULEnvironment' in project 'GoogleUtilities'
        ➜ Explicit dependency on target 'GULLogger' in project 'GoogleUtilities'
        ➜ Explicit dependency on target 'abseil' in project 'abseil'
        ➜ Explicit dependency on target 'gRPC-C++' in project 'gRPC'
        ➜ Explicit dependency on target 'nanopb' in project 'nanopb'
        ➜ Explicit dependency on target 'leveldb' in project 'leveldb'
    Target 'leveldb' in project 'leveldb'
        ➜ Explicit dependency on target 'leveldb' in project 'leveldb'
        ➜ Explicit dependency on target 'leveldb_leveldb' in project 'leveldb'
    Target 'leveldb' in project 'leveldb'
        ➜ Explicit dependency on target 'leveldb_leveldb' in project 'leveldb'
    Target 'leveldb_leveldb' in project 'leveldb' (no dependencies)
    Target 'gRPC-C++' in project 'gRPC'
        ➜ Explicit dependency on target 'grpcppWrapper' in project 'gRPC'
        ➜ Explicit dependency on target 'gRPC_grpcppWrapper' in project 'gRPC'
        ➜ Explicit dependency on target 'grpcWrapper' in project 'gRPC'
        ➜ Explicit dependency on target 'opensslWrapper' in project 'gRPC'
        ➜ Explicit dependency on target 'abseil' in project 'abseil'
    Target 'grpcppWrapper' in project 'gRPC'
        ➜ Explicit dependency on target 'gRPC_grpcppWrapper' in project 'gRPC'
        ➜ Explicit dependency on target 'grpcWrapper' in project 'gRPC'
        ➜ Explicit dependency on target 'opensslWrapper' in project 'gRPC'
        ➜ Explicit dependency on target 'abseil' in project 'abseil'
    Target 'opensslWrapper' in project 'gRPC'
        ➜ Explicit dependency on target 'gRPC_opensslWrapper' in project 'gRPC'
    Target 'gRPC_opensslWrapper' in project 'gRPC' (no dependencies)
    Target 'grpcWrapper' in project 'gRPC'
        ➜ Explicit dependency on target 'gRPC_grpcWrapper' in project 'gRPC'
    Target 'gRPC_grpcWrapper' in project 'gRPC' (no dependencies)
    Target 'gRPC_grpcppWrapper' in project 'gRPC' (no dependencies)
    Target 'abseil' in project 'abseil'
        ➜ Explicit dependency on target 'abslWrapper' in project 'abseil'
        ➜ Explicit dependency on target 'abseil_abslWrapper' in project 'abseil'
    Target 'abslWrapper' in project 'abseil'
        ➜ Explicit dependency on target 'abseil_abslWrapper' in project 'abseil'
    Target 'abseil_abslWrapper' in project 'abseil' (no dependencies)
    Target 'Firebase_FirebaseFirestore' in project 'Firebase' (no dependencies)
    Target 'FirebaseSharedSwift' in project 'Firebase' (no dependencies)
    Target 'FirebaseFirestoreInternalWrapper' in project 'Firebase' (no dependencies)
    Target 'FirebaseAuth' in project 'Firebase'
        ➜ Explicit dependency on target 'FirebaseAuth' in project 'Firebase'
        ➜ Explicit dependency on target 'Firebase_FirebaseAuth' in project 'Firebase'
        ➜ Explicit dependency on target 'FirebaseAppCheckInterop' in project 'Firebase'
        ➜ Explicit dependency on target 'FirebaseAuthInterop' in project 'Firebase'
        ➜ Explicit dependency on target 'FirebaseAuthInternal' in project 'Firebase'
        ➜ Explicit dependency on target 'Firebase' in project 'Firebase'
        ➜ Explicit dependency on target 'FirebaseCoreInternal' in project 'Firebase'
        ➜ Explicit dependency on target 'FirebaseCore' in project 'Firebase'
        ➜ Explicit dependency on target 'FirebaseCoreExtension' in project 'Firebase'
        ➜ Explicit dependency on target 'RecaptchaInterop' in project 'InteropForGoogle'
        ➜ Explicit dependency on target 'GULNSData' in project 'GoogleUtilities'
        ➜ Explicit dependency on target 'GULEnvironment' in project 'GoogleUtilities'
        ➜ Explicit dependency on target 'GULLogger' in project 'GoogleUtilities'
        ➜ Explicit dependency on target 'GULAppDelegateSwizzler' in project 'GoogleUtilities'
        ➜ Explicit dependency on target 'GTMSessionFetcherCore' in project 'GTMSessionFetcher'
    Target 'FirebaseAuth' in project 'Firebase'
        ➜ Explicit dependency on target 'Firebase_FirebaseAuth' in project 'Firebase'
        ➜ Explicit dependency on target 'FirebaseAppCheckInterop' in project 'Firebase'
        ➜ Explicit dependency on target 'FirebaseAuthInterop' in project 'Firebase'
        ➜ Explicit dependency on target 'FirebaseAuthInternal' in project 'Firebase'
        ➜ Explicit dependency on target 'Firebase' in project 'Firebase'
        ➜ Explicit dependency on target 'FirebaseCoreInternal' in project 'Firebase'
        ➜ Explicit dependency on target 'FirebaseCore' in project 'Firebase'
        ➜ Explicit dependency on target 'FirebaseCoreExtension' in project 'Firebase'
        ➜ Explicit dependency on target 'RecaptchaInterop' in project 'InteropForGoogle'
        ➜ Explicit dependency on target 'GULNSData' in project 'GoogleUtilities'
        ➜ Explicit dependency on target 'GULEnvironment' in project 'GoogleUtilities'
        ➜ Explicit dependency on target 'GULLogger' in project 'GoogleUtilities'
        ➜ Explicit dependency on target 'GULAppDelegateSwizzler' in project 'GoogleUtilities'
        ➜ Explicit dependency on target 'GTMSessionFetcherCore' in project 'GTMSessionFetcher'
    Target 'GTMSessionFetcherCore' in project 'GTMSessionFetcher'
        ➜ Explicit dependency on target 'GTMSessionFetcherCore' in project 'GTMSessionFetcher'
        ➜ Explicit dependency on target 'GTMSessionFetcher_GTMSessionFetcherCore' in project 'GTMSessionFetcher'
    Target 'GTMSessionFetcherCore' in project 'GTMSessionFetcher'
        ➜ Explicit dependency on target 'GTMSessionFetcher_GTMSessionFetcherCore' in project 'GTMSessionFetcher'
    Target 'GTMSessionFetcher_GTMSessionFetcherCore' in project 'GTMSessionFetcher' (no dependencies)
    Target 'FirebaseCoreExtension' in project 'Firebase'
        ➜ Explicit dependency on target 'Firebase_FirebaseCoreExtension' in project 'Firebase'
    Target 'Firebase_FirebaseCoreExtension' in project 'Firebase' (no dependencies)
    Target 'FirebaseAuthInternal' in project 'Firebase'
        ➜ Explicit dependency on target 'RecaptchaInterop' in project 'InteropForGoogle'
    Target 'RecaptchaInterop' in project 'InteropForGoogle'
        ➜ Explicit dependency on target 'RecaptchaInterop' in project 'InteropForGoogle'
    Target 'RecaptchaInterop' in project 'InteropForGoogle' (no dependencies)
    Target 'FirebaseAuthInterop' in project 'Firebase' (no dependencies)
    Target 'FirebaseAppCheckInterop' in project 'Firebase' (no dependencies)
    Target 'Firebase_FirebaseAuth' in project 'Firebase' (no dependencies)
    Target 'FirebaseAnalyticsCore' in project 'Firebase'
        ➜ Explicit dependency on target 'FirebaseAnalyticsCoreTarget' in project 'Firebase'
        ➜ Explicit dependency on target 'Firebase' in project 'Firebase'
        ➜ Explicit dependency on target 'FirebaseCoreInternal' in project 'Firebase'
        ➜ Explicit dependency on target 'FirebaseCore' in project 'Firebase'
        ➜ Explicit dependency on target 'FirebaseInstallations' in project 'Firebase'
        ➜ Explicit dependency on target 'FirebaseAnalyticsCoreWrapper' in project 'Firebase'
        ➜ Explicit dependency on target 'GULNSData' in project 'GoogleUtilities'
        ➜ Explicit dependency on target 'GULEnvironment' in project 'GoogleUtilities'
        ➜ Explicit dependency on target 'GULLogger' in project 'GoogleUtilities'
        ➜ Explicit dependency on target 'FBLPromises' in project 'Promises'
        ➜ Explicit dependency on target 'GULUserDefaults' in project 'GoogleUtilities'
        ➜ Explicit dependency on target 'GoogleAppMeasurementCore' in project 'GoogleAppMeasurement'
        ➜ Explicit dependency on target 'GULAppDelegateSwizzler' in project 'GoogleUtilities'
        ➜ Explicit dependency on target 'GULMethodSwizzler' in project 'GoogleUtilities'
        ➜ Explicit dependency on target 'GULNetwork' in project 'GoogleUtilities'
        ➜ Explicit dependency on target 'nanopb' in project 'nanopb'
    Target 'FirebaseAnalyticsCoreTarget' in project 'Firebase'
        ➜ Explicit dependency on target 'Firebase' in project 'Firebase'
        ➜ Explicit dependency on target 'FirebaseCoreInternal' in project 'Firebase'
        ➜ Explicit dependency on target 'FirebaseCore' in project 'Firebase'
        ➜ Explicit dependency on target 'FirebaseInstallations' in project 'Firebase'
        ➜ Explicit dependency on target 'FirebaseAnalyticsCoreWrapper' in project 'Firebase'
        ➜ Explicit dependency on target 'GULNSData' in project 'GoogleUtilities'
        ➜ Explicit dependency on target 'GULEnvironment' in project 'GoogleUtilities'
        ➜ Explicit dependency on target 'GULLogger' in project 'GoogleUtilities'
        ➜ Explicit dependency on target 'FBLPromises' in project 'Promises'
        ➜ Explicit dependency on target 'GULUserDefaults' in project 'GoogleUtilities'
        ➜ Explicit dependency on target 'GoogleAppMeasurementCore' in project 'GoogleAppMeasurement'
        ➜ Explicit dependency on target 'GULAppDelegateSwizzler' in project 'GoogleUtilities'
        ➜ Explicit dependency on target 'GULMethodSwizzler' in project 'GoogleUtilities'
        ➜ Explicit dependency on target 'GULNetwork' in project 'GoogleUtilities'
        ➜ Explicit dependency on target 'nanopb' in project 'nanopb'
    Target 'FirebaseAnalyticsCoreWrapper' in project 'Firebase'
        ➜ Explicit dependency on target 'Firebase' in project 'Firebase'
        ➜ Explicit dependency on target 'FirebaseCoreInternal' in project 'Firebase'
        ➜ Explicit dependency on target 'FirebaseCore' in project 'Firebase'
        ➜ Explicit dependency on target 'FirebaseInstallations' in project 'Firebase'
        ➜ Explicit dependency on target 'GULNSData' in project 'GoogleUtilities'
        ➜ Explicit dependency on target 'GULEnvironment' in project 'GoogleUtilities'
        ➜ Explicit dependency on target 'GULLogger' in project 'GoogleUtilities'
        ➜ Explicit dependency on target 'FBLPromises' in project 'Promises'
        ➜ Explicit dependency on target 'GULUserDefaults' in project 'GoogleUtilities'
        ➜ Explicit dependency on target 'GoogleAppMeasurementCore' in project 'GoogleAppMeasurement'
        ➜ Explicit dependency on target 'GULAppDelegateSwizzler' in project 'GoogleUtilities'
        ➜ Explicit dependency on target 'GULMethodSwizzler' in project 'GoogleUtilities'
        ➜ Explicit dependency on target 'GULNetwork' in project 'GoogleUtilities'
        ➜ Explicit dependency on target 'nanopb' in project 'nanopb'
    Target 'GoogleAppMeasurementCore' in project 'GoogleAppMeasurement'
        ➜ Explicit dependency on target 'GoogleAppMeasurementCoreTarget' in project 'GoogleAppMeasurement'
        ➜ Explicit dependency on target 'GULAppDelegateSwizzler' in project 'GoogleUtilities'
        ➜ Explicit dependency on target 'GULMethodSwizzler' in project 'GoogleUtilities'
        ➜ Explicit dependency on target 'GULNSData' in project 'GoogleUtilities'
        ➜ Explicit dependency on target 'GULNetwork' in project 'GoogleUtilities'
        ➜ Explicit dependency on target 'GULLogger' in project 'GoogleUtilities'
        ➜ Explicit dependency on target 'GULEnvironment' in project 'GoogleUtilities'
        ➜ Explicit dependency on target 'nanopb' in project 'nanopb'
    Target 'GoogleAppMeasurementCoreTarget' in project 'GoogleAppMeasurement'
        ➜ Explicit dependency on target 'GULAppDelegateSwizzler' in project 'GoogleUtilities'
        ➜ Explicit dependency on target 'GULMethodSwizzler' in project 'GoogleUtilities'
        ➜ Explicit dependency on target 'GULNSData' in project 'GoogleUtilities'
        ➜ Explicit dependency on target 'GULNetwork' in project 'GoogleUtilities'
        ➜ Explicit dependency on target 'GULLogger' in project 'GoogleUtilities'
        ➜ Explicit dependency on target 'GULEnvironment' in project 'GoogleUtilities'
        ➜ Explicit dependency on target 'nanopb' in project 'nanopb'
    Target 'GULNetwork' in project 'GoogleUtilities'
        ➜ Explicit dependency on target 'GoogleUtilities-Network' in project 'GoogleUtilities'
        ➜ Explicit dependency on target 'GoogleUtilities_GoogleUtilities-Network' in project 'GoogleUtilities'
        ➜ Explicit dependency on target 'third-party-IsAppEncrypted' in project 'GoogleUtilities'
        ➜ Explicit dependency on target 'GoogleUtilities-Environment' in project 'GoogleUtilities'
        ➜ Explicit dependency on target 'GoogleUtilities-Logger' in project 'GoogleUtilities'
        ➜ Explicit dependency on target 'GoogleUtilities-NSData' in project 'GoogleUtilities'
        ➜ Explicit dependency on target 'GoogleUtilities-Reachability' in project 'GoogleUtilities'
    Target 'GULMethodSwizzler' in project 'GoogleUtilities'
        ➜ Explicit dependency on target 'GoogleUtilities-MethodSwizzler' in project 'GoogleUtilities'
        ➜ Explicit dependency on target 'GoogleUtilities_GoogleUtilities-MethodSwizzler' in project 'GoogleUtilities'
        ➜ Explicit dependency on target 'third-party-IsAppEncrypted' in project 'GoogleUtilities'
        ➜ Explicit dependency on target 'GoogleUtilities-Environment' in project 'GoogleUtilities'
        ➜ Explicit dependency on target 'GoogleUtilities-Logger' in project 'GoogleUtilities'
    Target 'GoogleUtilities-MethodSwizzler' in project 'GoogleUtilities'
        ➜ Explicit dependency on target 'GoogleUtilities_GoogleUtilities-MethodSwizzler' in project 'GoogleUtilities'
        ➜ Explicit dependency on target 'third-party-IsAppEncrypted' in project 'GoogleUtilities'
        ➜ Explicit dependency on target 'GoogleUtilities-Environment' in project 'GoogleUtilities'
        ➜ Explicit dependency on target 'GoogleUtilities-Logger' in project 'GoogleUtilities'
    Target 'GoogleUtilities_GoogleUtilities-MethodSwizzler' in project 'GoogleUtilities' (no dependencies)
    Target 'AppsFlyerLib-Static' in project 'AppsFlyerLib' (no dependencies)
    Target 'FirebaseMessaging' in project 'Firebase'
        ➜ Explicit dependency on target 'FirebaseMessaging' in project 'Firebase'
        ➜ Explicit dependency on target 'Firebase_FirebaseMessaging' in project 'Firebase'
        ➜ Explicit dependency on target 'Firebase' in project 'Firebase'
        ➜ Explicit dependency on target 'FirebaseCoreInternal' in project 'Firebase'
        ➜ Explicit dependency on target 'FirebaseCore' in project 'Firebase'
        ➜ Explicit dependency on target 'FirebaseInstallations' in project 'Firebase'
        ➜ Explicit dependency on target 'GULNSData' in project 'GoogleUtilities'
        ➜ Explicit dependency on target 'GULEnvironment' in project 'GoogleUtilities'
        ➜ Explicit dependency on target 'GULLogger' in project 'GoogleUtilities'
        ➜ Explicit dependency on target 'FBLPromises' in project 'Promises'
        ➜ Explicit dependency on target 'GULUserDefaults' in project 'GoogleUtilities'
        ➜ Explicit dependency on target 'GULAppDelegateSwizzler' in project 'GoogleUtilities'
        ➜ Explicit dependency on target 'GULReachability' in project 'GoogleUtilities'
        ➜ Explicit dependency on target 'GoogleDataTransport' in project 'GoogleDataTransport'
        ➜ Explicit dependency on target 'nanopb' in project 'nanopb'
    Target 'FirebaseMessaging' in project 'Firebase'
        ➜ Explicit dependency on target 'Firebase_FirebaseMessaging' in project 'Firebase'
        ➜ Explicit dependency on target 'Firebase' in project 'Firebase'
        ➜ Explicit dependency on target 'FirebaseCoreInternal' in project 'Firebase'
        ➜ Explicit dependency on target 'FirebaseCore' in project 'Firebase'
        ➜ Explicit dependency on target 'FirebaseInstallations' in project 'Firebase'
        ➜ Explicit dependency on target 'GULNSData' in project 'GoogleUtilities'
        ➜ Explicit dependency on target 'GULEnvironment' in project 'GoogleUtilities'
        ➜ Explicit dependency on target 'GULLogger' in project 'GoogleUtilities'
        ➜ Explicit dependency on target 'FBLPromises' in project 'Promises'
        ➜ Explicit dependency on target 'GULUserDefaults' in project 'GoogleUtilities'
        ➜ Explicit dependency on target 'GULAppDelegateSwizzler' in project 'GoogleUtilities'
        ➜ Explicit dependency on target 'GULReachability' in project 'GoogleUtilities'
        ➜ Explicit dependency on target 'GoogleDataTransport' in project 'GoogleDataTransport'
        ➜ Explicit dependency on target 'nanopb' in project 'nanopb'
    Target 'GoogleDataTransport' in project 'GoogleDataTransport'
        ➜ Explicit dependency on target 'GoogleDataTransport' in project 'GoogleDataTransport'
        ➜ Explicit dependency on target 'GoogleDataTransport_GoogleDataTransport' in project 'GoogleDataTransport'
        ➜ Explicit dependency on target 'nanopb' in project 'nanopb'
        ➜ Explicit dependency on target 'FBLPromises' in project 'Promises'
    Target 'GoogleDataTransport' in project 'GoogleDataTransport'
        ➜ Explicit dependency on target 'GoogleDataTransport_GoogleDataTransport' in project 'GoogleDataTransport'
        ➜ Explicit dependency on target 'nanopb' in project 'nanopb'
        ➜ Explicit dependency on target 'FBLPromises' in project 'Promises'
    Target 'nanopb' in project 'nanopb'
        ➜ Explicit dependency on target 'nanopb' in project 'nanopb'
        ➜ Explicit dependency on target 'nanopb_nanopb' in project 'nanopb'
    Target 'nanopb' in project 'nanopb'
        ➜ Explicit dependency on target 'nanopb_nanopb' in project 'nanopb'
    Target 'nanopb_nanopb' in project 'nanopb' (no dependencies)
    Target 'GoogleDataTransport_GoogleDataTransport' in project 'GoogleDataTransport' (no dependencies)
    Target 'GULReachability' in project 'GoogleUtilities'
        ➜ Explicit dependency on target 'GoogleUtilities-Reachability' in project 'GoogleUtilities'
        ➜ Explicit dependency on target 'GoogleUtilities_GoogleUtilities-Reachability' in project 'GoogleUtilities'
        ➜ Explicit dependency on target 'third-party-IsAppEncrypted' in project 'GoogleUtilities'
        ➜ Explicit dependency on target 'GoogleUtilities-Environment' in project 'GoogleUtilities'
        ➜ Explicit dependency on target 'GoogleUtilities-Logger' in project 'GoogleUtilities'
    Target 'GULAppDelegateSwizzler' in project 'GoogleUtilities'
        ➜ Explicit dependency on target 'GoogleUtilities-AppDelegateSwizzler' in project 'GoogleUtilities'
        ➜ Explicit dependency on target 'GoogleUtilities_GoogleUtilities-AppDelegateSwizzler' in project 'GoogleUtilities'
        ➜ Explicit dependency on target 'third-party-IsAppEncrypted' in project 'GoogleUtilities'
        ➜ Explicit dependency on target 'GoogleUtilities-Environment' in project 'GoogleUtilities'
        ➜ Explicit dependency on target 'GoogleUtilities-Logger' in project 'GoogleUtilities'
        ➜ Explicit dependency on target 'GoogleUtilities-NSData' in project 'GoogleUtilities'
        ➜ Explicit dependency on target 'GoogleUtilities-Reachability' in project 'GoogleUtilities'
        ➜ Explicit dependency on target 'GoogleUtilities-Network' in project 'GoogleUtilities'
    Target 'GoogleUtilities-AppDelegateSwizzler' in project 'GoogleUtilities'
        ➜ Explicit dependency on target 'GoogleUtilities_GoogleUtilities-AppDelegateSwizzler' in project 'GoogleUtilities'
        ➜ Explicit dependency on target 'third-party-IsAppEncrypted' in project 'GoogleUtilities'
        ➜ Explicit dependency on target 'GoogleUtilities-Environment' in project 'GoogleUtilities'
        ➜ Explicit dependency on target 'GoogleUtilities-Logger' in project 'GoogleUtilities'
        ➜ Explicit dependency on target 'GoogleUtilities-NSData' in project 'GoogleUtilities'
        ➜ Explicit dependency on target 'GoogleUtilities-Reachability' in project 'GoogleUtilities'
        ➜ Explicit dependency on target 'GoogleUtilities-Network' in project 'GoogleUtilities'
    Target 'GoogleUtilities-Network' in project 'GoogleUtilities'
        ➜ Explicit dependency on target 'GoogleUtilities_GoogleUtilities-Network' in project 'GoogleUtilities'
        ➜ Explicit dependency on target 'third-party-IsAppEncrypted' in project 'GoogleUtilities'
        ➜ Explicit dependency on target 'GoogleUtilities-Environment' in project 'GoogleUtilities'
        ➜ Explicit dependency on target 'GoogleUtilities-Logger' in project 'GoogleUtilities'
        ➜ Explicit dependency on target 'GoogleUtilities-NSData' in project 'GoogleUtilities'
        ➜ Explicit dependency on target 'GoogleUtilities-Reachability' in project 'GoogleUtilities'
    Target 'GoogleUtilities_GoogleUtilities-Network' in project 'GoogleUtilities' (no dependencies)
    Target 'GoogleUtilities-Reachability' in project 'GoogleUtilities'
        ➜ Explicit dependency on target 'GoogleUtilities_GoogleUtilities-Reachability' in project 'GoogleUtilities'
        ➜ Explicit dependency on target 'third-party-IsAppEncrypted' in project 'GoogleUtilities'
        ➜ Explicit dependency on target 'GoogleUtilities-Environment' in project 'GoogleUtilities'
        ➜ Explicit dependency on target 'GoogleUtilities-Logger' in project 'GoogleUtilities'
    Target 'GoogleUtilities_GoogleUtilities-Reachability' in project 'GoogleUtilities' (no dependencies)
    Target 'GoogleUtilities_GoogleUtilities-AppDelegateSwizzler' in project 'GoogleUtilities' (no dependencies)
    Target 'FirebaseInstallations' in project 'Firebase'
        ➜ Explicit dependency on target 'Firebase_FirebaseInstallations' in project 'Firebase'
        ➜ Explicit dependency on target 'Firebase' in project 'Firebase'
        ➜ Explicit dependency on target 'FirebaseCoreInternal' in project 'Firebase'
        ➜ Explicit dependency on target 'FirebaseCore' in project 'Firebase'
        ➜ Explicit dependency on target 'GULNSData' in project 'GoogleUtilities'
        ➜ Explicit dependency on target 'GULEnvironment' in project 'GoogleUtilities'
        ➜ Explicit dependency on target 'GULLogger' in project 'GoogleUtilities'
        ➜ Explicit dependency on target 'FBLPromises' in project 'Promises'
        ➜ Explicit dependency on target 'GULUserDefaults' in project 'GoogleUtilities'
    Target 'GULUserDefaults' in project 'GoogleUtilities'
        ➜ Explicit dependency on target 'GoogleUtilities-UserDefaults' in project 'GoogleUtilities'
        ➜ Explicit dependency on target 'GoogleUtilities_GoogleUtilities-UserDefaults' in project 'GoogleUtilities'
        ➜ Explicit dependency on target 'third-party-IsAppEncrypted' in project 'GoogleUtilities'
        ➜ Explicit dependency on target 'GoogleUtilities-Environment' in project 'GoogleUtilities'
        ➜ Explicit dependency on target 'GoogleUtilities-Logger' in project 'GoogleUtilities'
    Target 'GoogleUtilities-UserDefaults' in project 'GoogleUtilities'
        ➜ Explicit dependency on target 'GoogleUtilities_GoogleUtilities-UserDefaults' in project 'GoogleUtilities'
        ➜ Explicit dependency on target 'third-party-IsAppEncrypted' in project 'GoogleUtilities'
        ➜ Explicit dependency on target 'GoogleUtilities-Environment' in project 'GoogleUtilities'
        ➜ Explicit dependency on target 'GoogleUtilities-Logger' in project 'GoogleUtilities'
    Target 'GoogleUtilities_GoogleUtilities-UserDefaults' in project 'GoogleUtilities' (no dependencies)
    Target 'FBLPromises' in project 'Promises'
        ➜ Explicit dependency on target 'FBLPromises' in project 'Promises'
        ➜ Explicit dependency on target 'Promises_FBLPromises' in project 'Promises'
    Target 'FBLPromises' in project 'Promises'
        ➜ Explicit dependency on target 'Promises_FBLPromises' in project 'Promises'
    Target 'Promises_FBLPromises' in project 'Promises' (no dependencies)
    Target 'Firebase_FirebaseInstallations' in project 'Firebase' (no dependencies)
    Target 'FirebaseCore' in project 'Firebase'
        ➜ Explicit dependency on target 'Firebase_FirebaseCore' in project 'Firebase'
        ➜ Explicit dependency on target 'Firebase' in project 'Firebase'
        ➜ Explicit dependency on target 'FirebaseCoreInternal' in project 'Firebase'
        ➜ Explicit dependency on target 'GULNSData' in project 'GoogleUtilities'
        ➜ Explicit dependency on target 'GULEnvironment' in project 'GoogleUtilities'
        ➜ Explicit dependency on target 'GULLogger' in project 'GoogleUtilities'
    Target 'GULLogger' in project 'GoogleUtilities'
        ➜ Explicit dependency on target 'GoogleUtilities-Logger' in project 'GoogleUtilities'
        ➜ Explicit dependency on target 'GoogleUtilities_GoogleUtilities-Logger' in project 'GoogleUtilities'
        ➜ Explicit dependency on target 'third-party-IsAppEncrypted' in project 'GoogleUtilities'
        ➜ Explicit dependency on target 'GoogleUtilities-Environment' in project 'GoogleUtilities'
    Target 'GoogleUtilities-Logger' in project 'GoogleUtilities'
        ➜ Explicit dependency on target 'GoogleUtilities_GoogleUtilities-Logger' in project 'GoogleUtilities'
        ➜ Explicit dependency on target 'third-party-IsAppEncrypted' in project 'GoogleUtilities'
        ➜ Explicit dependency on target 'GoogleUtilities-Environment' in project 'GoogleUtilities'
    Target 'GoogleUtilities_GoogleUtilities-Logger' in project 'GoogleUtilities' (no dependencies)
    Target 'GULEnvironment' in project 'GoogleUtilities'
        ➜ Explicit dependency on target 'GoogleUtilities-Environment' in project 'GoogleUtilities'
        ➜ Explicit dependency on target 'GoogleUtilities_GoogleUtilities-Environment' in project 'GoogleUtilities'
        ➜ Explicit dependency on target 'third-party-IsAppEncrypted' in project 'GoogleUtilities'
    Target 'GoogleUtilities-Environment' in project 'GoogleUtilities'
        ➜ Explicit dependency on target 'GoogleUtilities_GoogleUtilities-Environment' in project 'GoogleUtilities'
        ➜ Explicit dependency on target 'third-party-IsAppEncrypted' in project 'GoogleUtilities'
    Target 'third-party-IsAppEncrypted' in project 'GoogleUtilities' (no dependencies)
    Target 'GoogleUtilities_GoogleUtilities-Environment' in project 'GoogleUtilities' (no dependencies)
    Target 'Firebase_FirebaseCore' in project 'Firebase' (no dependencies)
    Target 'FirebaseCoreInternal' in project 'Firebase'
        ➜ Explicit dependency on target 'Firebase_FirebaseCoreInternal' in project 'Firebase'
        ➜ Explicit dependency on target 'GULNSData' in project 'GoogleUtilities'
    Target 'GULNSData' in project 'GoogleUtilities'
        ➜ Explicit dependency on target 'GoogleUtilities-NSData' in project 'GoogleUtilities'
        ➜ Explicit dependency on target 'GoogleUtilities_GoogleUtilities-NSData' in project 'GoogleUtilities'
    Target 'GoogleUtilities-NSData' in project 'GoogleUtilities'
        ➜ Explicit dependency on target 'GoogleUtilities_GoogleUtilities-NSData' in project 'GoogleUtilities'
    Target 'GoogleUtilities_GoogleUtilities-NSData' in project 'GoogleUtilities' (no dependencies)
    Target 'Firebase_FirebaseCoreInternal' in project 'Firebase' (no dependencies)
    Target 'Firebase' in project 'Firebase' (no dependencies)
    Target 'Firebase_FirebaseMessaging' in project 'Firebase' (no dependencies)

GatherProvisioningInputs

CreateBuildDescription

ExecuteExternalTool /Applications/Xcode.app/Contents/Developer/Toolchains/XcodeDefault.xctoolchain/usr/bin/clang -v -E -dM -arch arm64 -isysroot /Applications/Xcode.app/Contents/Developer/Platforms/iPhoneSimulator.platform/Developer/SDKs/iPhoneSimulator26.2.sdk -x objective-c -c /dev/null

ExecuteExternalTool /Applications/Xcode.app/Contents/Developer/Toolchains/XcodeDefault.xctoolchain/usr/bin/swiftc --version

ExecuteExternalTool /Applications/Xcode.app/Contents/Developer/Toolchains/XcodeDefault.xctoolchain/usr/bin/clang -v -E -dM -isysroot /Applications/Xcode.app/Contents/Developer/Platforms/iPhoneSimulator.platform/Developer/SDKs/iPhoneSimulator26.2.sdk -x c -c /dev/null

ExecuteExternalTool /Applications/Xcode.app/Contents/Developer/usr/bin/actool --print-asset-tag-combinations --output-format xml1 /Users/maksimkosharny/Desktop/Developer/FootGameScore/FootGameScore/Resources/Assets/Assets.xcassets

ExecuteExternalTool /Applications/Xcode.app/Contents/Developer/usr/bin/actool --version --output-format xml1

ExecuteExternalTool /Applications/Xcode.app/Contents/Developer/Toolchains/XcodeDefault.xctoolchain/usr/bin/clang -v -E -dM -arch arm64 -isysroot /Applications/Xcode.app/Contents/Developer/Platforms/iPhoneSimulator.platform/Developer/SDKs/iPhoneSimulator26.2.sdk -x c -c /dev/null

ExecuteExternalTool /Applications/Xcode.app/Contents/Developer/Toolchains/XcodeDefault.xctoolchain/usr/bin/ld -version_details

ExecuteExternalTool /Applications/Xcode.app/Contents/Developer/Toolchains/XcodeDefault.xctoolchain/usr/bin/clang -v -E -dM -arch arm64 -isysroot /Applications/Xcode.app/Contents/Developer/Platforms/iPhoneSimulator.platform/Developer/SDKs/iPhoneSimulator26.2.sdk -x c++ -c /dev/null

ExecuteExternalTool /Applications/Xcode.app/Contents/Developer/Toolchains/XcodeDefault.xctoolchain/usr/bin/clang -v -E -dM -arch x86_64 -isysroot /Applications/Xcode.app/Contents/Developer/Platforms/iPhoneSimulator.platform/Developer/SDKs/iPhoneSimulator26.2.sdk -x objective-c -c /dev/null

ExecuteExternalTool /Applications/Xcode.app/Contents/Developer/Toolchains/XcodeDefault.xctoolchain/usr/bin/clang -v -E -dM -arch x86_64 -isysroot /Applications/Xcode.app/Contents/Developer/Platforms/iPhoneSimulator.platform/Developer/SDKs/iPhoneSimulator26.2.sdk -x c -c /dev/null

ExecuteExternalTool /Applications/Xcode.app/Contents/Developer/Toolchains/XcodeDefault.xctoolchain/usr/bin/clang -v -E -dM -arch x86_64 -isysroot /Applications/Xcode.app/Contents/Developer/Platforms/iPhoneSimulator.platform/Developer/SDKs/iPhoneSimulator26.2.sdk -x c++ -c /dev/null

Build description signature: 692940155352d7c176505fff9dd17374
Build description path: /Users/maksimkosharny/Library/Developer/Xcode/DerivedData/FootGameScore-flklpgugjzuqjnhfjujkheubgzdj/Build/Intermediates.noindex/XCBuildData/692940155352d7c176505fff9dd17374.xcbuilddata
ClangStatCache /Applications/Xcode.app/Contents/Developer/Toolchains/XcodeDefault.xctoolchain/usr/bin/clang-stat-cache /Applications/Xcode.app/Contents/Developer/Platforms/iPhoneSimulator.platform/Developer/SDKs/iPhoneSimulator26.2.sdk /Users/maksimkosharny/Library/Developer/Xcode/DerivedData/SDKStatCaches.noindex/iphonesimulator26.2-23C53-7d00a8b37fbd7999ea79df8ebc024bf0.sdkstatcache
    cd /Users/maksimkosharny/Desktop/Developer/FootGameScore/FootGameScore.xcodeproj
    /Applications/Xcode.app/Contents/Developer/Toolchains/XcodeDefault.xctoolchain/usr/bin/clang-stat-cache /Applications/Xcode.app/Contents/Developer/Platforms/iPhoneSimulator.platform/Developer/SDKs/iPhoneSimulator26.2.sdk -o /Users/maksimkosharny/Library/Developer/Xcode/DerivedData/SDKStatCaches.noindex/iphonesimulator26.2-23C53-7d00a8b37fbd7999ea79df8ebc024bf0.sdkstatcache

ProcessInfoPlistFile /Users/maksimkosharny/Library/Developer/Xcode/DerivedData/FootGameScore-flklpgugjzuqjnhfjujkheubgzdj/Build/Products/Debug-iphonesimulator/gRPC_grpcWrapper.bundle/Info.plist /Users/maksimkosharny/Library/Developer/Xcode/DerivedData/FootGameScore-flklpgugjzuqjnhfjujkheubgzdj/Build/Intermediates.noindex/gRPC.build/Debug-iphonesimulator/gRPC_grpcWrapper.build/empty-gRPC_grpcWrapper.plist (in target 'gRPC_grpcWrapper' from project 'gRPC')
    cd /Users/maksimkosharny/Library/Developer/Xcode/DerivedData/FootGameScore-flklpgugjzuqjnhfjujkheubgzdj/SourcePackages/checkouts/grpc-binary
    builtin-infoPlistUtility /Users/maksimkosharny/Library/Developer/Xcode/DerivedData/FootGameScore-flklpgugjzuqjnhfjujkheubgzdj/Build/Intermediates.noindex/gRPC.build/Debug-iphonesimulator/gRPC_grpcWrapper.build/empty-gRPC_grpcWrapper.plist -producttype com.apple.product-type.bundle -expandbuildsettings -format binary -platform iphonesimulator -o /Users/maksimkosharny/Library/Developer/Xcode/DerivedData/FootGameScore-flklpgugjzuqjnhfjujkheubgzdj/Build/Products/Debug-iphonesimulator/gRPC_grpcWrapper.bundle/Info.plist

ProcessInfoPlistFile /Users/maksimkosharny/Library/Developer/Xcode/DerivedData/FootGameScore-flklpgugjzuqjnhfjujkheubgzdj/Build/Products/Debug-iphonesimulator/gRPC_opensslWrapper.bundle/Info.plist /Users/maksimkosharny/Library/Developer/Xcode/DerivedData/FootGameScore-flklpgugjzuqjnhfjujkheubgzdj/Build/Intermediates.noindex/gRPC.build/Debug-iphonesimulator/gRPC_opensslWrapper.build/empty-gRPC_opensslWrapper.plist (in target 'gRPC_opensslWrapper' from project 'gRPC')
    cd /Users/maksimkosharny/Library/Developer/Xcode/DerivedData/FootGameScore-flklpgugjzuqjnhfjujkheubgzdj/SourcePackages/checkouts/grpc-binary
    builtin-infoPlistUtility /Users/maksimkosharny/Library/Developer/Xcode/DerivedData/FootGameScore-flklpgugjzuqjnhfjujkheubgzdj/Build/Intermediates.noindex/gRPC.build/Debug-iphonesimulator/gRPC_opensslWrapper.build/empty-gRPC_opensslWrapper.plist -producttype com.apple.product-type.bundle -expandbuildsettings -format binary -platform iphonesimulator -o /Users/maksimkosharny/Library/Developer/Xcode/DerivedData/FootGameScore-flklpgugjzuqjnhfjujkheubgzdj/Build/Products/Debug-iphonesimulator/gRPC_opensslWrapper.bundle/Info.plist

ProcessInfoPlistFile /Users/maksimkosharny/Library/Developer/Xcode/DerivedData/FootGameScore-flklpgugjzuqjnhfjujkheubgzdj/Build/Products/Debug-iphonesimulator/leveldb_leveldb.bundle/Info.plist /Users/maksimkosharny/Library/Developer/Xcode/DerivedData/FootGameScore-flklpgugjzuqjnhfjujkheubgzdj/Build/Intermediates.noindex/leveldb.build/Debug-iphonesimulator/leveldb_leveldb.build/empty-leveldb_leveldb.plist (in target 'leveldb_leveldb' from project 'leveldb')
    cd /Users/maksimkosharny/Library/Developer/Xcode/DerivedData/FootGameScore-flklpgugjzuqjnhfjujkheubgzdj/SourcePackages/checkouts/leveldb
    builtin-infoPlistUtility /Users/maksimkosharny/Library/Developer/Xcode/DerivedData/FootGameScore-flklpgugjzuqjnhfjujkheubgzdj/Build/Intermediates.noindex/leveldb.build/Debug-iphonesimulator/leveldb_leveldb.build/empty-leveldb_leveldb.plist -producttype com.apple.product-type.bundle -expandbuildsettings -format binary -platform iphonesimulator -o /Users/maksimkosharny/Library/Developer/Xcode/DerivedData/FootGameScore-flklpgugjzuqjnhfjujkheubgzdj/Build/Products/Debug-iphonesimulator/leveldb_leveldb.bundle/Info.plist

ProcessInfoPlistFile /Users/maksimkosharny/Library/Developer/Xcode/DerivedData/FootGameScore-flklpgugjzuqjnhfjujkheubgzdj/Build/Products/Debug-iphonesimulator/nanopb_nanopb.bundle/Info.plist /Users/maksimkosharny/Library/Developer/Xcode/DerivedData/FootGameScore-flklpgugjzuqjnhfjujkheubgzdj/Build/Intermediates.noindex/nanopb.build/Debug-iphonesimulator/nanopb_nanopb.build/empty-nanopb_nanopb.plist (in target 'nanopb_nanopb' from project 'nanopb')
    cd /Users/maksimkosharny/Library/Developer/Xcode/DerivedData/FootGameScore-flklpgugjzuqjnhfjujkheubgzdj/SourcePackages/checkouts/nanopb
    builtin-infoPlistUtility /Users/maksimkosharny/Library/Developer/Xcode/DerivedData/FootGameScore-flklpgugjzuqjnhfjujkheubgzdj/Build/Intermediates.noindex/nanopb.build/Debug-iphonesimulator/nanopb_nanopb.build/empty-nanopb_nanopb.plist -producttype com.apple.product-type.bundle -expandbuildsettings -format binary -platform iphonesimulator -o /Users/maksimkosharny/Library/Developer/Xcode/DerivedData/FootGameScore-flklpgugjzuqjnhfjujkheubgzdj/Build/Products/Debug-iphonesimulator/nanopb_nanopb.bundle/Info.plist

ProcessInfoPlistFile /Users/maksimkosharny/Library/Developer/Xcode/DerivedData/FootGameScore-flklpgugjzuqjnhfjujkheubgzdj/Build/Products/Debug-iphonesimulator/Promises_FBLPromises.bundle/Info.plist /Users/maksimkosharny/Library/Developer/Xcode/DerivedData/FootGameScore-flklpgugjzuqjnhfjujkheubgzdj/Build/Intermediates.noindex/Promises.build/Debug-iphonesimulator/Promises_FBLPromises.build/empty-Promises_FBLPromises.plist (in target 'Promises_FBLPromises' from project 'Promises')
    cd /Users/maksimkosharny/Library/Developer/Xcode/DerivedData/FootGameScore-flklpgugjzuqjnhfjujkheubgzdj/SourcePackages/checkouts/promises
    builtin-infoPlistUtility /Users/maksimkosharny/Library/Developer/Xcode/DerivedData/FootGameScore-flklpgugjzuqjnhfjujkheubgzdj/Build/Intermediates.noindex/Promises.build/Debug-iphonesimulator/Promises_FBLPromises.build/empty-Promises_FBLPromises.plist -producttype com.apple.product-type.bundle -expandbuildsettings -format binary -platform iphonesimulator -o /Users/maksimkosharny/Library/Developer/Xcode/DerivedData/FootGameScore-flklpgugjzuqjnhfjujkheubgzdj/Build/Products/Debug-iphonesimulator/Promises_FBLPromises.bundle/Info.plist

ProcessInfoPlistFile /Users/maksimkosharny/Library/Developer/Xcode/DerivedData/FootGameScore-flklpgugjzuqjnhfjujkheubgzdj/Build/Products/Debug-iphonesimulator/gRPC_grpcppWrapper.bundle/Info.plist /Users/maksimkosharny/Library/Developer/Xcode/DerivedData/FootGameScore-flklpgugjzuqjnhfjujkheubgzdj/Build/Intermediates.noindex/gRPC.build/Debug-iphonesimulator/gRPC_grpcppWrapper.build/empty-gRPC_grpcppWrapper.plist (in target 'gRPC_grpcppWrapper' from project 'gRPC')
    cd /Users/maksimkosharny/Library/Developer/Xcode/DerivedData/FootGameScore-flklpgugjzuqjnhfjujkheubgzdj/SourcePackages/checkouts/grpc-binary
    builtin-infoPlistUtility /Users/maksimkosharny/Library/Developer/Xcode/DerivedData/FootGameScore-flklpgugjzuqjnhfjujkheubgzdj/Build/Intermediates.noindex/gRPC.build/Debug-iphonesimulator/gRPC_grpcppWrapper.build/empty-gRPC_grpcppWrapper.plist -producttype com.apple.product-type.bundle -expandbuildsettings -format binary -platform iphonesimulator -o /Users/maksimkosharny/Library/Developer/Xcode/DerivedData/FootGameScore-flklpgugjzuqjnhfjujkheubgzdj/Build/Products/Debug-iphonesimulator/gRPC_grpcppWrapper.bundle/Info.plist

ProcessInfoPlistFile /Users/maksimkosharny/Library/Developer/Xcode/DerivedData/FootGameScore-flklpgugjzuqjnhfjujkheubgzdj/Build/Products/Debug-iphonesimulator/abseil_abslWrapper.bundle/Info.plist /Users/maksimkosharny/Library/Developer/Xcode/DerivedData/FootGameScore-flklpgugjzuqjnhfjujkheubgzdj/Build/Intermediates.noindex/abseil.build/Debug-iphonesimulator/abseil_abslWrapper.build/empty-abseil_abslWrapper.plist (in target 'abseil_abslWrapper' from project 'abseil')
    cd /Users/maksimkosharny/Library/Developer/Xcode/DerivedData/FootGameScore-flklpgugjzuqjnhfjujkheubgzdj/SourcePackages/checkouts/abseil-cpp-binary
    builtin-infoPlistUtility /Users/maksimkosharny/Library/Developer/Xcode/DerivedData/FootGameScore-flklpgugjzuqjnhfjujkheubgzdj/Build/Intermediates.noindex/abseil.build/Debug-iphonesimulator/abseil_abslWrapper.build/empty-abseil_abslWrapper.plist -producttype com.apple.product-type.bundle -expandbuildsettings -format binary -platform iphonesimulator -o /Users/maksimkosharny/Library/Developer/Xcode/DerivedData/FootGameScore-flklpgugjzuqjnhfjujkheubgzdj/Build/Products/Debug-iphonesimulator/abseil_abslWrapper.bundle/Info.plist

ProcessInfoPlistFile /Users/maksimkosharny/Library/Developer/Xcode/DerivedData/FootGameScore-flklpgugjzuqjnhfjujkheubgzdj/Build/Products/Debug-iphonesimulator/GoogleUtilities_GoogleUtilities-NSData.bundle/Info.plist /Users/maksimkosharny/Library/Developer/Xcode/DerivedData/FootGameScore-flklpgugjzuqjnhfjujkheubgzdj/Build/Intermediates.noindex/GoogleUtilities.build/Debug-iphonesimulator/GoogleUtilities_GoogleUtilities-NSData.build/empty-GoogleUtilities_GoogleUtilities-NSData.plist (in target 'GoogleUtilities_GoogleUtilities-NSData' from project 'GoogleUtilities')
    cd /Users/maksimkosharny/Library/Developer/Xcode/DerivedData/FootGameScore-flklpgugjzuqjnhfjujkheubgzdj/SourcePackages/checkouts/GoogleUtilities
    builtin-infoPlistUtility /Users/maksimkosharny/Library/Developer/Xcode/DerivedData/FootGameScore-flklpgugjzuqjnhfjujkheubgzdj/Build/Intermediates.noindex/GoogleUtilities.build/Debug-iphonesimulator/GoogleUtilities_GoogleUtilities-NSData.build/empty-GoogleUtilities_GoogleUtilities-NSData.plist -producttype com.apple.product-type.bundle -expandbuildsettings -format binary -platform iphonesimulator -o /Users/maksimkosharny/Library/Developer/Xcode/DerivedData/FootGameScore-flklpgugjzuqjnhfjujkheubgzdj/Build/Products/Debug-iphonesimulator/GoogleUtilities_GoogleUtilities-NSData.bundle/Info.plist

ProcessInfoPlistFile /Users/maksimkosharny/Library/Developer/Xcode/DerivedData/FootGameScore-flklpgugjzuqjnhfjujkheubgzdj/Build/Products/Debug-iphonesimulator/GoogleDataTransport_GoogleDataTransport.bundle/Info.plist /Users/maksimkosharny/Library/Developer/Xcode/DerivedData/FootGameScore-flklpgugjzuqjnhfjujkheubgzdj/Build/Intermediates.noindex/GoogleDataTransport.build/Debug-iphonesimulator/GoogleDataTransport_GoogleDataTransport.build/empty-GoogleDataTransport_GoogleDataTransport.plist (in target 'GoogleDataTransport_GoogleDataTransport' from project 'GoogleDataTransport')
    cd /Users/maksimkosharny/Library/Developer/Xcode/DerivedData/FootGameScore-flklpgugjzuqjnhfjujkheubgzdj/SourcePackages/checkouts/GoogleDataTransport
    builtin-infoPlistUtility /Users/maksimkosharny/Library/Developer/Xcode/DerivedData/FootGameScore-flklpgugjzuqjnhfjujkheubgzdj/Build/Intermediates.noindex/GoogleDataTransport.build/Debug-iphonesimulator/GoogleDataTransport_GoogleDataTransport.build/empty-GoogleDataTransport_GoogleDataTransport.plist -producttype com.apple.product-type.bundle -expandbuildsettings -format binary -platform iphonesimulator -o /Users/maksimkosharny/Library/Developer/Xcode/DerivedData/FootGameScore-flklpgugjzuqjnhfjujkheubgzdj/Build/Products/Debug-iphonesimulator/GoogleDataTransport_GoogleDataTransport.bundle/Info.plist

ProcessInfoPlistFile /Users/maksimkosharny/Library/Developer/Xcode/DerivedData/FootGameScore-flklpgugjzuqjnhfjujkheubgzdj/Build/Products/Debug-iphonesimulator/GTMSessionFetcher_GTMSessionFetcherCore.bundle/Info.plist /Users/maksimkosharny/Library/Developer/Xcode/DerivedData/FootGameScore-flklpgugjzuqjnhfjujkheubgzdj/Build/Intermediates.noindex/GTMSessionFetcher.build/Debug-iphonesimulator/GTMSessionFetcher_GTMSessionFetcherCore.build/empty-GTMSessionFetcher_GTMSessionFetcherCore.plist (in target 'GTMSessionFetcher_GTMSessionFetcherCore' from project 'GTMSessionFetcher')
    cd /Users/maksimkosharny/Library/Developer/Xcode/DerivedData/FootGameScore-flklpgugjzuqjnhfjujkheubgzdj/SourcePackages/checkouts/gtm-session-fetcher
    builtin-infoPlistUtility /Users/maksimkosharny/Library/Developer/Xcode/DerivedData/FootGameScore-flklpgugjzuqjnhfjujkheubgzdj/Build/Intermediates.noindex/GTMSessionFetcher.build/Debug-iphonesimulator/GTMSessionFetcher_GTMSessionFetcherCore.build/empty-GTMSessionFetcher_GTMSessionFetcherCore.plist -producttype com.apple.product-type.bundle -expandbuildsettings -format binary -platform iphonesimulator -o /Users/maksimkosharny/Library/Developer/Xcode/DerivedData/FootGameScore-flklpgugjzuqjnhfjujkheubgzdj/Build/Products/Debug-iphonesimulator/GTMSessionFetcher_GTMSessionFetcherCore.bundle/Info.plist

ProcessInfoPlistFile /Users/maksimkosharny/Library/Developer/Xcode/DerivedData/FootGameScore-flklpgugjzuqjnhfjujkheubgzdj/Build/Products/Debug-iphonesimulator/Firebase_FirebaseMessaging.bundle/Info.plist /Users/maksimkosharny/Library/Developer/Xcode/DerivedData/FootGameScore-flklpgugjzuqjnhfjujkheubgzdj/Build/Intermediates.noindex/Firebase.build/Debug-iphonesimulator/Firebase_FirebaseMessaging.build/empty-Firebase_FirebaseMessaging.plist (in target 'Firebase_FirebaseMessaging' from project 'Firebase')
    cd /Users/maksimkosharny/Library/Developer/Xcode/DerivedData/FootGameScore-flklpgugjzuqjnhfjujkheubgzdj/SourcePackages/checkouts/firebase-ios-sdk
    builtin-infoPlistUtility /Users/maksimkosharny/Library/Developer/Xcode/DerivedData/FootGameScore-flklpgugjzuqjnhfjujkheubgzdj/Build/Intermediates.noindex/Firebase.build/Debug-iphonesimulator/Firebase_FirebaseMessaging.build/empty-Firebase_FirebaseMessaging.plist -producttype com.apple.product-type.bundle -expandbuildsettings -format binary -platform iphonesimulator -o /Users/maksimkosharny/Library/Developer/Xcode/DerivedData/FootGameScore-flklpgugjzuqjnhfjujkheubgzdj/Build/Products/Debug-iphonesimulator/Firebase_FirebaseMessaging.bundle/Info.plist

ProcessInfoPlistFile /Users/maksimkosharny/Library/Developer/Xcode/DerivedData/FootGameScore-flklpgugjzuqjnhfjujkheubgzdj/Build/Products/Debug-iphonesimulator/Firebase_FirebaseCoreExtension.bundle/Info.plist /Users/maksimkosharny/Library/Developer/Xcode/DerivedData/FootGameScore-flklpgugjzuqjnhfjujkheubgzdj/Build/Intermediates.noindex/Firebase.build/Debug-iphonesimulator/Firebase_FirebaseCoreExtension.build/empty-Firebase_FirebaseCoreExtension.plist (in target 'Firebase_FirebaseCoreExtension' from project 'Firebase')
    cd /Users/maksimkosharny/Library/Developer/Xcode/DerivedData/FootGameScore-flklpgugjzuqjnhfjujkheubgzdj/SourcePackages/checkouts/firebase-ios-sdk
    builtin-infoPlistUtility /Users/maksimkosharny/Library/Developer/Xcode/DerivedData/FootGameScore-flklpgugjzuqjnhfjujkheubgzdj/Build/Intermediates.noindex/Firebase.build/Debug-iphonesimulator/Firebase_FirebaseCoreExtension.build/empty-Firebase_FirebaseCoreExtension.plist -producttype com.apple.product-type.bundle -expandbuildsettings -format binary -platform iphonesimulator -o /Users/maksimkosharny/Library/Developer/Xcode/DerivedData/FootGameScore-flklpgugjzuqjnhfjujkheubgzdj/Build/Products/Debug-iphonesimulator/Firebase_FirebaseCoreExtension.bundle/Info.plist

ProcessInfoPlistFile /Users/maksimkosharny/Library/Developer/Xcode/DerivedData/FootGameScore-flklpgugjzuqjnhfjujkheubgzdj/Build/Products/Debug-iphonesimulator/Firebase_FirebaseAuth.bundle/Info.plist /Users/maksimkosharny/Library/Developer/Xcode/DerivedData/FootGameScore-flklpgugjzuqjnhfjujkheubgzdj/Build/Intermediates.noindex/Firebase.build/Debug-iphonesimulator/Firebase_FirebaseAuth.build/empty-Firebase_FirebaseAuth.plist (in target 'Firebase_FirebaseAuth' from project 'Firebase')
    cd /Users/maksimkosharny/Library/Developer/Xcode/DerivedData/FootGameScore-flklpgugjzuqjnhfjujkheubgzdj/SourcePackages/checkouts/firebase-ios-sdk
    builtin-infoPlistUtility /Users/maksimkosharny/Library/Developer/Xcode/DerivedData/FootGameScore-flklpgugjzuqjnhfjujkheubgzdj/Build/Intermediates.noindex/Firebase.build/Debug-iphonesimulator/Firebase_FirebaseAuth.build/empty-Firebase_FirebaseAuth.plist -producttype com.apple.product-type.bundle -expandbuildsettings -format binary -platform iphonesimulator -o /Users/maksimkosharny/Library/Developer/Xcode/DerivedData/FootGameScore-flklpgugjzuqjnhfjujkheubgzdj/Build/Products/Debug-iphonesimulator/Firebase_FirebaseAuth.bundle/Info.plist

ProcessInfoPlistFile /Users/maksimkosharny/Library/Developer/Xcode/DerivedData/FootGameScore-flklpgugjzuqjnhfjujkheubgzdj/Build/Products/Debug-iphonesimulator/Firebase_FirebaseFirestore.bundle/Info.plist /Users/maksimkosharny/Library/Developer/Xcode/DerivedData/FootGameScore-flklpgugjzuqjnhfjujkheubgzdj/Build/Intermediates.noindex/Firebase.build/Debug-iphonesimulator/Firebase_FirebaseFirestore.build/empty-Firebase_FirebaseFirestore.plist (in target 'Firebase_FirebaseFirestore' from project 'Firebase')
    cd /Users/maksimkosharny/Library/Developer/Xcode/DerivedData/FootGameScore-flklpgugjzuqjnhfjujkheubgzdj/SourcePackages/checkouts/firebase-ios-sdk
    builtin-infoPlistUtility /Users/maksimkosharny/Library/Developer/Xcode/DerivedData/FootGameScore-flklpgugjzuqjnhfjujkheubgzdj/Build/Intermediates.noindex/Firebase.build/Debug-iphonesimulator/Firebase_FirebaseFirestore.build/empty-Firebase_FirebaseFirestore.plist -producttype com.apple.product-type.bundle -expandbuildsettings -format binary -platform iphonesimulator -o /Users/maksimkosharny/Library/Developer/Xcode/DerivedData/FootGameScore-flklpgugjzuqjnhfjujkheubgzdj/Build/Products/Debug-iphonesimulator/Firebase_FirebaseFirestore.bundle/Info.plist

ProcessInfoPlistFile /Users/maksimkosharny/Library/Developer/Xcode/DerivedData/FootGameScore-flklpgugjzuqjnhfjujkheubgzdj/Build/Products/Debug-iphonesimulator/Firebase_FirebaseCoreInternal.bundle/Info.plist /Users/maksimkosharny/Library/Developer/Xcode/DerivedData/FootGameScore-flklpgugjzuqjnhfjujkheubgzdj/Build/Intermediates.noindex/Firebase.build/Debug-iphonesimulator/Firebase_FirebaseCoreInternal.build/empty-Firebase_FirebaseCoreInternal.plist (in target 'Firebase_FirebaseCoreInternal' from project 'Firebase')
    cd /Users/maksimkosharny/Library/Developer/Xcode/DerivedData/FootGameScore-flklpgugjzuqjnhfjujkheubgzdj/SourcePackages/checkouts/firebase-ios-sdk
    builtin-infoPlistUtility /Users/maksimkosharny/Library/Developer/Xcode/DerivedData/FootGameScore-flklpgugjzuqjnhfjujkheubgzdj/Build/Intermediates.noindex/Firebase.build/Debug-iphonesimulator/Firebase_FirebaseCoreInternal.build/empty-Firebase_FirebaseCoreInternal.plist -producttype com.apple.product-type.bundle -expandbuildsettings -format binary -platform iphonesimulator -o /Users/maksimkosharny/Library/Developer/Xcode/DerivedData/FootGameScore-flklpgugjzuqjnhfjujkheubgzdj/Build/Products/Debug-iphonesimulator/Firebase_FirebaseCoreInternal.bundle/Info.plist

ProcessInfoPlistFile /Users/maksimkosharny/Library/Developer/Xcode/DerivedData/FootGameScore-flklpgugjzuqjnhfjujkheubgzdj/Build/Products/Debug-iphonesimulator/Firebase_FirebaseCore.bundle/Info.plist /Users/maksimkosharny/Library/Developer/Xcode/DerivedData/FootGameScore-flklpgugjzuqjnhfjujkheubgzdj/Build/Intermediates.noindex/Firebase.build/Debug-iphonesimulator/Firebase_FirebaseCore.build/empty-Firebase_FirebaseCore.plist (in target 'Firebase_FirebaseCore' from project 'Firebase')
    cd /Users/maksimkosharny/Library/Developer/Xcode/DerivedData/FootGameScore-flklpgugjzuqjnhfjujkheubgzdj/SourcePackages/checkouts/firebase-ios-sdk
    builtin-infoPlistUtility /Users/maksimkosharny/Library/Developer/Xcode/DerivedData/FootGameScore-flklpgugjzuqjnhfjujkheubgzdj/Build/Intermediates.noindex/Firebase.build/Debug-iphonesimulator/Firebase_FirebaseCore.build/empty-Firebase_FirebaseCore.plist -producttype com.apple.product-type.bundle -expandbuildsettings -format binary -platform iphonesimulator -o /Users/maksimkosharny/Library/Developer/Xcode/DerivedData/FootGameScore-flklpgugjzuqjnhfjujkheubgzdj/Build/Products/Debug-iphonesimulator/Firebase_FirebaseCore.bundle/Info.plist

ProcessInfoPlistFile /Users/maksimkosharny/Library/Developer/Xcode/DerivedData/FootGameScore-flklpgugjzuqjnhfjujkheubgzdj/Build/Products/Debug-iphonesimulator/GoogleUtilities_GoogleUtilities-UserDefaults.bundle/Info.plist /Users/maksimkosharny/Library/Developer/Xcode/DerivedData/FootGameScore-flklpgugjzuqjnhfjujkheubgzdj/Build/Intermediates.noindex/GoogleUtilities.build/Debug-iphonesimulator/GoogleUtilities_GoogleUtilities-UserDefaults.build/empty-GoogleUtilities_GoogleUtilities-UserDefaults.plist (in target 'GoogleUtilities_GoogleUtilities-UserDefaults' from project 'GoogleUtilities')
    cd /Users/maksimkosharny/Library/Developer/Xcode/DerivedData/FootGameScore-flklpgugjzuqjnhfjujkheubgzdj/SourcePackages/checkouts/GoogleUtilities
    builtin-infoPlistUtility /Users/maksimkosharny/Library/Developer/Xcode/DerivedData/FootGameScore-flklpgugjzuqjnhfjujkheubgzdj/Build/Intermediates.noindex/GoogleUtilities.build/Debug-iphonesimulator/GoogleUtilities_GoogleUtilities-UserDefaults.build/empty-GoogleUtilities_GoogleUtilities-UserDefaults.plist -producttype com.apple.product-type.bundle -expandbuildsettings -format binary -platform iphonesimulator -o /Users/maksimkosharny/Library/Developer/Xcode/DerivedData/FootGameScore-flklpgugjzuqjnhfjujkheubgzdj/Build/Products/Debug-iphonesimulator/GoogleUtilities_GoogleUtilities-UserDefaults.bundle/Info.plist

ProcessInfoPlistFile /Users/maksimkosharny/Library/Developer/Xcode/DerivedData/FootGameScore-flklpgugjzuqjnhfjujkheubgzdj/Build/Products/Debug-iphonesimulator/GoogleUtilities_GoogleUtilities-Reachability.bundle/Info.plist /Users/maksimkosharny/Library/Developer/Xcode/DerivedData/FootGameScore-flklpgugjzuqjnhfjujkheubgzdj/Build/Intermediates.noindex/GoogleUtilities.build/Debug-iphonesimulator/GoogleUtilities_GoogleUtilities-Reachability.build/empty-GoogleUtilities_GoogleUtilities-Reachability.plist (in target 'GoogleUtilities_GoogleUtilities-Reachability' from project 'GoogleUtilities')
    cd /Users/maksimkosharny/Library/Developer/Xcode/DerivedData/FootGameScore-flklpgugjzuqjnhfjujkheubgzdj/SourcePackages/checkouts/GoogleUtilities
    builtin-infoPlistUtility /Users/maksimkosharny/Library/Developer/Xcode/DerivedData/FootGameScore-flklpgugjzuqjnhfjujkheubgzdj/Build/Intermediates.noindex/GoogleUtilities.build/Debug-iphonesimulator/GoogleUtilities_GoogleUtilities-Reachability.build/empty-GoogleUtilities_GoogleUtilities-Reachability.plist -producttype com.apple.product-type.bundle -expandbuildsettings -format binary -platform iphonesimulator -o /Users/maksimkosharny/Library/Developer/Xcode/DerivedData/FootGameScore-flklpgugjzuqjnhfjujkheubgzdj/Build/Products/Debug-iphonesimulator/GoogleUtilities_GoogleUtilities-Reachability.bundle/Info.plist

ProcessInfoPlistFile /Users/maksimkosharny/Library/Developer/Xcode/DerivedData/FootGameScore-flklpgugjzuqjnhfjujkheubgzdj/Build/Products/Debug-iphonesimulator/GoogleUtilities_GoogleUtilities-Network.bundle/Info.plist /Users/maksimkosharny/Library/Developer/Xcode/DerivedData/FootGameScore-flklpgugjzuqjnhfjujkheubgzdj/Build/Intermediates.noindex/GoogleUtilities.build/Debug-iphonesimulator/GoogleUtilities_GoogleUtilities-Network.build/empty-GoogleUtilities_GoogleUtilities-Network.plist (in target 'GoogleUtilities_GoogleUtilities-Network' from project 'GoogleUtilities')
    cd /Users/maksimkosharny/Library/Developer/Xcode/DerivedData/FootGameScore-flklpgugjzuqjnhfjujkheubgzdj/SourcePackages/checkouts/GoogleUtilities
    builtin-infoPlistUtility /Users/maksimkosharny/Library/Developer/Xcode/DerivedData/FootGameScore-flklpgugjzuqjnhfjujkheubgzdj/Build/Intermediates.noindex/GoogleUtilities.build/Debug-iphonesimulator/GoogleUtilities_GoogleUtilities-Network.build/empty-GoogleUtilities_GoogleUtilities-Network.plist -producttype com.apple.product-type.bundle -expandbuildsettings -format binary -platform iphonesimulator -o /Users/maksimkosharny/Library/Developer/Xcode/DerivedData/FootGameScore-flklpgugjzuqjnhfjujkheubgzdj/Build/Products/Debug-iphonesimulator/GoogleUtilities_GoogleUtilities-Network.bundle/Info.plist

ProcessInfoPlistFile /Users/maksimkosharny/Library/Developer/Xcode/DerivedData/FootGameScore-flklpgugjzuqjnhfjujkheubgzdj/Build/Products/Debug-iphonesimulator/GoogleUtilities_GoogleUtilities-MethodSwizzler.bundle/Info.plist /Users/maksimkosharny/Library/Developer/Xcode/DerivedData/FootGameScore-flklpgugjzuqjnhfjujkheubgzdj/Build/Intermediates.noindex/GoogleUtilities.build/Debug-iphonesimulator/GoogleUtilities_GoogleUtilities-MethodSwizzler.build/empty-GoogleUtilities_GoogleUtilities-MethodSwizzler.plist (in target 'GoogleUtilities_GoogleUtilities-MethodSwizzler' from project 'GoogleUtilities')
    cd /Users/maksimkosharny/Library/Developer/Xcode/DerivedData/FootGameScore-flklpgugjzuqjnhfjujkheubgzdj/SourcePackages/checkouts/GoogleUtilities
    builtin-infoPlistUtility /Users/maksimkosharny/Library/Developer/Xcode/DerivedData/FootGameScore-flklpgugjzuqjnhfjujkheubgzdj/Build/Intermediates.noindex/GoogleUtilities.build/Debug-iphonesimulator/GoogleUtilities_GoogleUtilities-MethodSwizzler.build/empty-GoogleUtilities_GoogleUtilities-MethodSwizzler.plist -producttype com.apple.product-type.bundle -expandbuildsettings -format binary -platform iphonesimulator -o /Users/maksimkosharny/Library/Developer/Xcode/DerivedData/FootGameScore-flklpgugjzuqjnhfjujkheubgzdj/Build/Products/Debug-iphonesimulator/GoogleUtilities_GoogleUtilities-MethodSwizzler.bundle/Info.plist

ProcessInfoPlistFile /Users/maksimkosharny/Library/Developer/Xcode/DerivedData/FootGameScore-flklpgugjzuqjnhfjujkheubgzdj/Build/Products/Debug-iphonesimulator/GoogleUtilities_GoogleUtilities-Logger.bundle/Info.plist /Users/maksimkosharny/Library/Developer/Xcode/DerivedData/FootGameScore-flklpgugjzuqjnhfjujkheubgzdj/Build/Intermediates.noindex/GoogleUtilities.build/Debug-iphonesimulator/GoogleUtilities_GoogleUtilities-Logger.build/empty-GoogleUtilities_GoogleUtilities-Logger.plist (in target 'GoogleUtilities_GoogleUtilities-Logger' from project 'GoogleUtilities')
    cd /Users/maksimkosharny/Library/Developer/Xcode/DerivedData/FootGameScore-flklpgugjzuqjnhfjujkheubgzdj/SourcePackages/checkouts/GoogleUtilities
    builtin-infoPlistUtility /Users/maksimkosharny/Library/Developer/Xcode/DerivedData/FootGameScore-flklpgugjzuqjnhfjujkheubgzdj/Build/Intermediates.noindex/GoogleUtilities.build/Debug-iphonesimulator/GoogleUtilities_GoogleUtilities-Logger.build/empty-GoogleUtilities_GoogleUtilities-Logger.plist -producttype com.apple.product-type.bundle -expandbuildsettings -format binary -platform iphonesimulator -o /Users/maksimkosharny/Library/Developer/Xcode/DerivedData/FootGameScore-flklpgugjzuqjnhfjujkheubgzdj/Build/Products/Debug-iphonesimulator/GoogleUtilities_GoogleUtilities-Logger.bundle/Info.plist

ProcessInfoPlistFile /Users/maksimkosharny/Library/Developer/Xcode/DerivedData/FootGameScore-flklpgugjzuqjnhfjujkheubgzdj/Build/Products/Debug-iphonesimulator/GoogleUtilities_GoogleUtilities-Environment.bundle/Info.plist /Users/maksimkosharny/Library/Developer/Xcode/DerivedData/FootGameScore-flklpgugjzuqjnhfjujkheubgzdj/Build/Intermediates.noindex/GoogleUtilities.build/Debug-iphonesimulator/GoogleUtilities_GoogleUtilities-Environment.build/empty-GoogleUtilities_GoogleUtilities-Environment.plist (in target 'GoogleUtilities_GoogleUtilities-Environment' from project 'GoogleUtilities')
    cd /Users/maksimkosharny/Library/Developer/Xcode/DerivedData/FootGameScore-flklpgugjzuqjnhfjujkheubgzdj/SourcePackages/checkouts/GoogleUtilities
    builtin-infoPlistUtility /Users/maksimkosharny/Library/Developer/Xcode/DerivedData/FootGameScore-flklpgugjzuqjnhfjujkheubgzdj/Build/Intermediates.noindex/GoogleUtilities.build/Debug-iphonesimulator/GoogleUtilities_GoogleUtilities-Environment.build/empty-GoogleUtilities_GoogleUtilities-Environment.plist -producttype com.apple.product-type.bundle -expandbuildsettings -format binary -platform iphonesimulator -o /Users/maksimkosharny/Library/Developer/Xcode/DerivedData/FootGameScore-flklpgugjzuqjnhfjujkheubgzdj/Build/Products/Debug-iphonesimulator/GoogleUtilities_GoogleUtilities-Environment.bundle/Info.plist

ProcessInfoPlistFile /Users/maksimkosharny/Library/Developer/Xcode/DerivedData/FootGameScore-flklpgugjzuqjnhfjujkheubgzdj/Build/Products/Debug-iphonesimulator/GoogleUtilities_GoogleUtilities-AppDelegateSwizzler.bundle/Info.plist /Users/maksimkosharny/Library/Developer/Xcode/DerivedData/FootGameScore-flklpgugjzuqjnhfjujkheubgzdj/Build/Intermediates.noindex/GoogleUtilities.build/Debug-iphonesimulator/GoogleUtilities_GoogleUtilities-AppDelegateSwizzler.build/empty-GoogleUtilities_GoogleUtilities-AppDelegateSwizzler.plist (in target 'GoogleUtilities_GoogleUtilities-AppDelegateSwizzler' from project 'GoogleUtilities')
    cd /Users/maksimkosharny/Library/Developer/Xcode/DerivedData/FootGameScore-flklpgugjzuqjnhfjujkheubgzdj/SourcePackages/checkouts/GoogleUtilities
    builtin-infoPlistUtility /Users/maksimkosharny/Library/Developer/Xcode/DerivedData/FootGameScore-flklpgugjzuqjnhfjujkheubgzdj/Build/Intermediates.noindex/GoogleUtilities.build/Debug-iphonesimulator/GoogleUtilities_GoogleUtilities-AppDelegateSwizzler.build/empty-GoogleUtilities_GoogleUtilities-AppDelegateSwizzler.plist -producttype com.apple.product-type.bundle -expandbuildsettings -format binary -platform iphonesimulator -o /Users/maksimkosharny/Library/Developer/Xcode/DerivedData/FootGameScore-flklpgugjzuqjnhfjujkheubgzdj/Build/Products/Debug-iphonesimulator/GoogleUtilities_GoogleUtilities-AppDelegateSwizzler.bundle/Info.plist

ProcessInfoPlistFile /Users/maksimkosharny/Library/Developer/Xcode/DerivedData/FootGameScore-flklpgugjzuqjnhfjujkheubgzdj/Build/Products/Debug-iphonesimulator/Firebase_FirebaseInstallations.bundle/Info.plist /Users/maksimkosharny/Library/Developer/Xcode/DerivedData/FootGameScore-flklpgugjzuqjnhfjujkheubgzdj/Build/Intermediates.noindex/Firebase.build/Debug-iphonesimulator/Firebase_FirebaseInstallations.build/empty-Firebase_FirebaseInstallations.plist (in target 'Firebase_FirebaseInstallations' from project 'Firebase')
    cd /Users/maksimkosharny/Library/Developer/Xcode/DerivedData/FootGameScore-flklpgugjzuqjnhfjujkheubgzdj/SourcePackages/checkouts/firebase-ios-sdk
    builtin-infoPlistUtility /Users/maksimkosharny/Library/Developer/Xcode/DerivedData/FootGameScore-flklpgugjzuqjnhfjujkheubgzdj/Build/Intermediates.noindex/Firebase.build/Debug-iphonesimulator/Firebase_FirebaseInstallations.build/empty-Firebase_FirebaseInstallations.plist -producttype com.apple.product-type.bundle -expandbuildsettings -format binary -platform iphonesimulator -o /Users/maksimkosharny/Library/Developer/Xcode/DerivedData/FootGameScore-flklpgugjzuqjnhfjujkheubgzdj/Build/Products/Debug-iphonesimulator/Firebase_FirebaseInstallations.bundle/Info.plist

SwiftDriver FirebaseAuth normal arm64 com.apple.xcode.tools.swift.compiler (in target 'FirebaseAuth' from project 'Firebase')
    cd /Users/maksimkosharny/Desktop/Developer/FootGameScore/FootGameScore.xcodeproj
    builtin-SwiftDriver -- /Applications/Xcode.app/Contents/Developer/Toolchains/XcodeDefault.xctoolchain/usr/bin/swiftc -module-name FirebaseAuth -Onone -enforce-exclusivity\=checked @/Users/maksimkosharny/Library/Developer/Xcode/DerivedData/FootGameScore-flklpgugjzuqjnhfjujkheubgzdj/Build/Intermediates.noindex/Firebase.build/Debug-iphonesimulator/FirebaseAuth.build/Objects-normal/arm64/FirebaseAuth.SwiftFileList -DSWIFT_PACKAGE -DDEBUG -DSWIFT_MODULE_RESOURCE_BUNDLE_AVAILABLE -Xcc -fmodule-map-file\=/Users/maksimkosharny/Library/Developer/Xcode/DerivedData/FootGameScore-flklpgugjzuqjnhfjujkheubgzdj/Build/Intermediates.noindex/GeneratedModuleMaps-iphonesimulator/RecaptchaInterop.modulemap -Xcc -fmodule-map-file\=/Users/maksimkosharny/Library/Developer/Xcode/DerivedData/FootGameScore-flklpgugjzuqjnhfjujkheubgzdj/Build/Intermediates.noindex/GeneratedModuleMaps-iphonesimulator/GoogleUtilities-Network.modulemap -Xcc -fmodule-map-file\=/Users/maksimkosharny/Library/Developer/Xcode/DerivedData/FootGameScore-flklpgugjzuqjnhfjujkheubgzdj/Build/Intermediates.noindex/GeneratedModuleMaps-iphonesimulator/GoogleUtilities-Reachability.modulemap -Xcc -fmodule-map-file\=/Users/maksimkosharny/Library/Developer/Xcode/DerivedData/FootGameScore-flklpgugjzuqjnhfjujkheubgzdj/Build/Intermediates.noindex/GeneratedModuleMaps-iphonesimulator/GoogleUtilities-NSData.modulemap -Xcc -fmodule-map-file\=/Users/maksimkosharny/Library/Developer/Xcode/DerivedData/FootGameScore-flklpgugjzuqjnhfjujkheubgzdj/Build/Intermediates.noindex/GeneratedModuleMaps-iphonesimulator/GoogleUtilities-Logger.modulemap -Xcc -fmodule-map-file\=/Users/maksimkosharny/Library/Developer/Xcode/DerivedData/FootGameScore-flklpgugjzuqjnhfjujkheubgzdj/Build/Intermediates.noindex/GeneratedModuleMaps-iphonesimulator/GoogleUtilities-Environment.modulemap -Xcc -fmodule-map-file\=/Users/maksimkosharny/Library/Developer/Xcode/DerivedData/FootGameScore-flklpgugjzuqjnhfjujkheubgzdj/Build/Intermediates.noindex/GeneratedModuleMaps-iphonesimulator/third-party-IsAppEncrypted.modulemap -Xcc -fmodule-map-file\=/Users/maksimkosharny/Library/Developer/Xcode/DerivedData/FootGameScore-flklpgugjzuqjnhfjujkheubgzdj/Build/Intermediates.noindex/GeneratedModuleMaps-iphonesimulator/GoogleUtilities-AppDelegateSwizzler.modulemap -Xcc -fmodule-map-file\=/Users/maksimkosharny/Library/Developer/Xcode/DerivedData/FootGameScore-flklpgugjzuqjnhfjujkheubgzdj/Build/Intermediates.noindex/GeneratedModuleMaps-iphonesimulator/GTMSessionFetcherCore.modulemap -Xcc -fmodule-map-file\=/Users/maksimkosharny/Library/Developer/Xcode/DerivedData/FootGameScore-flklpgugjzuqjnhfjujkheubgzdj/Build/Intermediates.noindex/GeneratedModuleMaps-iphonesimulator/FirebaseCoreExtension.modulemap -Xcc -fmodule-map-file\=/Users/maksimkosharny/Library/Developer/Xcode/DerivedData/FootGameScore-flklpgugjzuqjnhfjujkheubgzdj/Build/Intermediates.noindex/GeneratedModuleMaps-iphonesimulator/FirebaseCore.modulemap -Xcc -fmodule-map-file\=/Users/maksimkosharny/Library/Developer/Xcode/DerivedData/FootGameScore-flklpgugjzuqjnhfjujkheubgzdj/Build/Intermediates.noindex/GeneratedModuleMaps-iphonesimulator/FirebaseAuthInternal.modulemap -Xcc -fmodule-map-file\=/Users/maksimkosharny/Library/Developer/Xcode/DerivedData/FootGameScore-flklpgugjzuqjnhfjujkheubgzdj/Build/Intermediates.noindex/GeneratedModuleMaps-iphonesimulator/FirebaseAuthInterop.modulemap -Xcc -fmodule-map-file\=/Users/maksimkosharny/Library/Developer/Xcode/DerivedData/FootGameScore-flklpgugjzuqjnhfjujkheubgzdj/Build/Intermediates.noindex/GeneratedModuleMaps-iphonesimulator/FirebaseAppCheckInterop.modulemap -DXcode -plugin-path /Applications/Xcode.app/Contents/Developer/Toolchains/XcodeDefault.xctoolchain/usr/lib/swift/host/plugins/testing -enable-experimental-feature DebugDescriptionMacro -sdk /Applications/Xcode.app/Contents/Developer/Platforms/iPhoneSimulator.platform/Developer/SDKs/iPhoneSimulator26.2.sdk -target arm64-apple-ios15.0-simulator -g -module-cache-path /Users/maksimkosharny/Library/Developer/Xcode/DerivedData/ModuleCache.noindex -Xfrontend -serialize-debugging-options -enable-testing -suppress-warnings -index-store-path /Users/maksimkosharny/Library/Developer/Xcode/DerivedData/FootGameScore-flklpgugjzuqjnhfjujkheubgzdj/Index.noindex/DataStore -Xcc -D_LIBCPP_HARDENING_MODE\=_LIBCPP_HARDENING_MODE_DEBUG -swift-version 5 -I /Users/maksimkosharny/Library/Developer/Xcode/DerivedData/FootGameScore-flklpgugjzuqjnhfjujkheubgzdj/Build/Products/Debug-iphonesimulator -Isystem /Applications/Xcode.app/Contents/Developer/Platforms/iPhoneSimulator.platform/Developer/usr/lib -F /Users/maksimkosharny/Library/Developer/Xcode/DerivedData/FootGameScore-flklpgugjzuqjnhfjujkheubgzdj/Build/Products/Debug-iphonesimulator/PackageFrameworks -F /Users/maksimkosharny/Library/Developer/Xcode/DerivedData/FootGameScore-flklpgugjzuqjnhfjujkheubgzdj/Build/Products/Debug-iphonesimulator/PackageFrameworks -F /Users/maksimkosharny/Library/Developer/Xcode/DerivedData/FootGameScore-flklpgugjzuqjnhfjujkheubgzdj/Build/Products/Debug-iphonesimulator/PackageFrameworks -F /Users/maksimkosharny/Library/Developer/Xcode/DerivedData/FootGameScore-flklpgugjzuqjnhfjujkheubgzdj/Build/Products/Debug-iphonesimulator/PackageFrameworks -F /Users/maksimkosharny/Library/Developer/Xcode/DerivedData/FootGameScore-flklpgugjzuqjnhfjujkheubgzdj/Build/Products/Debug-iphonesimulator/PackageFrameworks -F /Users/maksimkosharny/Library/Developer/Xcode/DerivedData/FootGameScore-flklpgugjzuqjnhfjujkheubgzdj/Build/Products/Debug-iphonesimulator/PackageFrameworks -F /Users/maksimkosharny/Library/Developer/Xcode/DerivedData/FootGameScore-flklpgugjzuqjnhfjujkheubgzdj/Build/Products/Debug-iphonesimulator/PackageFrameworks -F /Users/maksimkosharny/Library/Developer/Xcode/DerivedData/FootGameScore-flklpgugjzuqjnhfjujkheubgzdj/Build/Products/Debug-iphonesimulator/PackageFrameworks -F /Users/maksimkosharny/Library/Developer/Xcode/DerivedData/FootGameScore-flklpgugjzuqjnhfjujkheubgzdj/Build/Products/Debug-iphonesimulator/PackageFrameworks -F /Users/maksimkosharny/Library/Developer/Xcode/DerivedData/FootGameScore-flklpgugjzuqjnhfjujkheubgzdj/Build/Products/Debug-iphonesimulator/PackageFrameworks -F /Users/maksimkosharny/Library/Developer/Xcode/DerivedData/FootGameScore-flklpgugjzuqjnhfjujkheubgzdj/Build/Products/Debug-iphonesimulator/PackageFrameworks -F /Users/maksimkosharny/Library/Developer/Xcode/DerivedData/FootGameScore-flklpgugjzuqjnhfjujkheubgzdj/Build/Products/Debug-iphonesimulator/PackageFrameworks -F /Users/maksimkosharny/Library/Developer/Xcode/DerivedData/FootGameScore-flklpgugjzuqjnhfjujkheubgzdj/Build/Products/Debug-iphonesimulator/PackageFrameworks -F /Users/maksimkosharny/Library/Developer/Xcode/DerivedData/FootGameScore-flklpgugjzuqjnhfjujkheubgzdj/Build/Products/Debug-iphonesimulator/PackageFrameworks -F /Users/maksimkosharny/Library/Developer/Xcode/DerivedData/FootGameScore-flklpgugjzuqjnhfjujkheubgzdj/Build/Products/Debug-iphonesimulator/PackageFrameworks -F /Users/maksimkosharny/Library/Developer/Xcode/DerivedData/FootGameScore-flklpgugjzuqjnhfjujkheubgzdj/Build/Products/Debug-iphonesimulator/PackageFrameworks -F /Users/maksimkosharny/Library/Developer/Xcode/DerivedData/FootGameScore-flklpgugjzuqjnhfjujkheubgzdj/Build/Products/Debug-iphonesimulator -F /Applications/Xcode.app/Contents/Developer/Platforms/iPhoneSimulator.platform/Developer/Library/Frameworks -F /Applications/Xcode.app/Contents/Developer/Platforms/iPhoneSimulator.platform/Developer/SDKs/iPhoneSimulator26.2.sdk/Developer/Library/Frameworks -c -j8 -enable-batch-mode -incremental -Xcc -ivfsstatcache -Xcc /Users/maksimkosharny/Library/Developer/Xcode/DerivedData/SDKStatCaches.noindex/iphonesimulator26.2-23C53-7d00a8b37fbd7999ea79df8ebc024bf0.sdkstatcache -output-file-map /Users/maksimkosharny/Library/Developer/Xcode/DerivedData/FootGameScore-flklpgugjzuqjnhfjujkheubgzdj/Build/Intermediates.noindex/Firebase.build/Debug-iphonesimulator/FirebaseAuth.build/Objects-normal/arm64/FirebaseAuth-OutputFileMap.json -use-frontend-parseable-output -save-temps -no-color-diagnostics -explicit-module-build -module-cache-path /Users/maksimkosharny/Library/Developer/Xcode/DerivedData/FootGameScore-flklpgugjzuqjnhfjujkheubgzdj/Build/Intermediates.noindex/SwiftExplicitPrecompiledModules -clang-scanner-module-cache-path /Users/maksimkosharny/Library/Developer/Xcode/DerivedData/ModuleCache.noindex -sdk-module-cache-path /Users/maksimkosharny/Library/Developer/Xcode/DerivedData/ModuleCache.noindex -serialize-diagnostics -emit-dependencies -emit-module -emit-module-path /Users/maksimkosharny/Library/Developer/Xcode/DerivedData/FootGameScore-flklpgugjzuqjnhfjujkheubgzdj/Build/Intermediates.noindex/Firebase.build/Debug-iphonesimulator/FirebaseAuth.build/Objects-normal/arm64/FirebaseAuth.swiftmodule -user-module-version 12.9.0 -validate-clang-modules-once -clang-build-session-file /Users/maksimkosharny/Library/Developer/Xcode/DerivedData/ModuleCache.noindex/Session.modulevalidation -package-name firebase_ios_sdk -Xcc -I/Users/maksimkosharny/Library/Developer/Xcode/DerivedData/FootGameScore-flklpgugjzuqjnhfjujkheubgzdj/Build/Intermediates.noindex/Firebase.build/Debug-iphonesimulator/FirebaseAuth.build/swift-overrides.hmap -emit-const-values -Xfrontend -const-gather-protocols-file -Xfrontend /Users/maksimkosharny/Library/Developer/Xcode/DerivedData/FootGameScore-flklpgugjzuqjnhfjujkheubgzdj/Build/Intermediates.noindex/Firebase.build/Debug-iphonesimulator/FirebaseAuth.build/Objects-normal/arm64/FirebaseAuth_const_extract_protocols.json -Xcc -I/Users/maksimkosharny/Library/Developer/Xcode/DerivedData/FootGameScore-flklpgugjzuqjnhfjujkheubgzdj/SourcePackages/checkouts/interop-ios-for-google-sdks/RecaptchaEnterprise/RecaptchaInterop/Public -Xcc -I/Users/maksimkosharny/Library/Developer/Xcode/DerivedData/FootGameScore-flklpgugjzuqjnhfjujkheubgzdj/SourcePackages/checkouts/GoogleUtilities/GoogleUtilities/Network/Public -Xcc -I/Users/maksimkosharny/Library/Developer/Xcode/DerivedData/FootGameScore-flklpgugjzuqjnhfjujkheubgzdj/SourcePackages/checkouts/GoogleUtilities/GoogleUtilities/Reachability/Public -Xcc -I/Users/maksimkosharny/Library/Developer/Xcode/DerivedData/FootGameScore-flklpgugjzuqjnhfjujkheubgzdj/SourcePackages/checkouts/GoogleUtilities/GoogleUtilities/NSData+zlib/Public -Xcc -I/Users/maksimkosharny/Library/Developer/Xcode/DerivedData/FootGameScore-flklpgugjzuqjnhfjujkheubgzdj/SourcePackages/checkouts/GoogleUtilities/GoogleUtilities/Logger/Public -Xcc -I/Users/maksimkosharny/Library/Developer/Xcode/DerivedData/FootGameScore-flklpgugjzuqjnhfjujkheubgzdj/SourcePackages/checkouts/GoogleUtilities/GoogleUtilities/Environment/Public -Xcc -I/Users/maksimkosharny/Library/Developer/Xcode/DerivedData/FootGameScore-flklpgugjzuqjnhfjujkheubgzdj/SourcePackages/checkouts/GoogleUtilities/third_party/IsAppEncrypted/Public -Xcc -I/Users/maksimkosharny/Library/Developer/Xcode/DerivedData/FootGameScore-flklpgugjzuqjnhfjujkheubgzdj/SourcePackages/checkouts/GoogleUtilities/GoogleUtilities/AppDelegateSwizzler/Public -Xcc -I/Users/maksimkosharny/Library/Developer/Xcode/DerivedData/FootGameScore-flklpgugjzuqjnhfjujkheubgzdj/SourcePackages/checkouts/gtm-session-fetcher/Sources/Core/Public -Xcc -I/Users/maksimkosharny/Library/Developer/Xcode/DerivedData/FootGameScore-flklpgugjzuqjnhfjujkheubgzdj/SourcePackages/checkouts/firebase-ios-sdk/FirebaseCore/Extension -Xcc -I/Users/maksimkosharny/Library/Developer/Xcode/DerivedData/FootGameScore-flklpgugjzuqjnhfjujkheubgzdj/SourcePackages/checkouts/firebase-ios-sdk/FirebaseCore/Sources/Public -Xcc -I/Users/maksimkosharny/Library/Developer/Xcode/DerivedData/FootGameScore-flklpgugjzuqjnhfjujkheubgzdj/SourcePackages/checkouts/firebase-ios-sdk/CoreOnly/Sources -Xcc -I/Users/maksimkosharny/Library/Developer/Xcode/DerivedData/FootGameScore-flklpgugjzuqjnhfjujkheubgzdj/SourcePackages/checkouts/firebase-ios-sdk/FirebaseAuth/Sources/Public -Xcc -I/Users/maksimkosharny/Library/Developer/Xcode/DerivedData/FootGameScore-flklpgugjzuqjnhfjujkheubgzdj/SourcePackages/checkouts/firebase-ios-sdk/FirebaseAuth/Interop/Public -Xcc -I/Users/maksimkosharny/Library/Developer/Xcode/DerivedData/FootGameScore-flklpgugjzuqjnhfjujkheubgzdj/SourcePackages/checkouts/firebase-ios-sdk/FirebaseAppCheck/Interop/Public -Xcc -I/Users/maksimkosharny/Library/Developer/Xcode/DerivedData/FootGameScore-flklpgugjzuqjnhfjujkheubgzdj/Build/Products/Debug-iphonesimulator/include -Xcc -I/Users/maksimkosharny/Library/Developer/Xcode/DerivedData/FootGameScore-flklpgugjzuqjnhfjujkheubgzdj/Build/Intermediates.noindex/Firebase.build/Debug-iphonesimulator/FirebaseAuth.build/DerivedSources-normal/arm64 -Xcc -I/Users/maksimkosharny/Library/Developer/Xcode/DerivedData/FootGameScore-flklpgugjzuqjnhfjujkheubgzdj/Build/Intermediates.noindex/Firebase.build/Debug-iphonesimulator/FirebaseAuth.build/DerivedSources/arm64 -Xcc -I/Users/maksimkosharny/Library/Developer/Xcode/DerivedData/FootGameScore-flklpgugjzuqjnhfjujkheubgzdj/Build/Intermediates.noindex/Firebase.build/Debug-iphonesimulator/FirebaseAuth.build/DerivedSources -Xcc -DSWIFT_PACKAGE -Xcc -DDEBUG\=1 -emit-objc-header -emit-objc-header-path /Users/maksimkosharny/Library/Developer/Xcode/DerivedData/FootGameScore-flklpgugjzuqjnhfjujkheubgzdj/Build/Intermediates.noindex/Firebase.build/Debug-iphonesimulator/FirebaseAuth.build/Objects-normal/arm64/FirebaseAuth-Swift.h -working-directory /Users/maksimkosharny/Desktop/Developer/FootGameScore/FootGameScore.xcodeproj -experimental-emit-module-separately -disable-cmo

SwiftDriver\ Compilation\ Requirements FirebaseAuth normal arm64 com.apple.xcode.tools.swift.compiler (in target 'FirebaseAuth' from project 'Firebase')
    cd /Users/maksimkosharny/Desktop/Developer/FootGameScore/FootGameScore.xcodeproj
    builtin-Swift-Compilation-Requirements -- /Applications/Xcode.app/Contents/Developer/Toolchains/XcodeDefault.xctoolchain/usr/bin/swiftc -module-name FirebaseAuth -Onone -enforce-exclusivity\=checked @/Users/maksimkosharny/Library/Developer/Xcode/DerivedData/FootGameScore-flklpgugjzuqjnhfjujkheubgzdj/Build/Intermediates.noindex/Firebase.build/Debug-iphonesimulator/FirebaseAuth.build/Objects-normal/arm64/FirebaseAuth.SwiftFileList -DSWIFT_PACKAGE -DDEBUG -DSWIFT_MODULE_RESOURCE_BUNDLE_AVAILABLE -Xcc -fmodule-map-file\=/Users/maksimkosharny/Library/Developer/Xcode/DerivedData/FootGameScore-flklpgugjzuqjnhfjujkheubgzdj/Build/Intermediates.noindex/GeneratedModuleMaps-iphonesimulator/RecaptchaInterop.modulemap -Xcc -fmodule-map-file\=/Users/maksimkosharny/Library/Developer/Xcode/DerivedData/FootGameScore-flklpgugjzuqjnhfjujkheubgzdj/Build/Intermediates.noindex/GeneratedModuleMaps-iphonesimulator/GoogleUtilities-Network.modulemap -Xcc -fmodule-map-file\=/Users/maksimkosharny/Library/Developer/Xcode/DerivedData/FootGameScore-flklpgugjzuqjnhfjujkheubgzdj/Build/Intermediates.noindex/GeneratedModuleMaps-iphonesimulator/GoogleUtilities-Reachability.modulemap -Xcc -fmodule-map-file\=/Users/maksimkosharny/Library/Developer/Xcode/DerivedData/FootGameScore-flklpgugjzuqjnhfjujkheubgzdj/Build/Intermediates.noindex/GeneratedModuleMaps-iphonesimulator/GoogleUtilities-NSData.modulemap -Xcc -fmodule-map-file\=/Users/maksimkosharny/Library/Developer/Xcode/DerivedData/FootGameScore-flklpgugjzuqjnhfjujkheubgzdj/Build/Intermediates.noindex/GeneratedModuleMaps-iphonesimulator/GoogleUtilities-Logger.modulemap -Xcc -fmodule-map-file\=/Users/maksimkosharny/Library/Developer/Xcode/DerivedData/FootGameScore-flklpgugjzuqjnhfjujkheubgzdj/Build/Intermediates.noindex/GeneratedModuleMaps-iphonesimulator/GoogleUtilities-Environment.modulemap -Xcc -fmodule-map-file\=/Users/maksimkosharny/Library/Developer/Xcode/DerivedData/FootGameScore-flklpgugjzuqjnhfjujkheubgzdj/Build/Intermediates.noindex/GeneratedModuleMaps-iphonesimulator/third-party-IsAppEncrypted.modulemap -Xcc -fmodule-map-file\=/Users/maksimkosharny/Library/Developer/Xcode/DerivedData/FootGameScore-flklpgugjzuqjnhfjujkheubgzdj/Build/Intermediates.noindex/GeneratedModuleMaps-iphonesimulator/GoogleUtilities-AppDelegateSwizzler.modulemap -Xcc -fmodule-map-file\=/Users/maksimkosharny/Library/Developer/Xcode/DerivedData/FootGameScore-flklpgugjzuqjnhfjujkheubgzdj/Build/Intermediates.noindex/GeneratedModuleMaps-iphonesimulator/GTMSessionFetcherCore.modulemap -Xcc -fmodule-map-file\=/Users/maksimkosharny/Library/Developer/Xcode/DerivedData/FootGameScore-flklpgugjzuqjnhfjujkheubgzdj/Build/Intermediates.noindex/GeneratedModuleMaps-iphonesimulator/FirebaseCoreExtension.modulemap -Xcc -fmodule-map-file\=/Users/maksimkosharny/Library/Developer/Xcode/DerivedData/FootGameScore-flklpgugjzuqjnhfjujkheubgzdj/Build/Intermediates.noindex/GeneratedModuleMaps-iphonesimulator/FirebaseCore.modulemap -Xcc -fmodule-map-file\=/Users/maksimkosharny/Library/Developer/Xcode/DerivedData/FootGameScore-flklpgugjzuqjnhfjujkheubgzdj/Build/Intermediates.noindex/GeneratedModuleMaps-iphonesimulator/FirebaseAuthInternal.modulemap -Xcc -fmodule-map-file\=/Users/maksimkosharny/Library/Developer/Xcode/DerivedData/FootGameScore-flklpgugjzuqjnhfjujkheubgzdj/Build/Intermediates.noindex/GeneratedModuleMaps-iphonesimulator/FirebaseAuthInterop.modulemap -Xcc -fmodule-map-file\=/Users/maksimkosharny/Library/Developer/Xcode/DerivedData/FootGameScore-flklpgugjzuqjnhfjujkheubgzdj/Build/Intermediates.noindex/GeneratedModuleMaps-iphonesimulator/FirebaseAppCheckInterop.modulemap -DXcode -plugin-path /Applications/Xcode.app/Contents/Developer/Toolchains/XcodeDefault.xctoolchain/usr/lib/swift/host/plugins/testing -enable-experimental-feature DebugDescriptionMacro -sdk /Applications/Xcode.app/Contents/Developer/Platforms/iPhoneSimulator.platform/Developer/SDKs/iPhoneSimulator26.2.sdk -target arm64-apple-ios15.0-simulator -g -module-cache-path /Users/maksimkosharny/Library/Developer/Xcode/DerivedData/ModuleCache.noindex -Xfrontend -serialize-debugging-options -enable-testing -suppress-warnings -index-store-path /Users/maksimkosharny/Library/Developer/Xcode/DerivedData/FootGameScore-flklpgugjzuqjnhfjujkheubgzdj/Index.noindex/DataStore -Xcc -D_LIBCPP_HARDENING_MODE\=_LIBCPP_HARDENING_MODE_DEBUG -swift-version 5 -I /Users/maksimkosharny/Library/Developer/Xcode/DerivedData/FootGameScore-flklpgugjzuqjnhfjujkheubgzdj/Build/Products/Debug-iphonesimulator -Isystem /Applications/Xcode.app/Contents/Developer/Platforms/iPhoneSimulator.platform/Developer/usr/lib -F /Users/maksimkosharny/Library/Developer/Xcode/DerivedData/FootGameScore-flklpgugjzuqjnhfjujkheubgzdj/Build/Products/Debug-iphonesimulator/PackageFrameworks -F /Users/maksimkosharny/Library/Developer/Xcode/DerivedData/FootGameScore-flklpgugjzuqjnhfjujkheubgzdj/Build/Products/Debug-iphonesimulator/PackageFrameworks -F /Users/maksimkosharny/Library/Developer/Xcode/DerivedData/FootGameScore-flklpgugjzuqjnhfjujkheubgzdj/Build/Products/Debug-iphonesimulator/PackageFrameworks -F /Users/maksimkosharny/Library/Developer/Xcode/DerivedData/FootGameScore-flklpgugjzuqjnhfjujkheubgzdj/Build/Products/Debug-iphonesimulator/PackageFrameworks -F /Users/maksimkosharny/Library/Developer/Xcode/DerivedData/FootGameScore-flklpgugjzuqjnhfjujkheubgzdj/Build/Products/Debug-iphonesimulator/PackageFrameworks -F /Users/maksimkosharny/Library/Developer/Xcode/DerivedData/FootGameScore-flklpgugjzuqjnhfjujkheubgzdj/Build/Products/Debug-iphonesimulator/PackageFrameworks -F /Users/maksimkosharny/Library/Developer/Xcode/DerivedData/FootGameScore-flklpgugjzuqjnhfjujkheubgzdj/Build/Products/Debug-iphonesimulator/PackageFrameworks -F /Users/maksimkosharny/Library/Developer/Xcode/DerivedData/FootGameScore-flklpgugjzuqjnhfjujkheubgzdj/Build/Products/Debug-iphonesimulator/PackageFrameworks -F /Users/maksimkosharny/Library/Developer/Xcode/DerivedData/FootGameScore-flklpgugjzuqjnhfjujkheubgzdj/Build/Products/Debug-iphonesimulator/PackageFrameworks -F /Users/maksimkosharny/Library/Developer/Xcode/DerivedData/FootGameScore-flklpgugjzuqjnhfjujkheubgzdj/Build/Products/Debug-iphonesimulator/PackageFrameworks -F /Users/maksimkosharny/Library/Developer/Xcode/DerivedData/FootGameScore-flklpgugjzuqjnhfjujkheubgzdj/Build/Products/Debug-iphonesimulator/PackageFrameworks -F /Users/maksimkosharny/Library/Developer/Xcode/DerivedData/FootGameScore-flklpgugjzuqjnhfjujkheubgzdj/Build/Products/Debug-iphonesimulator/PackageFrameworks -F /Users/maksimkosharny/Library/Developer/Xcode/DerivedData/FootGameScore-flklpgugjzuqjnhfjujkheubgzdj/Build/Products/Debug-iphonesimulator/PackageFrameworks -F /Users/maksimkosharny/Library/Developer/Xcode/DerivedData/FootGameScore-flklpgugjzuqjnhfjujkheubgzdj/Build/Products/Debug-iphonesimulator/PackageFrameworks -F /Users/maksimkosharny/Library/Developer/Xcode/DerivedData/FootGameScore-flklpgugjzuqjnhfjujkheubgzdj/Build/Products/Debug-iphonesimulator/PackageFrameworks -F /Users/maksimkosharny/Library/Developer/Xcode/DerivedData/FootGameScore-flklpgugjzuqjnhfjujkheubgzdj/Build/Products/Debug-iphonesimulator/PackageFrameworks -F /Users/maksimkosharny/Library/Developer/Xcode/DerivedData/FootGameScore-flklpgugjzuqjnhfjujkheubgzdj/Build/Products/Debug-iphonesimulator -F /Applications/Xcode.app/Contents/Developer/Platforms/iPhoneSimulator.platform/Developer/Library/Frameworks -F /Applications/Xcode.app/Contents/Developer/Platforms/iPhoneSimulator.platform/Developer/SDKs/iPhoneSimulator26.2.sdk/Developer/Library/Frameworks -c -j8 -enable-batch-mode -incremental -Xcc -ivfsstatcache -Xcc /Users/maksimkosharny/Library/Developer/Xcode/DerivedData/SDKStatCaches.noindex/iphonesimulator26.2-23C53-7d00a8b37fbd7999ea79df8ebc024bf0.sdkstatcache -output-file-map /Users/maksimkosharny/Library/Developer/Xcode/DerivedData/FootGameScore-flklpgugjzuqjnhfjujkheubgzdj/Build/Intermediates.noindex/Firebase.build/Debug-iphonesimulator/FirebaseAuth.build/Objects-normal/arm64/FirebaseAuth-OutputFileMap.json -use-frontend-parseable-output -save-temps -no-color-diagnostics -explicit-module-build -module-cache-path /Users/maksimkosharny/Library/Developer/Xcode/DerivedData/FootGameScore-flklpgugjzuqjnhfjujkheubgzdj/Build/Intermediates.noindex/SwiftExplicitPrecompiledModules -clang-scanner-module-cache-path /Users/maksimkosharny/Library/Developer/Xcode/DerivedData/ModuleCache.noindex -sdk-module-cache-path /Users/maksimkosharny/Library/Developer/Xcode/DerivedData/ModuleCache.noindex -serialize-diagnostics -emit-dependencies -emit-module -emit-module-path /Users/maksimkosharny/Library/Developer/Xcode/DerivedData/FootGameScore-flklpgugjzuqjnhfjujkheubgzdj/Build/Intermediates.noindex/Firebase.build/Debug-iphonesimulator/FirebaseAuth.build/Objects-normal/arm64/FirebaseAuth.swiftmodule -user-module-version 12.9.0 -validate-clang-modules-once -clang-build-session-file /Users/maksimkosharny/Library/Developer/Xcode/DerivedData/ModuleCache.noindex/Session.modulevalidation -package-name firebase_ios_sdk -Xcc -I/Users/maksimkosharny/Library/Developer/Xcode/DerivedData/FootGameScore-flklpgugjzuqjnhfjujkheubgzdj/Build/Intermediates.noindex/Firebase.build/Debug-iphonesimulator/FirebaseAuth.build/swift-overrides.hmap -emit-const-values -Xfrontend -const-gather-protocols-file -Xfrontend /Users/maksimkosharny/Library/Developer/Xcode/DerivedData/FootGameScore-flklpgugjzuqjnhfjujkheubgzdj/Build/Intermediates.noindex/Firebase.build/Debug-iphonesimulator/FirebaseAuth.build/Objects-normal/arm64/FirebaseAuth_const_extract_protocols.json -Xcc -I/Users/maksimkosharny/Library/Developer/Xcode/DerivedData/FootGameScore-flklpgugjzuqjnhfjujkheubgzdj/SourcePackages/checkouts/interop-ios-for-google-sdks/RecaptchaEnterprise/RecaptchaInterop/Public -Xcc -I/Users/maksimkosharny/Library/Developer/Xcode/DerivedData/FootGameScore-flklpgugjzuqjnhfjujkheubgzdj/SourcePackages/checkouts/GoogleUtilities/GoogleUtilities/Network/Public -Xcc -I/Users/maksimkosharny/Library/Developer/Xcode/DerivedData/FootGameScore-flklpgugjzuqjnhfjujkheubgzdj/SourcePackages/checkouts/GoogleUtilities/GoogleUtilities/Reachability/Public -Xcc -I/Users/maksimkosharny/Library/Developer/Xcode/DerivedData/FootGameScore-flklpgugjzuqjnhfjujkheubgzdj/SourcePackages/checkouts/GoogleUtilities/GoogleUtilities/NSData+zlib/Public -Xcc -I/Users/maksimkosharny/Library/Developer/Xcode/DerivedData/FootGameScore-flklpgugjzuqjnhfjujkheubgzdj/SourcePackages/checkouts/GoogleUtilities/GoogleUtilities/Logger/Public -Xcc -I/Users/maksimkosharny/Library/Developer/Xcode/DerivedData/FootGameScore-flklpgugjzuqjnhfjujkheubgzdj/SourcePackages/checkouts/GoogleUtilities/GoogleUtilities/Environment/Public -Xcc -I/Users/maksimkosharny/Library/Developer/Xcode/DerivedData/FootGameScore-flklpgugjzuqjnhfjujkheubgzdj/SourcePackages/checkouts/GoogleUtilities/third_party/IsAppEncrypted/Public -Xcc -I/Users/maksimkosharny/Library/Developer/Xcode/DerivedData/FootGameScore-flklpgugjzuqjnhfjujkheubgzdj/SourcePackages/checkouts/GoogleUtilities/GoogleUtilities/AppDelegateSwizzler/Public -Xcc -I/Users/maksimkosharny/Library/Developer/Xcode/DerivedData/FootGameScore-flklpgugjzuqjnhfjujkheubgzdj/SourcePackages/checkouts/gtm-session-fetcher/Sources/Core/Public -Xcc -I/Users/maksimkosharny/Library/Developer/Xcode/DerivedData/FootGameScore-flklpgugjzuqjnhfjujkheubgzdj/SourcePackages/checkouts/firebase-ios-sdk/FirebaseCore/Extension -Xcc -I/Users/maksimkosharny/Library/Developer/Xcode/DerivedData/FootGameScore-flklpgugjzuqjnhfjujkheubgzdj/SourcePackages/checkouts/firebase-ios-sdk/FirebaseCore/Sources/Public -Xcc -I/Users/maksimkosharny/Library/Developer/Xcode/DerivedData/FootGameScore-flklpgugjzuqjnhfjujkheubgzdj/SourcePackages/checkouts/firebase-ios-sdk/CoreOnly/Sources -Xcc -I/Users/maksimkosharny/Library/Developer/Xcode/DerivedData/FootGameScore-flklpgugjzuqjnhfjujkheubgzdj/SourcePackages/checkouts/firebase-ios-sdk/FirebaseAuth/Sources/Public -Xcc -I/Users/maksimkosharny/Library/Developer/Xcode/DerivedData/FootGameScore-flklpgugjzuqjnhfjujkheubgzdj/SourcePackages/checkouts/firebase-ios-sdk/FirebaseAuth/Interop/Public -Xcc -I/Users/maksimkosharny/Library/Developer/Xcode/DerivedData/FootGameScore-flklpgugjzuqjnhfjujkheubgzdj/SourcePackages/checkouts/firebase-ios-sdk/FirebaseAppCheck/Interop/Public -Xcc -I/Users/maksimkosharny/Library/Developer/Xcode/DerivedData/FootGameScore-flklpgugjzuqjnhfjujkheubgzdj/Build/Products/Debug-iphonesimulator/include -Xcc -I/Users/maksimkosharny/Library/Developer/Xcode/DerivedData/FootGameScore-flklpgugjzuqjnhfjujkheubgzdj/Build/Intermediates.noindex/Firebase.build/Debug-iphonesimulator/FirebaseAuth.build/DerivedSources-normal/arm64 -Xcc -I/Users/maksimkosharny/Library/Developer/Xcode/DerivedData/FootGameScore-flklpgugjzuqjnhfjujkheubgzdj/Build/Intermediates.noindex/Firebase.build/Debug-iphonesimulator/FirebaseAuth.build/DerivedSources/arm64 -Xcc -I/Users/maksimkosharny/Library/Developer/Xcode/DerivedData/FootGameScore-flklpgugjzuqjnhfjujkheubgzdj/Build/Intermediates.noindex/Firebase.build/Debug-iphonesimulator/FirebaseAuth.build/DerivedSources -Xcc -DSWIFT_PACKAGE -Xcc -DDEBUG\=1 -emit-objc-header -emit-objc-header-path /Users/maksimkosharny/Library/Developer/Xcode/DerivedData/FootGameScore-flklpgugjzuqjnhfjujkheubgzdj/Build/Intermediates.noindex/Firebase.build/Debug-iphonesimulator/FirebaseAuth.build/Objects-normal/arm64/FirebaseAuth-Swift.h -working-directory /Users/maksimkosharny/Desktop/Developer/FootGameScore/FootGameScore.xcodeproj -experimental-emit-module-separately -disable-cmo

SwiftDriver\ Compilation FirebaseAuth normal arm64 com.apple.xcode.tools.swift.compiler (in target 'FirebaseAuth' from project 'Firebase')
    cd /Users/maksimkosharny/Desktop/Developer/FootGameScore/FootGameScore.xcodeproj
    builtin-Swift-Compilation -- /Applications/Xcode.app/Contents/Developer/Toolchains/XcodeDefault.xctoolchain/usr/bin/swiftc -module-name FirebaseAuth -Onone -enforce-exclusivity\=checked @/Users/maksimkosharny/Library/Developer/Xcode/DerivedData/FootGameScore-flklpgugjzuqjnhfjujkheubgzdj/Build/Intermediates.noindex/Firebase.build/Debug-iphonesimulator/FirebaseAuth.build/Objects-normal/arm64/FirebaseAuth.SwiftFileList -DSWIFT_PACKAGE -DDEBUG -DSWIFT_MODULE_RESOURCE_BUNDLE_AVAILABLE -Xcc -fmodule-map-file\=/Users/maksimkosharny/Library/Developer/Xcode/DerivedData/FootGameScore-flklpgugjzuqjnhfjujkheubgzdj/Build/Intermediates.noindex/GeneratedModuleMaps-iphonesimulator/RecaptchaInterop.modulemap -Xcc -fmodule-map-file\=/Users/maksimkosharny/Library/Developer/Xcode/DerivedData/FootGameScore-flklpgugjzuqjnhfjujkheubgzdj/Build/Intermediates.noindex/GeneratedModuleMaps-iphonesimulator/GoogleUtilities-Network.modulemap -Xcc -fmodule-map-file\=/Users/maksimkosharny/Library/Developer/Xcode/DerivedData/FootGameScore-flklpgugjzuqjnhfjujkheubgzdj/Build/Intermediates.noindex/GeneratedModuleMaps-iphonesimulator/GoogleUtilities-Reachability.modulemap -Xcc -fmodule-map-file\=/Users/maksimkosharny/Library/Developer/Xcode/DerivedData/FootGameScore-flklpgugjzuqjnhfjujkheubgzdj/Build/Intermediates.noindex/GeneratedModuleMaps-iphonesimulator/GoogleUtilities-NSData.modulemap -Xcc -fmodule-map-file\=/Users/maksimkosharny/Library/Developer/Xcode/DerivedData/FootGameScore-flklpgugjzuqjnhfjujkheubgzdj/Build/Intermediates.noindex/GeneratedModuleMaps-iphonesimulator/GoogleUtilities-Logger.modulemap -Xcc -fmodule-map-file\=/Users/maksimkosharny/Library/Developer/Xcode/DerivedData/FootGameScore-flklpgugjzuqjnhfjujkheubgzdj/Build/Intermediates.noindex/GeneratedModuleMaps-iphonesimulator/GoogleUtilities-Environment.modulemap -Xcc -fmodule-map-file\=/Users/maksimkosharny/Library/Developer/Xcode/DerivedData/FootGameScore-flklpgugjzuqjnhfjujkheubgzdj/Build/Intermediates.noindex/GeneratedModuleMaps-iphonesimulator/third-party-IsAppEncrypted.modulemap -Xcc -fmodule-map-file\=/Users/maksimkosharny/Library/Developer/Xcode/DerivedData/FootGameScore-flklpgugjzuqjnhfjujkheubgzdj/Build/Intermediates.noindex/GeneratedModuleMaps-iphonesimulator/GoogleUtilities-AppDelegateSwizzler.modulemap -Xcc -fmodule-map-file\=/Users/maksimkosharny/Library/Developer/Xcode/DerivedData/FootGameScore-flklpgugjzuqjnhfjujkheubgzdj/Build/Intermediates.noindex/GeneratedModuleMaps-iphonesimulator/GTMSessionFetcherCore.modulemap -Xcc -fmodule-map-file\=/Users/maksimkosharny/Library/Developer/Xcode/DerivedData/FootGameScore-flklpgugjzuqjnhfjujkheubgzdj/Build/Intermediates.noindex/GeneratedModuleMaps-iphonesimulator/FirebaseCoreExtension.modulemap -Xcc -fmodule-map-file\=/Users/maksimkosharny/Library/Developer/Xcode/DerivedData/FootGameScore-flklpgugjzuqjnhfjujkheubgzdj/Build/Intermediates.noindex/GeneratedModuleMaps-iphonesimulator/FirebaseCore.modulemap -Xcc -fmodule-map-file\=/Users/maksimkosharny/Library/Developer/Xcode/DerivedData/FootGameScore-flklpgugjzuqjnhfjujkheubgzdj/Build/Intermediates.noindex/GeneratedModuleMaps-iphonesimulator/FirebaseAuthInternal.modulemap -Xcc -fmodule-map-file\=/Users/maksimkosharny/Library/Developer/Xcode/DerivedData/FootGameScore-flklpgugjzuqjnhfjujkheubgzdj/Build/Intermediates.noindex/GeneratedModuleMaps-iphonesimulator/FirebaseAuthInterop.modulemap -Xcc -fmodule-map-file\=/Users/maksimkosharny/Library/Developer/Xcode/DerivedData/FootGameScore-flklpgugjzuqjnhfjujkheubgzdj/Build/Intermediates.noindex/GeneratedModuleMaps-iphonesimulator/FirebaseAppCheckInterop.modulemap -DXcode -plugin-path /Applications/Xcode.app/Contents/Developer/Toolchains/XcodeDefault.xctoolchain/usr/lib/swift/host/plugins/testing -enable-experimental-feature DebugDescriptionMacro -sdk /Applications/Xcode.app/Contents/Developer/Platforms/iPhoneSimulator.platform/Developer/SDKs/iPhoneSimulator26.2.sdk -target arm64-apple-ios15.0-simulator -g -module-cache-path /Users/maksimkosharny/Library/Developer/Xcode/DerivedData/ModuleCache.noindex -Xfrontend -serialize-debugging-options -enable-testing -suppress-warnings -index-store-path /Users/maksimkosharny/Library/Developer/Xcode/DerivedData/FootGameScore-flklpgugjzuqjnhfjujkheubgzdj/Index.noindex/DataStore -Xcc -D_LIBCPP_HARDENING_MODE\=_LIBCPP_HARDENING_MODE_DEBUG -swift-version 5 -I /Users/maksimkosharny/Library/Developer/Xcode/DerivedData/FootGameScore-flklpgugjzuqjnhfjujkheubgzdj/Build/Products/Debug-iphonesimulator -Isystem /Applications/Xcode.app/Contents/Developer/Platforms/iPhoneSimulator.platform/Developer/usr/lib -F /Users/maksimkosharny/Library/Developer/Xcode/DerivedData/FootGameScore-flklpgugjzuqjnhfjujkheubgzdj/Build/Products/Debug-iphonesimulator/PackageFrameworks -F /Users/maksimkosharny/Library/Developer/Xcode/DerivedData/FootGameScore-flklpgugjzuqjnhfjujkheubgzdj/Build/Products/Debug-iphonesimulator/PackageFrameworks -F /Users/maksimkosharny/Library/Developer/Xcode/DerivedData/FootGameScore-flklpgugjzuqjnhfjujkheubgzdj/Build/Products/Debug-iphonesimulator/PackageFrameworks -F /Users/maksimkosharny/Library/Developer/Xcode/DerivedData/FootGameScore-flklpgugjzuqjnhfjujkheubgzdj/Build/Products/Debug-iphonesimulator/PackageFrameworks -F /Users/maksimkosharny/Library/Developer/Xcode/DerivedData/FootGameScore-flklpgugjzuqjnhfjujkheubgzdj/Build/Products/Debug-iphonesimulator/PackageFrameworks -F /Users/maksimkosharny/Library/Developer/Xcode/DerivedData/FootGameScore-flklpgugjzuqjnhfjujkheubgzdj/Build/Products/Debug-iphonesimulator/PackageFrameworks -F /Users/maksimkosharny/Library/Developer/Xcode/DerivedData/FootGameScore-flklpgugjzuqjnhfjujkheubgzdj/Build/Products/Debug-iphonesimulator/PackageFrameworks -F /Users/maksimkosharny/Library/Developer/Xcode/DerivedData/FootGameScore-flklpgugjzuqjnhfjujkheubgzdj/Build/Products/Debug-iphonesimulator/PackageFrameworks -F /Users/maksimkosharny/Library/Developer/Xcode/DerivedData/FootGameScore-flklpgugjzuqjnhfjujkheubgzdj/Build/Products/Debug-iphonesimulator/PackageFrameworks -F /Users/maksimkosharny/Library/Developer/Xcode/DerivedData/FootGameScore-flklpgugjzuqjnhfjujkheubgzdj/Build/Products/Debug-iphonesimulator/PackageFrameworks -F /Users/maksimkosharny/Library/Developer/Xcode/DerivedData/FootGameScore-flklpgugjzuqjnhfjujkheubgzdj/Build/Products/Debug-iphonesimulator/PackageFrameworks -F /Users/maksimkosharny/Library/Developer/Xcode/DerivedData/FootGameScore-flklpgugjzuqjnhfjujkheubgzdj/Build/Products/Debug-iphonesimulator/PackageFrameworks -F /Users/maksimkosharny/Library/Developer/Xcode/DerivedData/FootGameScore-flklpgugjzuqjnhfjujkheubgzdj/Build/Products/Debug-iphonesimulator/PackageFrameworks -F /Users/maksimkosharny/Library/Developer/Xcode/DerivedData/FootGameScore-flklpgugjzuqjnhfjujkheubgzdj/Build/Products/Debug-iphonesimulator/PackageFrameworks -F /Users/maksimkosharny/Library/Developer/Xcode/DerivedData/FootGameScore-flklpgugjzuqjnhfjujkheubgzdj/Build/Products/Debug-iphonesimulator/PackageFrameworks -F /Users/maksimkosharny/Library/Developer/Xcode/DerivedData/FootGameScore-flklpgugjzuqjnhfjujkheubgzdj/Build/Products/Debug-iphonesimulator/PackageFrameworks -F /Users/maksimkosharny/Library/Developer/Xcode/DerivedData/FootGameScore-flklpgugjzuqjnhfjujkheubgzdj/Build/Products/Debug-iphonesimulator -F /Applications/Xcode.app/Contents/Developer/Platforms/iPhoneSimulator.platform/Developer/Library/Frameworks -F /Applications/Xcode.app/Contents/Developer/Platforms/iPhoneSimulator.platform/Developer/SDKs/iPhoneSimulator26.2.sdk/Developer/Library/Frameworks -c -j8 -enable-batch-mode -incremental -Xcc -ivfsstatcache -Xcc /Users/maksimkosharny/Library/Developer/Xcode/DerivedData/SDKStatCaches.noindex/iphonesimulator26.2-23C53-7d00a8b37fbd7999ea79df8ebc024bf0.sdkstatcache -output-file-map /Users/maksimkosharny/Library/Developer/Xcode/DerivedData/FootGameScore-flklpgugjzuqjnhfjujkheubgzdj/Build/Intermediates.noindex/Firebase.build/Debug-iphonesimulator/FirebaseAuth.build/Objects-normal/arm64/FirebaseAuth-OutputFileMap.json -use-frontend-parseable-output -save-temps -no-color-diagnostics -explicit-module-build -module-cache-path /Users/maksimkosharny/Library/Developer/Xcode/DerivedData/FootGameScore-flklpgugjzuqjnhfjujkheubgzdj/Build/Intermediates.noindex/SwiftExplicitPrecompiledModules -clang-scanner-module-cache-path /Users/maksimkosharny/Library/Developer/Xcode/DerivedData/ModuleCache.noindex -sdk-module-cache-path /Users/maksimkosharny/Library/Developer/Xcode/DerivedData/ModuleCache.noindex -serialize-diagnostics -emit-dependencies -emit-module -emit-module-path /Users/maksimkosharny/Library/Developer/Xcode/DerivedData/FootGameScore-flklpgugjzuqjnhfjujkheubgzdj/Build/Intermediates.noindex/Firebase.build/Debug-iphonesimulator/FirebaseAuth.build/Objects-normal/arm64/FirebaseAuth.swiftmodule -user-module-version 12.9.0 -validate-clang-modules-once -clang-build-session-file /Users/maksimkosharny/Library/Developer/Xcode/DerivedData/ModuleCache.noindex/Session.modulevalidation -package-name firebase_ios_sdk -Xcc -I/Users/maksimkosharny/Library/Developer/Xcode/DerivedData/FootGameScore-flklpgugjzuqjnhfjujkheubgzdj/Build/Intermediates.noindex/Firebase.build/Debug-iphonesimulator/FirebaseAuth.build/swift-overrides.hmap -emit-const-values -Xfrontend -const-gather-protocols-file -Xfrontend /Users/maksimkosharny/Library/Developer/Xcode/DerivedData/FootGameScore-flklpgugjzuqjnhfjujkheubgzdj/Build/Intermediates.noindex/Firebase.build/Debug-iphonesimulator/FirebaseAuth.build/Objects-normal/arm64/FirebaseAuth_const_extract_protocols.json -Xcc -I/Users/maksimkosharny/Library/Developer/Xcode/DerivedData/FootGameScore-flklpgugjzuqjnhfjujkheubgzdj/SourcePackages/checkouts/interop-ios-for-google-sdks/RecaptchaEnterprise/RecaptchaInterop/Public -Xcc -I/Users/maksimkosharny/Library/Developer/Xcode/DerivedData/FootGameScore-flklpgugjzuqjnhfjujkheubgzdj/SourcePackages/checkouts/GoogleUtilities/GoogleUtilities/Network/Public -Xcc -I/Users/maksimkosharny/Library/Developer/Xcode/DerivedData/FootGameScore-flklpgugjzuqjnhfjujkheubgzdj/SourcePackages/checkouts/GoogleUtilities/GoogleUtilities/Reachability/Public -Xcc -I/Users/maksimkosharny/Library/Developer/Xcode/DerivedData/FootGameScore-flklpgugjzuqjnhfjujkheubgzdj/SourcePackages/checkouts/GoogleUtilities/GoogleUtilities/NSData+zlib/Public -Xcc -I/Users/maksimkosharny/Library/Developer/Xcode/DerivedData/FootGameScore-flklpgugjzuqjnhfjujkheubgzdj/SourcePackages/checkouts/GoogleUtilities/GoogleUtilities/Logger/Public -Xcc -I/Users/maksimkosharny/Library/Developer/Xcode/DerivedData/FootGameScore-flklpgugjzuqjnhfjujkheubgzdj/SourcePackages/checkouts/GoogleUtilities/GoogleUtilities/Environment/Public -Xcc -I/Users/maksimkosharny/Library/Developer/Xcode/DerivedData/FootGameScore-flklpgugjzuqjnhfjujkheubgzdj/SourcePackages/checkouts/GoogleUtilities/third_party/IsAppEncrypted/Public -Xcc -I/Users/maksimkosharny/Library/Developer/Xcode/DerivedData/FootGameScore-flklpgugjzuqjnhfjujkheubgzdj/SourcePackages/checkouts/GoogleUtilities/GoogleUtilities/AppDelegateSwizzler/Public -Xcc -I/Users/maksimkosharny/Library/Developer/Xcode/DerivedData/FootGameScore-flklpgugjzuqjnhfjujkheubgzdj/SourcePackages/checkouts/gtm-session-fetcher/Sources/Core/Public -Xcc -I/Users/maksimkosharny/Library/Developer/Xcode/DerivedData/FootGameScore-flklpgugjzuqjnhfjujkheubgzdj/SourcePackages/checkouts/firebase-ios-sdk/FirebaseCore/Extension -Xcc -I/Users/maksimkosharny/Library/Developer/Xcode/DerivedData/FootGameScore-flklpgugjzuqjnhfjujkheubgzdj/SourcePackages/checkouts/firebase-ios-sdk/FirebaseCore/Sources/Public -Xcc -I/Users/maksimkosharny/Library/Developer/Xcode/DerivedData/FootGameScore-flklpgugjzuqjnhfjujkheubgzdj/SourcePackages/checkouts/firebase-ios-sdk/CoreOnly/Sources -Xcc -I/Users/maksimkosharny/Library/Developer/Xcode/DerivedData/FootGameScore-flklpgugjzuqjnhfjujkheubgzdj/SourcePackages/checkouts/firebase-ios-sdk/FirebaseAuth/Sources/Public -Xcc -I/Users/maksimkosharny/Library/Developer/Xcode/DerivedData/FootGameScore-flklpgugjzuqjnhfjujkheubgzdj/SourcePackages/checkouts/firebase-ios-sdk/FirebaseAuth/Interop/Public -Xcc -I/Users/maksimkosharny/Library/Developer/Xcode/DerivedData/FootGameScore-flklpgugjzuqjnhfjujkheubgzdj/SourcePackages/checkouts/firebase-ios-sdk/FirebaseAppCheck/Interop/Public -Xcc -I/Users/maksimkosharny/Library/Developer/Xcode/DerivedData/FootGameScore-flklpgugjzuqjnhfjujkheubgzdj/Build/Products/Debug-iphonesimulator/include -Xcc -I/Users/maksimkosharny/Library/Developer/Xcode/DerivedData/FootGameScore-flklpgugjzuqjnhfjujkheubgzdj/Build/Intermediates.noindex/Firebase.build/Debug-iphonesimulator/FirebaseAuth.build/DerivedSources-normal/arm64 -Xcc -I/Users/maksimkosharny/Library/Developer/Xcode/DerivedData/FootGameScore-flklpgugjzuqjnhfjujkheubgzdj/Build/Intermediates.noindex/Firebase.build/Debug-iphonesimulator/FirebaseAuth.build/DerivedSources/arm64 -Xcc -I/Users/maksimkosharny/Library/Developer/Xcode/DerivedData/FootGameScore-flklpgugjzuqjnhfjujkheubgzdj/Build/Intermediates.noindex/Firebase.build/Debug-iphonesimulator/FirebaseAuth.build/DerivedSources -Xcc -DSWIFT_PACKAGE -Xcc -DDEBUG\=1 -emit-objc-header -emit-objc-header-path /Users/maksimkosharny/Library/Developer/Xcode/DerivedData/FootGameScore-flklpgugjzuqjnhfjujkheubgzdj/Build/Intermediates.noindex/Firebase.build/Debug-iphonesimulator/FirebaseAuth.build/Objects-normal/arm64/FirebaseAuth-Swift.h -working-directory /Users/maksimkosharny/Desktop/Developer/FootGameScore/FootGameScore.xcodeproj -experimental-emit-module-separately -disable-cmo

SwiftDriver FootGameScore normal x86_64 com.apple.xcode.tools.swift.compiler (in target 'FootGameScore' from project 'FootGameScore')
    cd /Users/maksimkosharny/Desktop/Developer/FootGameScore
    builtin-SwiftDriver -- /Applications/Xcode.app/Contents/Developer/Toolchains/XcodeDefault.xctoolchain/usr/bin/swiftc -module-name FootGameScore -Onone -enforce-exclusivity\=checked @/Users/maksimkosharny/Library/Developer/Xcode/DerivedData/FootGameScore-flklpgugjzuqjnhfjujkheubgzdj/Build/Intermediates.noindex/FootGameScore.build/Debug-iphonesimulator/FootGameScore.build/Objects-normal/x86_64/FootGameScore.SwiftFileList -DDEBUG -Xcc -fmodule-map-file\=/Users/maksimkosharny/Library/Developer/Xcode/DerivedData/FootGameScore-flklpgugjzuqjnhfjujkheubgzdj/Build/Intermediates.noindex/GeneratedModuleMaps-iphonesimulator/GoogleDataTransport.modulemap -Xcc -fmodule-map-file\=/Users/maksimkosharny/Library/Developer/Xcode/DerivedData/FootGameScore-flklpgugjzuqjnhfjujkheubgzdj/Build/Intermediates.noindex/GeneratedModuleMaps-iphonesimulator/FirebaseMessaging.modulemap -Xcc -fmodule-map-file\=/Users/maksimkosharny/Library/Developer/Xcode/DerivedData/FootGameScore-flklpgugjzuqjnhfjujkheubgzdj/Build/Intermediates.noindex/GeneratedModuleMaps-iphonesimulator/GoogleUtilities-UserDefaults.modulemap -Xcc -fmodule-map-file\=/Users/maksimkosharny/Library/Developer/Xcode/DerivedData/FootGameScore-flklpgugjzuqjnhfjujkheubgzdj/Build/Intermediates.noindex/GeneratedModuleMaps-iphonesimulator/GoogleAppMeasurementCoreTarget.modulemap -Xcc -fmodule-map-file\=/Users/maksimkosharny/Library/Developer/Xcode/DerivedData/FootGameScore-flklpgugjzuqjnhfjujkheubgzdj/Build/Intermediates.noindex/GeneratedModuleMaps-iphonesimulator/GoogleUtilities-MethodSwizzler.modulemap -Xcc -fmodule-map-file\=/Users/maksimkosharny/Library/Developer/Xcode/DerivedData/FootGameScore-flklpgugjzuqjnhfjujkheubgzdj/Build/Intermediates.noindex/GeneratedModuleMaps-iphonesimulator/FirebaseAnalyticsCoreWrapper.modulemap -Xcc -fmodule-map-file\=/Users/maksimkosharny/Library/Developer/Xcode/DerivedData/FootGameScore-flklpgugjzuqjnhfjujkheubgzdj/Build/Intermediates.noindex/GeneratedModuleMaps-iphonesimulator/FirebaseInstallations.modulemap -Xcc -fmodule-map-file\=/Users/maksimkosharny/Library/Developer/Xcode/DerivedData/FootGameScore-flklpgugjzuqjnhfjujkheubgzdj/Build/Intermediates.noindex/GeneratedModuleMaps-iphonesimulator/FirebaseAnalyticsCoreTarget.modulemap -Xcc -fmodule-map-file\=/Users/maksimkosharny/Library/Developer/Xcode/DerivedData/FootGameScore-flklpgugjzuqjnhfjujkheubgzdj/Build/Intermediates.noindex/GeneratedModuleMaps-iphonesimulator/RecaptchaInterop.modulemap -Xcc -fmodule-map-file\=/Users/maksimkosharny/Library/Developer/Xcode/DerivedData/FootGameScore-flklpgugjzuqjnhfjujkheubgzdj/Build/Intermediates.noindex/GeneratedModuleMaps-iphonesimulator/GoogleUtilities-Network.modulemap -Xcc -fmodule-map-file\=/Users/maksimkosharny/Library/Developer/Xcode/DerivedData/FootGameScore-flklpgugjzuqjnhfjujkheubgzdj/Build/Intermediates.noindex/GeneratedModuleMaps-iphonesimulator/GoogleUtilities-Reachability.modulemap -Xcc -fmodule-map-file\=/Users/maksimkosharny/Library/Developer/Xcode/DerivedData/FootGameScore-flklpgugjzuqjnhfjujkheubgzdj/Build/Intermediates.noindex/GeneratedModuleMaps-iphonesimulator/GoogleUtilities-AppDelegateSwizzler.modulemap -Xcc -fmodule-map-file\=/Users/maksimkosharny/Library/Developer/Xcode/DerivedData/FootGameScore-flklpgugjzuqjnhfjujkheubgzdj/Build/Intermediates.noindex/GeneratedModuleMaps-iphonesimulator/GTMSessionFetcherCore.modulemap -Xcc -fmodule-map-file\=/Users/maksimkosharny/Library/Developer/Xcode/DerivedData/FootGameScore-flklpgugjzuqjnhfjujkheubgzdj/Build/Intermediates.noindex/GeneratedModuleMaps-iphonesimulator/FirebaseAuthInternal.modulemap -Xcc -fmodule-map-file\=/Users/maksimkosharny/Library/Developer/Xcode/DerivedData/FootGameScore-flklpgugjzuqjnhfjujkheubgzdj/Build/Intermediates.noindex/GeneratedModuleMaps-iphonesimulator/FirebaseAuthInterop.modulemap -Xcc -fmodule-map-file\=/Users/maksimkosharny/Library/Developer/Xcode/DerivedData/FootGameScore-flklpgugjzuqjnhfjujkheubgzdj/Build/Intermediates.noindex/GeneratedModuleMaps-iphonesimulator/GoogleUtilities-NSData.modulemap -Xcc -fmodule-map-file\=/Users/maksimkosharny/Library/Developer/Xcode/DerivedData/FootGameScore-flklpgugjzuqjnhfjujkheubgzdj/Build/Intermediates.noindex/GeneratedModuleMaps-iphonesimulator/GoogleUtilities-Environment.modulemap -Xcc -fmodule-map-file\=/Users/maksimkosharny/Library/Developer/Xcode/DerivedData/FootGameScore-flklpgugjzuqjnhfjujkheubgzdj/Build/Intermediates.noindex/GeneratedModuleMaps-iphonesimulator/third-party-IsAppEncrypted.modulemap -Xcc -fmodule-map-file\=/Users/maksimkosharny/Library/Developer/Xcode/DerivedData/FootGameScore-flklpgugjzuqjnhfjujkheubgzdj/Build/Intermediates.noindex/GeneratedModuleMaps-iphonesimulator/GoogleUtilities-Logger.modulemap -Xcc -fmodule-map-file\=/Users/maksimkosharny/Library/Developer/Xcode/DerivedData/FootGameScore-flklpgugjzuqjnhfjujkheubgzdj/Build/Intermediates.noindex/GeneratedModuleMaps-iphonesimulator/abslWrapper.modulemap -Xcc -fmodule-map-file\=/Users/maksimkosharny/Library/Developer/Xcode/DerivedData/FootGameScore-flklpgugjzuqjnhfjujkheubgzdj/Build/Intermediates.noindex/GeneratedModuleMaps-iphonesimulator/opensslWrapper.modulemap -Xcc -fmodule-map-file\=/Users/maksimkosharny/Library/Developer/Xcode/DerivedData/FootGameScore-flklpgugjzuqjnhfjujkheubgzdj/Build/Intermediates.noindex/GeneratedModuleMaps-iphonesimulator/grpcWrapper.modulemap -Xcc -fmodule-map-file\=/Users/maksimkosharny/Library/Developer/Xcode/DerivedData/FootGameScore-flklpgugjzuqjnhfjujkheubgzdj/Build/Intermediates.noindex/GeneratedModuleMaps-iphonesimulator/grpcppWrapper.modulemap -Xcc -fmodule-map-file\=/Users/maksimkosharny/Library/Developer/Xcode/DerivedData/FootGameScore-flklpgugjzuqjnhfjujkheubgzdj/Build/Intermediates.noindex/GeneratedModuleMaps-iphonesimulator/nanopb.modulemap -Xcc -fmodule-map-file\=/Users/maksimkosharny/Library/Developer/Xcode/DerivedData/FootGameScore-flklpgugjzuqjnhfjujkheubgzdj/Build/Intermediates.noindex/GeneratedModuleMaps-iphonesimulator/leveldb.modulemap -Xcc -fmodule-map-file\=/Users/maksimkosharny/Library/Developer/Xcode/DerivedData/FootGameScore-flklpgugjzuqjnhfjujkheubgzdj/Build/Intermediates.noindex/GeneratedModuleMaps-iphonesimulator/FirebaseCoreExtension.modulemap -Xcc -fmodule-map-file\=/Users/maksimkosharny/Library/Developer/Xcode/DerivedData/FootGameScore-flklpgugjzuqjnhfjujkheubgzdj/Build/Intermediates.noindex/GeneratedModuleMaps-iphonesimulator/FirebaseCore.modulemap -Xcc -fmodule-map-file\=/Users/maksimkosharny/Library/Developer/Xcode/DerivedData/FootGameScore-flklpgugjzuqjnhfjujkheubgzdj/Build/Intermediates.noindex/GeneratedModuleMaps-iphonesimulator/FirebaseAppCheckInterop.modulemap -Xcc -fmodule-map-file\=/Users/maksimkosharny/Library/Developer/Xcode/DerivedData/FootGameScore-flklpgugjzuqjnhfjujkheubgzdj/Build/Intermediates.noindex/GeneratedModuleMaps-iphonesimulator/FirebaseFirestoreInternalWrapper.modulemap -Xcc -fmodule-map-file\=/Users/maksimkosharny/Library/Developer/Xcode/DerivedData/FootGameScore-flklpgugjzuqjnhfjujkheubgzdj/Build/Intermediates.noindex/GeneratedModuleMaps-iphonesimulator/FirebaseFirestoreTarget.modulemap -default-isolation\=MainActor -enable-bare-slash-regex -enable-upcoming-feature DisableOutwardActorInference -enable-upcoming-feature InferSendableFromCaptures -enable-upcoming-feature GlobalActorIsolatedTypesUsability -enable-upcoming-feature MemberImportVisibility -enable-upcoming-feature InferIsolatedConformances -enable-upcoming-feature NonisolatedNonsendingByDefault -enable-experimental-feature DebugDescriptionMacro -sdk /Applications/Xcode.app/Contents/Developer/Platforms/iPhoneSimulator.platform/Developer/SDKs/iPhoneSimulator26.2.sdk -target x86_64-apple-ios16.6-simulator -g -module-cache-path /Users/maksimkosharny/Library/Developer/Xcode/DerivedData/ModuleCache.noindex -Xfrontend -serialize-debugging-options -enable-testing -index-store-path /Users/maksimkosharny/Library/Developer/Xcode/DerivedData/FootGameScore-flklpgugjzuqjnhfjujkheubgzdj/Index.noindex/DataStore -Xcc -D_LIBCPP_HARDENING_MODE\=_LIBCPP_HARDENING_MODE_DEBUG -swift-version 5 -I /Users/maksimkosharny/Library/Developer/Xcode/DerivedData/FootGameScore-flklpgugjzuqjnhfjujkheubgzdj/Build/Products/Debug-iphonesimulator -F /Users/maksimkosharny/Library/Developer/Xcode/DerivedData/FootGameScore-flklpgugjzuqjnhfjujkheubgzdj/Build/Products/Debug-iphonesimulator/PackageFrameworks -F /Users/maksimkosharny/Library/Developer/Xcode/DerivedData/FootGameScore-flklpgugjzuqjnhfjujkheubgzdj/Build/Products/Debug-iphonesimulator/PackageFrameworks -F /Users/maksimkosharny/Library/Developer/Xcode/DerivedData/FootGameScore-flklpgugjzuqjnhfjujkheubgzdj/Build/Products/Debug-iphonesimulator/PackageFrameworks -F /Users/maksimkosharny/Library/Developer/Xcode/DerivedData/FootGameScore-flklpgugjzuqjnhfjujkheubgzdj/Build/Products/Debug-iphonesimulator/PackageFrameworks -F /Users/maksimkosharny/Library/Developer/Xcode/DerivedData/FootGameScore-flklpgugjzuqjnhfjujkheubgzdj/Build/Products/Debug-iphonesimulator/PackageFrameworks -F /Users/maksimkosharny/Library/Developer/Xcode/DerivedData/FootGameScore-flklpgugjzuqjnhfjujkheubgzdj/Build/Products/Debug-iphonesimulator/PackageFrameworks -F /Users/maksimkosharny/Library/Developer/Xcode/DerivedData/FootGameScore-flklpgugjzuqjnhfjujkheubgzdj/Build/Products/Debug-iphonesimulator/PackageFrameworks -F /Users/maksimkosharny/Library/Developer/Xcode/DerivedData/FootGameScore-flklpgugjzuqjnhfjujkheubgzdj/Build/Products/Debug-iphonesimulator/PackageFrameworks -F /Users/maksimkosharny/Library/Developer/Xcode/DerivedData/FootGameScore-flklpgugjzuqjnhfjujkheubgzdj/Build/Products/Debug-iphonesimulator/PackageFrameworks -F /Users/maksimkosharny/Library/Developer/Xcode/DerivedData/FootGameScore-flklpgugjzuqjnhfjujkheubgzdj/Build/Products/Debug-iphonesimulator/PackageFrameworks -F /Users/maksimkosharny/Library/Developer/Xcode/DerivedData/FootGameScore-flklpgugjzuqjnhfjujkheubgzdj/Build/Products/Debug-iphonesimulator/PackageFrameworks -F /Users/maksimkosharny/Library/Developer/Xcode/DerivedData/FootGameScore-flklpgugjzuqjnhfjujkheubgzdj/Build/Products/Debug-iphonesimulator/PackageFrameworks -F /Users/maksimkosharny/Library/Developer/Xcode/DerivedData/FootGameScore-flklpgugjzuqjnhfjujkheubgzdj/Build/Products/Debug-iphonesimulator/PackageFrameworks -F /Users/maksimkosharny/Library/Developer/Xcode/DerivedData/FootGameScore-flklpgugjzuqjnhfjujkheubgzdj/Build/Products/Debug-iphonesimulator/PackageFrameworks -F /Users/maksimkosharny/Library/Developer/Xcode/DerivedData/FootGameScore-flklpgugjzuqjnhfjujkheubgzdj/Build/Products/Debug-iphonesimulator/PackageFrameworks -F /Users/maksimkosharny/Library/Developer/Xcode/DerivedData/FootGameScore-flklpgugjzuqjnhfjujkheubgzdj/Build/Products/Debug-iphonesimulator/PackageFrameworks -F /Users/maksimkosharny/Library/Developer/Xcode/DerivedData/FootGameScore-flklpgugjzuqjnhfjujkheubgzdj/Build/Products/Debug-iphonesimulator/PackageFrameworks -F /Users/maksimkosharny/Library/Developer/Xcode/DerivedData/FootGameScore-flklpgugjzuqjnhfjujkheubgzdj/Build/Products/Debug-iphonesimulator/PackageFrameworks -F /Users/maksimkosharny/Library/Developer/Xcode/DerivedData/FootGameScore-flklpgugjzuqjnhfjujkheubgzdj/Build/Products/Debug-iphonesimulator/PackageFrameworks -F /Users/maksimkosharny/Library/Developer/Xcode/DerivedData/FootGameScore-flklpgugjzuqjnhfjujkheubgzdj/Build/Products/Debug-iphonesimulator/PackageFrameworks -F /Users/maksimkosharny/Library/Developer/Xcode/DerivedData/FootGameScore-flklpgugjzuqjnhfjujkheubgzdj/Build/Products/Debug-iphonesimulator/PackageFrameworks -F /Users/maksimkosharny/Library/Developer/Xcode/DerivedData/FootGameScore-flklpgugjzuqjnhfjujkheubgzdj/Build/Products/Debug-iphonesimulator/PackageFrameworks -F /Users/maksimkosharny/Library/Developer/Xcode/DerivedData/FootGameScore-flklpgugjzuqjnhfjujkheubgzdj/Build/Products/Debug-iphonesimulator/PackageFrameworks -F /Users/maksimkosharny/Library/Developer/Xcode/DerivedData/FootGameScore-flklpgugjzuqjnhfjujkheubgzdj/Build/Products/Debug-iphonesimulator/PackageFrameworks -F /Users/maksimkosharny/Library/Developer/Xcode/DerivedData/FootGameScore-flklpgugjzuqjnhfjujkheubgzdj/Build/Products/Debug-iphonesimulator/PackageFrameworks -F /Users/maksimkosharny/Library/Developer/Xcode/DerivedData/FootGameScore-flklpgugjzuqjnhfjujkheubgzdj/Build/Products/Debug-iphonesimulator/PackageFrameworks -F /Users/maksimkosharny/Library/Developer/Xcode/DerivedData/FootGameScore-flklpgugjzuqjnhfjujkheubgzdj/Build/Products/Debug-iphonesimulator/PackageFrameworks -F /Users/maksimkosharny/Library/Developer/Xcode/DerivedData/FootGameScore-flklpgugjzuqjnhfjujkheubgzdj/Build/Products/Debug-iphonesimulator/PackageFrameworks -F /Users/maksimkosharny/Library/Developer/Xcode/DerivedData/FootGameScore-flklpgugjzuqjnhfjujkheubgzdj/Build/Products/Debug-iphonesimulator/PackageFrameworks -F /Users/maksimkosharny/Library/Developer/Xcode/DerivedData/FootGameScore-flklpgugjzuqjnhfjujkheubgzdj/Build/Products/Debug-iphonesimulator/PackageFrameworks -F /Users/maksimkosharny/Library/Developer/Xcode/DerivedData/FootGameScore-flklpgugjzuqjnhfjujkheubgzdj/Build/Products/Debug-iphonesimulator/PackageFrameworks -F /Users/maksimkosharny/Library/Developer/Xcode/DerivedData/FootGameScore-flklpgugjzuqjnhfjujkheubgzdj/Build/Products/Debug-iphonesimulator/PackageFrameworks -F /Users/maksimkosharny/Library/Developer/Xcode/DerivedData/FootGameScore-flklpgugjzuqjnhfjujkheubgzdj/Build/Products/Debug-iphonesimulator/PackageFrameworks -F /Users/maksimkosharny/Library/Developer/Xcode/DerivedData/FootGameScore-flklpgugjzuqjnhfjujkheubgzdj/Build/Products/Debug-iphonesimulator/PackageFrameworks -F /Users/maksimkosharny/Library/Developer/Xcode/DerivedData/FootGameScore-flklpgugjzuqjnhfjujkheubgzdj/Build/Products/Debug-iphonesimulator/PackageFrameworks -F /Users/maksimkosharny/Library/Developer/Xcode/DerivedData/FootGameScore-flklpgugjzuqjnhfjujkheubgzdj/Build/Products/Debug-iphonesimulator/PackageFrameworks -F /Users/maksimkosharny/Library/Developer/Xcode/DerivedData/FootGameScore-flklpgugjzuqjnhfjujkheubgzdj/Build/Products/Debug-iphonesimulator -emit-localized-strings -emit-localized-strings-path /Users/maksimkosharny/Library/Developer/Xcode/DerivedData/FootGameScore-flklpgugjzuqjnhfjujkheubgzdj/Build/Intermediates.noindex/FootGameScore.build/Debug-iphonesimulator/FootGameScore.build/Objects-normal/x86_64 -c -j8 -enable-batch-mode -incremental -Xcc -ivfsstatcache -Xcc /Users/maksimkosharny/Library/Developer/Xcode/DerivedData/SDKStatCaches.noindex/iphonesimulator26.2-23C53-7d00a8b37fbd7999ea79df8ebc024bf0.sdkstatcache -output-file-map /Users/maksimkosharny/Library/Developer/Xcode/DerivedData/FootGameScore-flklpgugjzuqjnhfjujkheubgzdj/Build/Intermediates.noindex/FootGameScore.build/Debug-iphonesimulator/FootGameScore.build/Objects-normal/x86_64/FootGameScore-OutputFileMap.json -use-frontend-parseable-output -save-temps -no-color-diagnostics -explicit-module-build -module-cache-path /Users/maksimkosharny/Library/Developer/Xcode/DerivedData/FootGameScore-flklpgugjzuqjnhfjujkheubgzdj/Build/Intermediates.noindex/SwiftExplicitPrecompiledModules -clang-scanner-module-cache-path /Users/maksimkosharny/Library/Developer/Xcode/DerivedData/ModuleCache.noindex -sdk-module-cache-path /Users/maksimkosharny/Library/Developer/Xcode/DerivedData/ModuleCache.noindex -serialize-diagnostics -emit-dependencies -emit-module -emit-module-path /Users/maksimkosharny/Library/Developer/Xcode/DerivedData/FootGameScore-flklpgugjzuqjnhfjujkheubgzdj/Build/Intermediates.noindex/FootGameScore.build/Debug-iphonesimulator/FootGameScore.build/Objects-normal/x86_64/FootGameScore.swiftmodule -validate-clang-modules-once -clang-build-session-file /Users/maksimkosharny/Library/Developer/Xcode/DerivedData/ModuleCache.noindex/Session.modulevalidation -Xcc -I/Users/maksimkosharny/Library/Developer/Xcode/DerivedData/FootGameScore-flklpgugjzuqjnhfjujkheubgzdj/Build/Intermediates.noindex/FootGameScore.build/Debug-iphonesimulator/FootGameScore.build/swift-overrides.hmap -emit-const-values -Xfrontend -const-gather-protocols-file -Xfrontend /Users/maksimkosharny/Library/Developer/Xcode/DerivedData/FootGameScore-flklpgugjzuqjnhfjujkheubgzdj/Build/Intermediates.noindex/FootGameScore.build/Debug-iphonesimulator/FootGameScore.build/Objects-normal/x86_64/FootGameScore_const_extract_protocols.json -Xcc -iquote -Xcc /Users/maksimkosharny/Library/Developer/Xcode/DerivedData/FootGameScore-flklpgugjzuqjnhfjujkheubgzdj/Build/Intermediates.noindex/FootGameScore.build/Debug-iphonesimulator/FootGameScore.build/FootGameScore-generated-files.hmap -Xcc -I/Users/maksimkosharny/Library/Developer/Xcode/DerivedData/FootGameScore-flklpgugjzuqjnhfjujkheubgzdj/Build/Intermediates.noindex/FootGameScore.build/Debug-iphonesimulator/FootGameScore.build/FootGameScore-own-target-headers.hmap -Xcc -I/Users/maksimkosharny/Library/Developer/Xcode/DerivedData/FootGameScore-flklpgugjzuqjnhfjujkheubgzdj/Build/Intermediates.noindex/FootGameScore.build/Debug-iphonesimulator/FootGameScore.build/FootGameScore-all-non-framework-target-headers.hmap -Xcc -ivfsoverlay -Xcc /Users/maksimkosharny/Library/Developer/Xcode/DerivedData/FootGameScore-flklpgugjzuqjnhfjujkheubgzdj/Build/Intermediates.noindex/FootGameScore.build/Debug-iphonesimulator/FootGameScore-55613305b72115e5bacf88d6408d133a-VFS-iphonesimulator/all-product-headers.yaml -Xcc -iquote -Xcc /Users/maksimkosharny/Library/Developer/Xcode/DerivedData/FootGameScore-flklpgugjzuqjnhfjujkheubgzdj/Build/Intermediates.noindex/FootGameScore.build/Debug-iphonesimulator/FootGameScore.build/FootGameScore-project-headers.hmap -Xcc -I/Users/maksimkosharny/Library/Developer/Xcode/DerivedData/FootGameScore-flklpgugjzuqjnhfjujkheubgzdj/SourcePackages/checkouts/GoogleDataTransport/GoogleDataTransport/GDTCORLibrary/Public -Xcc -I/Users/maksimkosharny/Library/Developer/Xcode/DerivedData/FootGameScore-flklpgugjzuqjnhfjujkheubgzdj/SourcePackages/checkouts/firebase-ios-sdk/FirebaseMessaging/Sources/Public -Xcc -I/Users/maksimkosharny/Library/Developer/Xcode/DerivedData/FootGameScore-flklpgugjzuqjnhfjujkheubgzdj/SourcePackages/checkouts/promises/Sources/FBLPromises/include -Xcc -I/Users/maksimkosharny/Library/Developer/Xcode/DerivedData/FootGameScore-flklpgugjzuqjnhfjujkheubgzdj/SourcePackages/checkouts/GoogleUtilities/GoogleUtilities/UserDefaults/Public -Xcc -I/Users/maksimkosharny/Library/Developer/Xcode/DerivedData/FootGameScore-flklpgugjzuqjnhfjujkheubgzdj/SourcePackages/checkouts/GoogleAppMeasurement/GoogleAppMeasurementCoreWrapper/include -Xcc -I/Users/maksimkosharny/Library/Developer/Xcode/DerivedData/FootGameScore-flklpgugjzuqjnhfjujkheubgzdj/SourcePackages/checkouts/GoogleUtilities/GoogleUtilities/MethodSwizzler/Public -Xcc -I/Users/maksimkosharny/Library/Developer/Xcode/DerivedData/FootGameScore-flklpgugjzuqjnhfjujkheubgzdj/SourcePackages/checkouts/firebase-ios-sdk/FirebaseAnalyticsCoreWrapper/include -Xcc -I/Users/maksimkosharny/Library/Developer/Xcode/DerivedData/FootGameScore-flklpgugjzuqjnhfjujkheubgzdj/SourcePackages/checkouts/firebase-ios-sdk/FirebaseInstallations/Source/Library/Public -Xcc -I/Users/maksimkosharny/Library/Developer/Xcode/DerivedData/FootGameScore-flklpgugjzuqjnhfjujkheubgzdj/SourcePackages/checkouts/firebase-ios-sdk/SwiftPM-PlatformExclude/FirebaseAnalyticsCoreWrap/include -Xcc -I/Users/maksimkosharny/Library/Developer/Xcode/DerivedData/FootGameScore-flklpgugjzuqjnhfjujkheubgzdj/SourcePackages/checkouts/interop-ios-for-google-sdks/RecaptchaEnterprise/RecaptchaInterop/Public -Xcc -I/Users/maksimkosharny/Library/Developer/Xcode/DerivedData/FootGameScore-flklpgugjzuqjnhfjujkheubgzdj/SourcePackages/checkouts/GoogleUtilities/GoogleUtilities/Network/Public -Xcc -I/Users/maksimkosharny/Library/Developer/Xcode/DerivedData/FootGameScore-flklpgugjzuqjnhfjujkheubgzdj/SourcePackages/checkouts/GoogleUtilities/GoogleUtilities/Reachability/Public -Xcc -I/Users/maksimkosharny/Library/Developer/Xcode/DerivedData/FootGameScore-flklpgugjzuqjnhfjujkheubgzdj/SourcePackages/checkouts/GoogleUtilities/GoogleUtilities/AppDelegateSwizzler/Public -Xcc -I/Users/maksimkosharny/Library/Developer/Xcode/DerivedData/FootGameScore-flklpgugjzuqjnhfjujkheubgzdj/SourcePackages/checkouts/gtm-session-fetcher/Sources/Core/Public -Xcc -I/Users/maksimkosharny/Library/Developer/Xcode/DerivedData/FootGameScore-flklpgugjzuqjnhfjujkheubgzdj/SourcePackages/checkouts/firebase-ios-sdk/FirebaseAuth/Sources/Public -Xcc -I/Users/maksimkosharny/Library/Developer/Xcode/DerivedData/FootGameScore-flklpgugjzuqjnhfjujkheubgzdj/SourcePackages/checkouts/firebase-ios-sdk/FirebaseAuth/Interop/Public -Xcc -I/Users/maksimkosharny/Library/Developer/Xcode/DerivedData/FootGameScore-flklpgugjzuqjnhfjujkheubgzdj/SourcePackages/checkouts/GoogleUtilities/GoogleUtilities/NSData+zlib/Public -Xcc -I/Users/maksimkosharny/Library/Developer/Xcode/DerivedData/FootGameScore-flklpgugjzuqjnhfjujkheubgzdj/SourcePackages/checkouts/GoogleUtilities/GoogleUtilities/Environment/Public -Xcc -I/Users/maksimkosharny/Library/Developer/Xcode/DerivedData/FootGameScore-flklpgugjzuqjnhfjujkheubgzdj/SourcePackages/checkouts/GoogleUtilities/third_party/IsAppEncrypted/Public -Xcc -I/Users/maksimkosharny/Library/Developer/Xcode/DerivedData/FootGameScore-flklpgugjzuqjnhfjujkheubgzdj/SourcePackages/checkouts/GoogleUtilities/GoogleUtilities/Logger/Public -Xcc -I/Users/maksimkosharny/Library/Developer/Xcode/DerivedData/FootGameScore-flklpgugjzuqjnhfjujkheubgzdj/SourcePackages/checkouts/abseil-cpp-binary/absl-Wrapper/include -Xcc -I/Users/maksimkosharny/Library/Developer/Xcode/DerivedData/FootGameScore-flklpgugjzuqjnhfjujkheubgzdj/SourcePackages/checkouts/grpc-binary/openssl-grpc-Wrapper/include -Xcc -I/Users/maksimkosharny/Library/Developer/Xcode/DerivedData/FootGameScore-flklpgugjzuqjnhfjujkheubgzdj/SourcePackages/checkouts/grpc-binary/grpc-Wrapper/include -Xcc -I/Users/maksimkosharny/Library/Developer/Xcode/DerivedData/FootGameScore-flklpgugjzuqjnhfjujkheubgzdj/SourcePackages/checkouts/grpc-binary/grpcpp-Wrapper/include -Xcc -I/Users/maksimkosharny/Library/Developer/Xcode/DerivedData/FootGameScore-flklpgugjzuqjnhfjujkheubgzdj/SourcePackages/checkouts/nanopb/spm_headers -Xcc -I/Users/maksimkosharny/Library/Developer/Xcode/DerivedData/FootGameScore-flklpgugjzuqjnhfjujkheubgzdj/SourcePackages/checkouts/leveldb/include -Xcc -I/Users/maksimkosharny/Library/Developer/Xcode/DerivedData/FootGameScore-flklpgugjzuqjnhfjujkheubgzdj/SourcePackages/checkouts/firebase-ios-sdk/FirebaseCore/Extension -Xcc -I/Users/maksimkosharny/Library/Developer/Xcode/DerivedData/FootGameScore-flklpgugjzuqjnhfjujkheubgzdj/SourcePackages/checkouts/firebase-ios-sdk/FirebaseCore/Sources/Public -Xcc -I/Users/maksimkosharny/Library/Developer/Xcode/DerivedData/FootGameScore-flklpgugjzuqjnhfjujkheubgzdj/SourcePackages/checkouts/firebase-ios-sdk/CoreOnly/Sources -Xcc -I/Users/maksimkosharny/Library/Developer/Xcode/DerivedData/FootGameScore-flklpgugjzuqjnhfjujkheubgzdj/SourcePackages/checkouts/firebase-ios-sdk/FirebaseAppCheck/Interop/Public -Xcc -I/Users/maksimkosharny/Library/Developer/Xcode/DerivedData/FootGameScore-flklpgugjzuqjnhfjujkheubgzdj/SourcePackages/checkouts/firebase-ios-sdk/FirebaseFirestoreInternal -Xcc -I/Users/maksimkosharny/Library/Developer/Xcode/DerivedData/FootGameScore-flklpgugjzuqjnhfjujkheubgzdj/SourcePackages/checkouts/firebase-ios-sdk/SwiftPM-PlatformExclude/FirebaseFirestoreWrap/include -Xcc -I/Users/maksimkosharny/Library/Developer/Xcode/DerivedData/FootGameScore-flklpgugjzuqjnhfjujkheubgzdj/Build/Products/Debug-iphonesimulator/include -Xcc -I/Users/maksimkosharny/Library/Developer/Xcode/DerivedData/FootGameScore-flklpgugjzuqjnhfjujkheubgzdj/Build/Intermediates.noindex/FootGameScore.build/Debug-iphonesimulator/FootGameScore.build/DerivedSources-normal/x86_64 -Xcc -I/Users/maksimkosharny/Library/Developer/Xcode/DerivedData/FootGameScore-flklpgugjzuqjnhfjujkheubgzdj/Build/Intermediates.noindex/FootGameScore.build/Debug-iphonesimulator/FootGameScore.build/DerivedSources/x86_64 -Xcc -I/Users/maksimkosharny/Library/Developer/Xcode/DerivedData/FootGameScore-flklpgugjzuqjnhfjujkheubgzdj/Build/Intermediates.noindex/FootGameScore.build/Debug-iphonesimulator/FootGameScore.build/DerivedSources -Xcc -DDEBUG\=1 -emit-objc-header -emit-objc-header-path /Users/maksimkosharny/Library/Developer/Xcode/DerivedData/FootGameScore-flklpgugjzuqjnhfjujkheubgzdj/Build/Intermediates.noindex/FootGameScore.build/Debug-iphonesimulator/FootGameScore.build/Objects-normal/x86_64/FootGameScore-Swift.h -working-directory /Users/maksimkosharny/Desktop/Developer/FootGameScore -experimental-emit-module-separately -disable-cmo

SwiftDriver FootGameScore normal arm64 com.apple.xcode.tools.swift.compiler (in target 'FootGameScore' from project 'FootGameScore')
    cd /Users/maksimkosharny/Desktop/Developer/FootGameScore
    builtin-SwiftDriver -- /Applications/Xcode.app/Contents/Developer/Toolchains/XcodeDefault.xctoolchain/usr/bin/swiftc -module-name FootGameScore -Onone -enforce-exclusivity\=checked @/Users/maksimkosharny/Library/Developer/Xcode/DerivedData/FootGameScore-flklpgugjzuqjnhfjujkheubgzdj/Build/Intermediates.noindex/FootGameScore.build/Debug-iphonesimulator/FootGameScore.build/Objects-normal/arm64/FootGameScore.SwiftFileList -DDEBUG -Xcc -fmodule-map-file\=/Users/maksimkosharny/Library/Developer/Xcode/DerivedData/FootGameScore-flklpgugjzuqjnhfjujkheubgzdj/Build/Intermediates.noindex/GeneratedModuleMaps-iphonesimulator/GoogleDataTransport.modulemap -Xcc -fmodule-map-file\=/Users/maksimkosharny/Library/Developer/Xcode/DerivedData/FootGameScore-flklpgugjzuqjnhfjujkheubgzdj/Build/Intermediates.noindex/GeneratedModuleMaps-iphonesimulator/FirebaseMessaging.modulemap -Xcc -fmodule-map-file\=/Users/maksimkosharny/Library/Developer/Xcode/DerivedData/FootGameScore-flklpgugjzuqjnhfjujkheubgzdj/Build/Intermediates.noindex/GeneratedModuleMaps-iphonesimulator/GoogleUtilities-UserDefaults.modulemap -Xcc -fmodule-map-file\=/Users/maksimkosharny/Library/Developer/Xcode/DerivedData/FootGameScore-flklpgugjzuqjnhfjujkheubgzdj/Build/Intermediates.noindex/GeneratedModuleMaps-iphonesimulator/GoogleAppMeasurementCoreTarget.modulemap -Xcc -fmodule-map-file\=/Users/maksimkosharny/Library/Developer/Xcode/DerivedData/FootGameScore-flklpgugjzuqjnhfjujkheubgzdj/Build/Intermediates.noindex/GeneratedModuleMaps-iphonesimulator/GoogleUtilities-MethodSwizzler.modulemap -Xcc -fmodule-map-file\=/Users/maksimkosharny/Library/Developer/Xcode/DerivedData/FootGameScore-flklpgugjzuqjnhfjujkheubgzdj/Build/Intermediates.noindex/GeneratedModuleMaps-iphonesimulator/FirebaseAnalyticsCoreWrapper.modulemap -Xcc -fmodule-map-file\=/Users/maksimkosharny/Library/Developer/Xcode/DerivedData/FootGameScore-flklpgugjzuqjnhfjujkheubgzdj/Build/Intermediates.noindex/GeneratedModuleMaps-iphonesimulator/FirebaseInstallations.modulemap -Xcc -fmodule-map-file\=/Users/maksimkosharny/Library/Developer/Xcode/DerivedData/FootGameScore-flklpgugjzuqjnhfjujkheubgzdj/Build/Intermediates.noindex/GeneratedModuleMaps-iphonesimulator/FirebaseAnalyticsCoreTarget.modulemap -Xcc -fmodule-map-file\=/Users/maksimkosharny/Library/Developer/Xcode/DerivedData/FootGameScore-flklpgugjzuqjnhfjujkheubgzdj/Build/Intermediates.noindex/GeneratedModuleMaps-iphonesimulator/RecaptchaInterop.modulemap -Xcc -fmodule-map-file\=/Users/maksimkosharny/Library/Developer/Xcode/DerivedData/FootGameScore-flklpgugjzuqjnhfjujkheubgzdj/Build/Intermediates.noindex/GeneratedModuleMaps-iphonesimulator/GoogleUtilities-Network.modulemap -Xcc -fmodule-map-file\=/Users/maksimkosharny/Library/Developer/Xcode/DerivedData/FootGameScore-flklpgugjzuqjnhfjujkheubgzdj/Build/Intermediates.noindex/GeneratedModuleMaps-iphonesimulator/GoogleUtilities-Reachability.modulemap -Xcc -fmodule-map-file\=/Users/maksimkosharny/Library/Developer/Xcode/DerivedData/FootGameScore-flklpgugjzuqjnhfjujkheubgzdj/Build/Intermediates.noindex/GeneratedModuleMaps-iphonesimulator/GoogleUtilities-AppDelegateSwizzler.modulemap -Xcc -fmodule-map-file\=/Users/maksimkosharny/Library/Developer/Xcode/DerivedData/FootGameScore-flklpgugjzuqjnhfjujkheubgzdj/Build/Intermediates.noindex/GeneratedModuleMaps-iphonesimulator/GTMSessionFetcherCore.modulemap -Xcc -fmodule-map-file\=/Users/maksimkosharny/Library/Developer/Xcode/DerivedData/FootGameScore-flklpgugjzuqjnhfjujkheubgzdj/Build/Intermediates.noindex/GeneratedModuleMaps-iphonesimulator/FirebaseAuthInternal.modulemap -Xcc -fmodule-map-file\=/Users/maksimkosharny/Library/Developer/Xcode/DerivedData/FootGameScore-flklpgugjzuqjnhfjujkheubgzdj/Build/Intermediates.noindex/GeneratedModuleMaps-iphonesimulator/FirebaseAuthInterop.modulemap -Xcc -fmodule-map-file\=/Users/maksimkosharny/Library/Developer/Xcode/DerivedData/FootGameScore-flklpgugjzuqjnhfjujkheubgzdj/Build/Intermediates.noindex/GeneratedModuleMaps-iphonesimulator/GoogleUtilities-NSData.modulemap -Xcc -fmodule-map-file\=/Users/maksimkosharny/Library/Developer/Xcode/DerivedData/FootGameScore-flklpgugjzuqjnhfjujkheubgzdj/Build/Intermediates.noindex/GeneratedModuleMaps-iphonesimulator/GoogleUtilities-Environment.modulemap -Xcc -fmodule-map-file\=/Users/maksimkosharny/Library/Developer/Xcode/DerivedData/FootGameScore-flklpgugjzuqjnhfjujkheubgzdj/Build/Intermediates.noindex/GeneratedModuleMaps-iphonesimulator/third-party-IsAppEncrypted.modulemap -Xcc -fmodule-map-file\=/Users/maksimkosharny/Library/Developer/Xcode/DerivedData/FootGameScore-flklpgugjzuqjnhfjujkheubgzdj/Build/Intermediates.noindex/GeneratedModuleMaps-iphonesimulator/GoogleUtilities-Logger.modulemap -Xcc -fmodule-map-file\=/Users/maksimkosharny/Library/Developer/Xcode/DerivedData/FootGameScore-flklpgugjzuqjnhfjujkheubgzdj/Build/Intermediates.noindex/GeneratedModuleMaps-iphonesimulator/abslWrapper.modulemap -Xcc -fmodule-map-file\=/Users/maksimkosharny/Library/Developer/Xcode/DerivedData/FootGameScore-flklpgugjzuqjnhfjujkheubgzdj/Build/Intermediates.noindex/GeneratedModuleMaps-iphonesimulator/opensslWrapper.modulemap -Xcc -fmodule-map-file\=/Users/maksimkosharny/Library/Developer/Xcode/DerivedData/FootGameScore-flklpgugjzuqjnhfjujkheubgzdj/Build/Intermediates.noindex/GeneratedModuleMaps-iphonesimulator/grpcWrapper.modulemap -Xcc -fmodule-map-file\=/Users/maksimkosharny/Library/Developer/Xcode/DerivedData/FootGameScore-flklpgugjzuqjnhfjujkheubgzdj/Build/Intermediates.noindex/GeneratedModuleMaps-iphonesimulator/grpcppWrapper.modulemap -Xcc -fmodule-map-file\=/Users/maksimkosharny/Library/Developer/Xcode/DerivedData/FootGameScore-flklpgugjzuqjnhfjujkheubgzdj/Build/Intermediates.noindex/GeneratedModuleMaps-iphonesimulator/nanopb.modulemap -Xcc -fmodule-map-file\=/Users/maksimkosharny/Library/Developer/Xcode/DerivedData/FootGameScore-flklpgugjzuqjnhfjujkheubgzdj/Build/Intermediates.noindex/GeneratedModuleMaps-iphonesimulator/leveldb.modulemap -Xcc -fmodule-map-file\=/Users/maksimkosharny/Library/Developer/Xcode/DerivedData/FootGameScore-flklpgugjzuqjnhfjujkheubgzdj/Build/Intermediates.noindex/GeneratedModuleMaps-iphonesimulator/FirebaseCoreExtension.modulemap -Xcc -fmodule-map-file\=/Users/maksimkosharny/Library/Developer/Xcode/DerivedData/FootGameScore-flklpgugjzuqjnhfjujkheubgzdj/Build/Intermediates.noindex/GeneratedModuleMaps-iphonesimulator/FirebaseCore.modulemap -Xcc -fmodule-map-file\=/Users/maksimkosharny/Library/Developer/Xcode/DerivedData/FootGameScore-flklpgugjzuqjnhfjujkheubgzdj/Build/Intermediates.noindex/GeneratedModuleMaps-iphonesimulator/FirebaseAppCheckInterop.modulemap -Xcc -fmodule-map-file\=/Users/maksimkosharny/Library/Developer/Xcode/DerivedData/FootGameScore-flklpgugjzuqjnhfjujkheubgzdj/Build/Intermediates.noindex/GeneratedModuleMaps-iphonesimulator/FirebaseFirestoreInternalWrapper.modulemap -Xcc -fmodule-map-file\=/Users/maksimkosharny/Library/Developer/Xcode/DerivedData/FootGameScore-flklpgugjzuqjnhfjujkheubgzdj/Build/Intermediates.noindex/GeneratedModuleMaps-iphonesimulator/FirebaseFirestoreTarget.modulemap -default-isolation\=MainActor -enable-bare-slash-regex -enable-upcoming-feature DisableOutwardActorInference -enable-upcoming-feature InferSendableFromCaptures -enable-upcoming-feature GlobalActorIsolatedTypesUsability -enable-upcoming-feature MemberImportVisibility -enable-upcoming-feature InferIsolatedConformances -enable-upcoming-feature NonisolatedNonsendingByDefault -enable-experimental-feature DebugDescriptionMacro -sdk /Applications/Xcode.app/Contents/Developer/Platforms/iPhoneSimulator.platform/Developer/SDKs/iPhoneSimulator26.2.sdk -target arm64-apple-ios16.6-simulator -g -module-cache-path /Users/maksimkosharny/Library/Developer/Xcode/DerivedData/ModuleCache.noindex -Xfrontend -serialize-debugging-options -enable-testing -index-store-path /Users/maksimkosharny/Library/Developer/Xcode/DerivedData/FootGameScore-flklpgugjzuqjnhfjujkheubgzdj/Index.noindex/DataStore -Xcc -D_LIBCPP_HARDENING_MODE\=_LIBCPP_HARDENING_MODE_DEBUG -swift-version 5 -I /Users/maksimkosharny/Library/Developer/Xcode/DerivedData/FootGameScore-flklpgugjzuqjnhfjujkheubgzdj/Build/Products/Debug-iphonesimulator -F /Users/maksimkosharny/Library/Developer/Xcode/DerivedData/FootGameScore-flklpgugjzuqjnhfjujkheubgzdj/Build/Products/Debug-iphonesimulator/PackageFrameworks -F /Users/maksimkosharny/Library/Developer/Xcode/DerivedData/FootGameScore-flklpgugjzuqjnhfjujkheubgzdj/Build/Products/Debug-iphonesimulator/PackageFrameworks -F /Users/maksimkosharny/Library/Developer/Xcode/DerivedData/FootGameScore-flklpgugjzuqjnhfjujkheubgzdj/Build/Products/Debug-iphonesimulator/PackageFrameworks -F /Users/maksimkosharny/Library/Developer/Xcode/DerivedData/FootGameScore-flklpgugjzuqjnhfjujkheubgzdj/Build/Products/Debug-iphonesimulator/PackageFrameworks -F /Users/maksimkosharny/Library/Developer/Xcode/DerivedData/FootGameScore-flklpgugjzuqjnhfjujkheubgzdj/Build/Products/Debug-iphonesimulator/PackageFrameworks -F /Users/maksimkosharny/Library/Developer/Xcode/DerivedData/FootGameScore-flklpgugjzuqjnhfjujkheubgzdj/Build/Products/Debug-iphonesimulator/PackageFrameworks -F /Users/maksimkosharny/Library/Developer/Xcode/DerivedData/FootGameScore-flklpgugjzuqjnhfjujkheubgzdj/Build/Products/Debug-iphonesimulator/PackageFrameworks -F /Users/maksimkosharny/Library/Developer/Xcode/DerivedData/FootGameScore-flklpgugjzuqjnhfjujkheubgzdj/Build/Products/Debug-iphonesimulator/PackageFrameworks -F /Users/maksimkosharny/Library/Developer/Xcode/DerivedData/FootGameScore-flklpgugjzuqjnhfjujkheubgzdj/Build/Products/Debug-iphonesimulator/PackageFrameworks -F /Users/maksimkosharny/Library/Developer/Xcode/DerivedData/FootGameScore-flklpgugjzuqjnhfjujkheubgzdj/Build/Products/Debug-iphonesimulator/PackageFrameworks -F /Users/maksimkosharny/Library/Developer/Xcode/DerivedData/FootGameScore-flklpgugjzuqjnhfjujkheubgzdj/Build/Products/Debug-iphonesimulator/PackageFrameworks -F /Users/maksimkosharny/Library/Developer/Xcode/DerivedData/FootGameScore-flklpgugjzuqjnhfjujkheubgzdj/Build/Products/Debug-iphonesimulator/PackageFrameworks -F /Users/maksimkosharny/Library/Developer/Xcode/DerivedData/FootGameScore-flklpgugjzuqjnhfjujkheubgzdj/Build/Products/Debug-iphonesimulator/PackageFrameworks -F /Users/maksimkosharny/Library/Developer/Xcode/DerivedData/FootGameScore-flklpgugjzuqjnhfjujkheubgzdj/Build/Products/Debug-iphonesimulator/PackageFrameworks -F /Users/maksimkosharny/Library/Developer/Xcode/DerivedData/FootGameScore-flklpgugjzuqjnhfjujkheubgzdj/Build/Products/Debug-iphonesimulator/PackageFrameworks -F /Users/maksimkosharny/Library/Developer/Xcode/DerivedData/FootGameScore-flklpgugjzuqjnhfjujkheubgzdj/Build/Products/Debug-iphonesimulator/PackageFrameworks -F /Users/maksimkosharny/Library/Developer/Xcode/DerivedData/FootGameScore-flklpgugjzuqjnhfjujkheubgzdj/Build/Products/Debug-iphonesimulator/PackageFrameworks -F /Users/maksimkosharny/Library/Developer/Xcode/DerivedData/FootGameScore-flklpgugjzuqjnhfjujkheubgzdj/Build/Products/Debug-iphonesimulator/PackageFrameworks -F /Users/maksimkosharny/Library/Developer/Xcode/DerivedData/FootGameScore-flklpgugjzuqjnhfjujkheubgzdj/Build/Products/Debug-iphonesimulator/PackageFrameworks -F /Users/maksimkosharny/Library/Developer/Xcode/DerivedData/FootGameScore-flklpgugjzuqjnhfjujkheubgzdj/Build/Products/Debug-iphonesimulator/PackageFrameworks -F /Users/maksimkosharny/Library/Developer/Xcode/DerivedData/FootGameScore-flklpgugjzuqjnhfjujkheubgzdj/Build/Products/Debug-iphonesimulator/PackageFrameworks -F /Users/maksimkosharny/Library/Developer/Xcode/DerivedData/FootGameScore-flklpgugjzuqjnhfjujkheubgzdj/Build/Products/Debug-iphonesimulator/PackageFrameworks -F /Users/maksimkosharny/Library/Developer/Xcode/DerivedData/FootGameScore-flklpgugjzuqjnhfjujkheubgzdj/Build/Products/Debug-iphonesimulator/PackageFrameworks -F /Users/maksimkosharny/Library/Developer/Xcode/DerivedData/FootGameScore-flklpgugjzuqjnhfjujkheubgzdj/Build/Products/Debug-iphonesimulator/PackageFrameworks -F /Users/maksimkosharny/Library/Developer/Xcode/DerivedData/FootGameScore-flklpgugjzuqjnhfjujkheubgzdj/Build/Products/Debug-iphonesimulator/PackageFrameworks -F /Users/maksimkosharny/Library/Developer/Xcode/DerivedData/FootGameScore-flklpgugjzuqjnhfjujkheubgzdj/Build/Products/Debug-iphonesimulator/PackageFrameworks -F /Users/maksimkosharny/Library/Developer/Xcode/DerivedData/FootGameScore-flklpgugjzuqjnhfjujkheubgzdj/Build/Products/Debug-iphonesimulator/PackageFrameworks -F /Users/maksimkosharny/Library/Developer/Xcode/DerivedData/FootGameScore-flklpgugjzuqjnhfjujkheubgzdj/Build/Products/Debug-iphonesimulator/PackageFrameworks -F /Users/maksimkosharny/Library/Developer/Xcode/DerivedData/FootGameScore-flklpgugjzuqjnhfjujkheubgzdj/Build/Products/Debug-iphonesimulator/PackageFrameworks -F /Users/maksimkosharny/Library/Developer/Xcode/DerivedData/FootGameScore-flklpgugjzuqjnhfjujkheubgzdj/Build/Products/Debug-iphonesimulator/PackageFrameworks -F /Users/maksimkosharny/Library/Developer/Xcode/DerivedData/FootGameScore-flklpgugjzuqjnhfjujkheubgzdj/Build/Products/Debug-iphonesimulator/PackageFrameworks -F /Users/maksimkosharny/Library/Developer/Xcode/DerivedData/FootGameScore-flklpgugjzuqjnhfjujkheubgzdj/Build/Products/Debug-iphonesimulator/PackageFrameworks -F /Users/maksimkosharny/Library/Developer/Xcode/DerivedData/FootGameScore-flklpgugjzuqjnhfjujkheubgzdj/Build/Products/Debug-iphonesimulator/PackageFrameworks -F /Users/maksimkosharny/Library/Developer/Xcode/DerivedData/FootGameScore-flklpgugjzuqjnhfjujkheubgzdj/Build/Products/Debug-iphonesimulator/PackageFrameworks -F /Users/maksimkosharny/Library/Developer/Xcode/DerivedData/FootGameScore-flklpgugjzuqjnhfjujkheubgzdj/Build/Products/Debug-iphonesimulator/PackageFrameworks -F /Users/maksimkosharny/Library/Developer/Xcode/DerivedData/FootGameScore-flklpgugjzuqjnhfjujkheubgzdj/Build/Products/Debug-iphonesimulator/PackageFrameworks -F /Users/maksimkosharny/Library/Developer/Xcode/DerivedData/FootGameScore-flklpgugjzuqjnhfjujkheubgzdj/Build/Products/Debug-iphonesimulator -emit-localized-strings -emit-localized-strings-path /Users/maksimkosharny/Library/Developer/Xcode/DerivedData/FootGameScore-flklpgugjzuqjnhfjujkheubgzdj/Build/Intermediates.noindex/FootGameScore.build/Debug-iphonesimulator/FootGameScore.build/Objects-normal/arm64 -c -j8 -enable-batch-mode -incremental -Xcc -ivfsstatcache -Xcc /Users/maksimkosharny/Library/Developer/Xcode/DerivedData/SDKStatCaches.noindex/iphonesimulator26.2-23C53-7d00a8b37fbd7999ea79df8ebc024bf0.sdkstatcache -output-file-map /Users/maksimkosharny/Library/Developer/Xcode/DerivedData/FootGameScore-flklpgugjzuqjnhfjujkheubgzdj/Build/Intermediates.noindex/FootGameScore.build/Debug-iphonesimulator/FootGameScore.build/Objects-normal/arm64/FootGameScore-OutputFileMap.json -use-frontend-parseable-output -save-temps -no-color-diagnostics -explicit-module-build -module-cache-path /Users/maksimkosharny/Library/Developer/Xcode/DerivedData/FootGameScore-flklpgugjzuqjnhfjujkheubgzdj/Build/Intermediates.noindex/SwiftExplicitPrecompiledModules -clang-scanner-module-cache-path /Users/maksimkosharny/Library/Developer/Xcode/DerivedData/ModuleCache.noindex -sdk-module-cache-path /Users/maksimkosharny/Library/Developer/Xcode/DerivedData/ModuleCache.noindex -serialize-diagnostics -emit-dependencies -emit-module -emit-module-path /Users/maksimkosharny/Library/Developer/Xcode/DerivedData/FootGameScore-flklpgugjzuqjnhfjujkheubgzdj/Build/Intermediates.noindex/FootGameScore.build/Debug-iphonesimulator/FootGameScore.build/Objects-normal/arm64/FootGameScore.swiftmodule -validate-clang-modules-once -clang-build-session-file /Users/maksimkosharny/Library/Developer/Xcode/DerivedData/ModuleCache.noindex/Session.modulevalidation -Xcc -I/Users/maksimkosharny/Library/Developer/Xcode/DerivedData/FootGameScore-flklpgugjzuqjnhfjujkheubgzdj/Build/Intermediates.noindex/FootGameScore.build/Debug-iphonesimulator/FootGameScore.build/swift-overrides.hmap -emit-const-values -Xfrontend -const-gather-protocols-file -Xfrontend /Users/maksimkosharny/Library/Developer/Xcode/DerivedData/FootGameScore-flklpgugjzuqjnhfjujkheubgzdj/Build/Intermediates.noindex/FootGameScore.build/Debug-iphonesimulator/FootGameScore.build/Objects-normal/arm64/FootGameScore_const_extract_protocols.json -Xcc -iquote -Xcc /Users/maksimkosharny/Library/Developer/Xcode/DerivedData/FootGameScore-flklpgugjzuqjnhfjujkheubgzdj/Build/Intermediates.noindex/FootGameScore.build/Debug-iphonesimulator/FootGameScore.build/FootGameScore-generated-files.hmap -Xcc -I/Users/maksimkosharny/Library/Developer/Xcode/DerivedData/FootGameScore-flklpgugjzuqjnhfjujkheubgzdj/Build/Intermediates.noindex/FootGameScore.build/Debug-iphonesimulator/FootGameScore.build/FootGameScore-own-target-headers.hmap -Xcc -I/Users/maksimkosharny/Library/Developer/Xcode/DerivedData/FootGameScore-flklpgugjzuqjnhfjujkheubgzdj/Build/Intermediates.noindex/FootGameScore.build/Debug-iphonesimulator/FootGameScore.build/FootGameScore-all-non-framework-target-headers.hmap -Xcc -ivfsoverlay -Xcc /Users/maksimkosharny/Library/Developer/Xcode/DerivedData/FootGameScore-flklpgugjzuqjnhfjujkheubgzdj/Build/Intermediates.noindex/FootGameScore.build/Debug-iphonesimulator/FootGameScore-55613305b72115e5bacf88d6408d133a-VFS-iphonesimulator/all-product-headers.yaml -Xcc -iquote -Xcc /Users/maksimkosharny/Library/Developer/Xcode/DerivedData/FootGameScore-flklpgugjzuqjnhfjujkheubgzdj/Build/Intermediates.noindex/FootGameScore.build/Debug-iphonesimulator/FootGameScore.build/FootGameScore-project-headers.hmap -Xcc -I/Users/maksimkosharny/Library/Developer/Xcode/DerivedData/FootGameScore-flklpgugjzuqjnhfjujkheubgzdj/SourcePackages/checkouts/GoogleDataTransport/GoogleDataTransport/GDTCORLibrary/Public -Xcc -I/Users/maksimkosharny/Library/Developer/Xcode/DerivedData/FootGameScore-flklpgugjzuqjnhfjujkheubgzdj/SourcePackages/checkouts/firebase-ios-sdk/FirebaseMessaging/Sources/Public -Xcc -I/Users/maksimkosharny/Library/Developer/Xcode/DerivedData/FootGameScore-flklpgugjzuqjnhfjujkheubgzdj/SourcePackages/checkouts/promises/Sources/FBLPromises/include -Xcc -I/Users/maksimkosharny/Library/Developer/Xcode/DerivedData/FootGameScore-flklpgugjzuqjnhfjujkheubgzdj/SourcePackages/checkouts/GoogleUtilities/GoogleUtilities/UserDefaults/Public -Xcc -I/Users/maksimkosharny/Library/Developer/Xcode/DerivedData/FootGameScore-flklpgugjzuqjnhfjujkheubgzdj/SourcePackages/checkouts/GoogleAppMeasurement/GoogleAppMeasurementCoreWrapper/include -Xcc -I/Users/maksimkosharny/Library/Developer/Xcode/DerivedData/FootGameScore-flklpgugjzuqjnhfjujkheubgzdj/SourcePackages/checkouts/GoogleUtilities/GoogleUtilities/MethodSwizzler/Public -Xcc -I/Users/maksimkosharny/Library/Developer/Xcode/DerivedData/FootGameScore-flklpgugjzuqjnhfjujkheubgzdj/SourcePackages/checkouts/firebase-ios-sdk/FirebaseAnalyticsCoreWrapper/include -Xcc -I/Users/maksimkosharny/Library/Developer/Xcode/DerivedData/FootGameScore-flklpgugjzuqjnhfjujkheubgzdj/SourcePackages/checkouts/firebase-ios-sdk/FirebaseInstallations/Source/Library/Public -Xcc -I/Users/maksimkosharny/Library/Developer/Xcode/DerivedData/FootGameScore-flklpgugjzuqjnhfjujkheubgzdj/SourcePackages/checkouts/firebase-ios-sdk/SwiftPM-PlatformExclude/FirebaseAnalyticsCoreWrap/include -Xcc -I/Users/maksimkosharny/Library/Developer/Xcode/DerivedData/FootGameScore-flklpgugjzuqjnhfjujkheubgzdj/SourcePackages/checkouts/interop-ios-for-google-sdks/RecaptchaEnterprise/RecaptchaInterop/Public -Xcc -I/Users/maksimkosharny/Library/Developer/Xcode/DerivedData/FootGameScore-flklpgugjzuqjnhfjujkheubgzdj/SourcePackages/checkouts/GoogleUtilities/GoogleUtilities/Network/Public -Xcc -I/Users/maksimkosharny/Library/Developer/Xcode/DerivedData/FootGameScore-flklpgugjzuqjnhfjujkheubgzdj/SourcePackages/checkouts/GoogleUtilities/GoogleUtilities/Reachability/Public -Xcc -I/Users/maksimkosharny/Library/Developer/Xcode/DerivedData/FootGameScore-flklpgugjzuqjnhfjujkheubgzdj/SourcePackages/checkouts/GoogleUtilities/GoogleUtilities/AppDelegateSwizzler/Public -Xcc -I/Users/maksimkosharny/Library/Developer/Xcode/DerivedData/FootGameScore-flklpgugjzuqjnhfjujkheubgzdj/SourcePackages/checkouts/gtm-session-fetcher/Sources/Core/Public -Xcc -I/Users/maksimkosharny/Library/Developer/Xcode/DerivedData/FootGameScore-flklpgugjzuqjnhfjujkheubgzdj/SourcePackages/checkouts/firebase-ios-sdk/FirebaseAuth/Sources/Public -Xcc -I/Users/maksimkosharny/Library/Developer/Xcode/DerivedData/FootGameScore-flklpgugjzuqjnhfjujkheubgzdj/SourcePackages/checkouts/firebase-ios-sdk/FirebaseAuth/Interop/Public -Xcc -I/Users/maksimkosharny/Library/Developer/Xcode/DerivedData/FootGameScore-flklpgugjzuqjnhfjujkheubgzdj/SourcePackages/checkouts/GoogleUtilities/GoogleUtilities/NSData+zlib/Public -Xcc -I/Users/maksimkosharny/Library/Developer/Xcode/DerivedData/FootGameScore-flklpgugjzuqjnhfjujkheubgzdj/SourcePackages/checkouts/GoogleUtilities/GoogleUtilities/Environment/Public -Xcc -I/Users/maksimkosharny/Library/Developer/Xcode/DerivedData/FootGameScore-flklpgugjzuqjnhfjujkheubgzdj/SourcePackages/checkouts/GoogleUtilities/third_party/IsAppEncrypted/Public -Xcc -I/Users/maksimkosharny/Library/Developer/Xcode/DerivedData/FootGameScore-flklpgugjzuqjnhfjujkheubgzdj/SourcePackages/checkouts/GoogleUtilities/GoogleUtilities/Logger/Public -Xcc -I/Users/maksimkosharny/Library/Developer/Xcode/DerivedData/FootGameScore-flklpgugjzuqjnhfjujkheubgzdj/SourcePackages/checkouts/abseil-cpp-binary/absl-Wrapper/include -Xcc -I/Users/maksimkosharny/Library/Developer/Xcode/DerivedData/FootGameScore-flklpgugjzuqjnhfjujkheubgzdj/SourcePackages/checkouts/grpc-binary/openssl-grpc-Wrapper/include -Xcc -I/Users/maksimkosharny/Library/Developer/Xcode/DerivedData/FootGameScore-flklpgugjzuqjnhfjujkheubgzdj/SourcePackages/checkouts/grpc-binary/grpc-Wrapper/include -Xcc -I/Users/maksimkosharny/Library/Developer/Xcode/DerivedData/FootGameScore-flklpgugjzuqjnhfjujkheubgzdj/SourcePackages/checkouts/grpc-binary/grpcpp-Wrapper/include -Xcc -I/Users/maksimkosharny/Library/Developer/Xcode/DerivedData/FootGameScore-flklpgugjzuqjnhfjujkheubgzdj/SourcePackages/checkouts/nanopb/spm_headers -Xcc -I/Users/maksimkosharny/Library/Developer/Xcode/DerivedData/FootGameScore-flklpgugjzuqjnhfjujkheubgzdj/SourcePackages/checkouts/leveldb/include -Xcc -I/Users/maksimkosharny/Library/Developer/Xcode/DerivedData/FootGameScore-flklpgugjzuqjnhfjujkheubgzdj/SourcePackages/checkouts/firebase-ios-sdk/FirebaseCore/Extension -Xcc -I/Users/maksimkosharny/Library/Developer/Xcode/DerivedData/FootGameScore-flklpgugjzuqjnhfjujkheubgzdj/SourcePackages/checkouts/firebase-ios-sdk/FirebaseCore/Sources/Public -Xcc -I/Users/maksimkosharny/Library/Developer/Xcode/DerivedData/FootGameScore-flklpgugjzuqjnhfjujkheubgzdj/SourcePackages/checkouts/firebase-ios-sdk/CoreOnly/Sources -Xcc -I/Users/maksimkosharny/Library/Developer/Xcode/DerivedData/FootGameScore-flklpgugjzuqjnhfjujkheubgzdj/SourcePackages/checkouts/firebase-ios-sdk/FirebaseAppCheck/Interop/Public -Xcc -I/Users/maksimkosharny/Library/Developer/Xcode/DerivedData/FootGameScore-flklpgugjzuqjnhfjujkheubgzdj/SourcePackages/checkouts/firebase-ios-sdk/FirebaseFirestoreInternal -Xcc -I/Users/maksimkosharny/Library/Developer/Xcode/DerivedData/FootGameScore-flklpgugjzuqjnhfjujkheubgzdj/SourcePackages/checkouts/firebase-ios-sdk/SwiftPM-PlatformExclude/FirebaseFirestoreWrap/include -Xcc -I/Users/maksimkosharny/Library/Developer/Xcode/DerivedData/FootGameScore-flklpgugjzuqjnhfjujkheubgzdj/Build/Products/Debug-iphonesimulator/include -Xcc -I/Users/maksimkosharny/Library/Developer/Xcode/DerivedData/FootGameScore-flklpgugjzuqjnhfjujkheubgzdj/Build/Intermediates.noindex/FootGameScore.build/Debug-iphonesimulator/FootGameScore.build/DerivedSources-normal/arm64 -Xcc -I/Users/maksimkosharny/Library/Developer/Xcode/DerivedData/FootGameScore-flklpgugjzuqjnhfjujkheubgzdj/Build/Intermediates.noindex/FootGameScore.build/Debug-iphonesimulator/FootGameScore.build/DerivedSources/arm64 -Xcc -I/Users/maksimkosharny/Library/Developer/Xcode/DerivedData/FootGameScore-flklpgugjzuqjnhfjujkheubgzdj/Build/Intermediates.noindex/FootGameScore.build/Debug-iphonesimulator/FootGameScore.build/DerivedSources -Xcc -DDEBUG\=1 -emit-objc-header -emit-objc-header-path /Users/maksimkosharny/Library/Developer/Xcode/DerivedData/FootGameScore-flklpgugjzuqjnhfjujkheubgzdj/Build/Intermediates.noindex/FootGameScore.build/Debug-iphonesimulator/FootGameScore.build/Objects-normal/arm64/FootGameScore-Swift.h -working-directory /Users/maksimkosharny/Desktop/Developer/FootGameScore -experimental-emit-module-separately -disable-cmo

CompileAssetCatalogVariant thinned /Users/maksimkosharny/Library/Developer/Xcode/DerivedData/FootGameScore-flklpgugjzuqjnhfjujkheubgzdj/Build/Products/Debug-iphonesimulator/FootGameScore.app /Users/maksimkosharny/Desktop/Developer/FootGameScore/FootGameScore/Resources/Assets/Assets.xcassets (in target 'FootGameScore' from project 'FootGameScore')
    cd /Users/maksimkosharny/Desktop/Developer/FootGameScore
    /Applications/Xcode.app/Contents/Developer/usr/bin/actool /Users/maksimkosharny/Desktop/Developer/FootGameScore/FootGameScore/Resources/Assets/Assets.xcassets --compile /Users/maksimkosharny/Library/Developer/Xcode/DerivedData/FootGameScore-flklpgugjzuqjnhfjujkheubgzdj/Build/Intermediates.noindex/FootGameScore.build/Debug-iphonesimulator/FootGameScore.build/assetcatalog_output/thinned --output-format human-readable-text --notices --warnings --export-dependency-info /Users/maksimkosharny/Library/Developer/Xcode/DerivedData/FootGameScore-flklpgugjzuqjnhfjujkheubgzdj/Build/Intermediates.noindex/FootGameScore.build/Debug-iphonesimulator/FootGameScore.build/assetcatalog_dependencies_thinned --output-partial-info-plist /Users/maksimkosharny/Library/Developer/Xcode/DerivedData/FootGameScore-flklpgugjzuqjnhfjujkheubgzdj/Build/Intermediates.noindex/FootGameScore.build/Debug-iphonesimulator/FootGameScore.build/assetcatalog_generated_info.plist_thinned --app-icon AppIcon --accent-color AccentColor --compress-pngs --enable-on-demand-resources YES --development-region en --target-device iphone --minimum-deployment-target 16.6 --platform iphonesimulator

Ld /Users/maksimkosharny/Library/Developer/Xcode/DerivedData/FootGameScore-flklpgugjzuqjnhfjujkheubgzdj/Build/Intermediates.noindex/Firebase.build/Debug-iphonesimulator/FirebaseAuth.build/Objects-normal/arm64/Binary/FirebaseAuth.o normal arm64 (in target 'FirebaseAuth' from project 'Firebase')
    cd /Users/maksimkosharny/Library/Developer/Xcode/DerivedData/FootGameScore-flklpgugjzuqjnhfjujkheubgzdj/SourcePackages/checkouts/firebase-ios-sdk
    /Applications/Xcode.app/Contents/Developer/Toolchains/XcodeDefault.xctoolchain/usr/bin/clang -Xlinker -reproducible -target arm64-apple-ios15.0-simulator -r -isysroot /Applications/Xcode.app/Contents/Developer/Platforms/iPhoneSimulator.platform/Developer/SDKs/iPhoneSimulator26.2.sdk -O0 -w -L/Users/maksimkosharny/Library/Developer/Xcode/DerivedData/FootGameScore-flklpgugjzuqjnhfjujkheubgzdj/Build/Intermediates.noindex/EagerLinkingTBDs/Debug-iphonesimulator -L/Users/maksimkosharny/Library/Developer/Xcode/DerivedData/FootGameScore-flklpgugjzuqjnhfjujkheubgzdj/Build/Products/Debug-iphonesimulator -L/Applications/Xcode.app/Contents/Developer/Platforms/iPhoneSimulator.platform/Developer/usr/lib -F/Users/maksimkosharny/Library/Developer/Xcode/DerivedData/FootGameScore-flklpgugjzuqjnhfjujkheubgzdj/Build/Intermediates.noindex/EagerLinkingTBDs/Debug-iphonesimulator -F/Users/maksimkosharny/Library/Developer/Xcode/DerivedData/FootGameScore-flklpgugjzuqjnhfjujkheubgzdj/Build/Products/Debug-iphonesimulator/PackageFrameworks -F/Users/maksimkosharny/Library/Developer/Xcode/DerivedData/FootGameScore-flklpgugjzuqjnhfjujkheubgzdj/Build/Products/Debug-iphonesimulator/PackageFrameworks -F/Users/maksimkosharny/Library/Developer/Xcode/DerivedData/FootGameScore-flklpgugjzuqjnhfjujkheubgzdj/Build/Products/Debug-iphonesimulator/PackageFrameworks -F/Users/maksimkosharny/Library/Developer/Xcode/DerivedData/FootGameScore-flklpgugjzuqjnhfjujkheubgzdj/Build/Products/Debug-iphonesimulator/PackageFrameworks -F/Users/maksimkosharny/Library/Developer/Xcode/DerivedData/FootGameScore-flklpgugjzuqjnhfjujkheubgzdj/Build/Products/Debug-iphonesimulator/PackageFrameworks -F/Users/maksimkosharny/Library/Developer/Xcode/DerivedData/FootGameScore-flklpgugjzuqjnhfjujkheubgzdj/Build/Products/Debug-iphonesimulator/PackageFrameworks -F/Users/maksimkosharny/Library/Developer/Xcode/DerivedData/FootGameScore-flklpgugjzuqjnhfjujkheubgzdj/Build/Products/Debug-iphonesimulator/PackageFrameworks -F/Users/maksimkosharny/Library/Developer/Xcode/DerivedData/FootGameScore-flklpgugjzuqjnhfjujkheubgzdj/Build/Products/Debug-iphonesimulator/PackageFrameworks -F/Users/maksimkosharny/Library/Developer/Xcode/DerivedData/FootGameScore-flklpgugjzuqjnhfjujkheubgzdj/Build/Products/Debug-iphonesimulator/PackageFrameworks -F/Users/maksimkosharny/Library/Developer/Xcode/DerivedData/FootGameScore-flklpgugjzuqjnhfjujkheubgzdj/Build/Products/Debug-iphonesimulator/PackageFrameworks -F/Users/maksimkosharny/Library/Developer/Xcode/DerivedData/FootGameScore-flklpgugjzuqjnhfjujkheubgzdj/Build/Products/Debug-iphonesimulator/PackageFrameworks -F/Users/maksimkosharny/Library/Developer/Xcode/DerivedData/FootGameScore-flklpgugjzuqjnhfjujkheubgzdj/Build/Products/Debug-iphonesimulator/PackageFrameworks -F/Users/maksimkosharny/Library/Developer/Xcode/DerivedData/FootGameScore-flklpgugjzuqjnhfjujkheubgzdj/Build/Products/Debug-iphonesimulator/PackageFrameworks -F/Users/maksimkosharny/Library/Developer/Xcode/DerivedData/FootGameScore-flklpgugjzuqjnhfjujkheubgzdj/Build/Products/Debug-iphonesimulator/PackageFrameworks -F/Users/maksimkosharny/Library/Developer/Xcode/DerivedData/FootGameScore-flklpgugjzuqjnhfjujkheubgzdj/Build/Products/Debug-iphonesimulator/PackageFrameworks -F/Users/maksimkosharny/Library/Developer/Xcode/DerivedData/FootGameScore-flklpgugjzuqjnhfjujkheubgzdj/Build/Products/Debug-iphonesimulator/PackageFrameworks -F/Users/maksimkosharny/Library/Developer/Xcode/DerivedData/FootGameScore-flklpgugjzuqjnhfjujkheubgzdj/Build/Products/Debug-iphonesimulator -iframework /Applications/Xcode.app/Contents/Developer/Platforms/iPhoneSimulator.platform/Developer/Library/Frameworks -iframework /Applications/Xcode.app/Contents/Developer/Platforms/iPhoneSimulator.platform/Developer/SDKs/iPhoneSimulator26.2.sdk/Developer/Library/Frameworks -filelist /Users/maksimkosharny/Library/Developer/Xcode/DerivedData/FootGameScore-flklpgugjzuqjnhfjujkheubgzdj/Build/Intermediates.noindex/Firebase.build/Debug-iphonesimulator/FirebaseAuth.build/Objects-normal/arm64/FirebaseAuth.LinkFileList -nostdlib -Xlinker -object_path_lto -Xlinker /Users/maksimkosharny/Library/Developer/Xcode/DerivedData/FootGameScore-flklpgugjzuqjnhfjujkheubgzdj/Build/Intermediates.noindex/Firebase.build/Debug-iphonesimulator/FirebaseAuth.build/Objects-normal/arm64/FirebaseAuth_lto.o -rdynamic -Xlinker -no_deduplicate -Xlinker -objc_abi_version -Xlinker 2 -Xlinker -dependency_info -Xlinker /Users/maksimkosharny/Library/Developer/Xcode/DerivedData/FootGameScore-flklpgugjzuqjnhfjujkheubgzdj/Build/Intermediates.noindex/Firebase.build/Debug-iphonesimulator/FirebaseAuth.build/Objects-normal/arm64/FirebaseAuth_dependency_info.dat -fobjc-link-runtime -L/Applications/Xcode.app/Contents/Developer/Toolchains/XcodeDefault.xctoolchain/usr/lib/swift/iphonesimulator -L/usr/lib/swift -Xlinker -add_ast_path -Xlinker /Users/maksimkosharny/Library/Developer/Xcode/DerivedData/FootGameScore-flklpgugjzuqjnhfjujkheubgzdj/Build/Intermediates.noindex/Firebase.build/Debug-iphonesimulator/FirebaseAuth.build/Objects-normal/arm64/FirebaseAuth.swiftmodule @/Users/maksimkosharny/Library/Developer/Xcode/DerivedData/FootGameScore-flklpgugjzuqjnhfjujkheubgzdj/Build/Intermediates.noindex/Firebase.build/Debug-iphonesimulator/FirebaseAuth.build/Objects-normal/arm64/FirebaseAuth-linker-args.resp -o /Users/maksimkosharny/Library/Developer/Xcode/DerivedData/FootGameScore-flklpgugjzuqjnhfjujkheubgzdj/Build/Intermediates.noindex/Firebase.build/Debug-iphonesimulator/FirebaseAuth.build/Objects-normal/arm64/Binary/FirebaseAuth.o

CreateUniversalBinary /Users/maksimkosharny/Library/Developer/Xcode/DerivedData/FootGameScore-flklpgugjzuqjnhfjujkheubgzdj/Build/Products/Debug-iphonesimulator/FirebaseAuth.o normal arm64\ x86_64 (in target 'FirebaseAuth' from project 'Firebase')
    cd /Users/maksimkosharny/Library/Developer/Xcode/DerivedData/FootGameScore-flklpgugjzuqjnhfjujkheubgzdj/SourcePackages/checkouts/firebase-ios-sdk
    /Applications/Xcode.app/Contents/Developer/Toolchains/XcodeDefault.xctoolchain/usr/bin/lipo -create /Users/maksimkosharny/Library/Developer/Xcode/DerivedData/FootGameScore-flklpgugjzuqjnhfjujkheubgzdj/Build/Intermediates.noindex/Firebase.build/Debug-iphonesimulator/FirebaseAuth.build/Objects-normal/arm64/Binary/FirebaseAuth.o /Users/maksimkosharny/Library/Developer/Xcode/DerivedData/FootGameScore-flklpgugjzuqjnhfjujkheubgzdj/Build/Intermediates.noindex/Firebase.build/Debug-iphonesimulator/FirebaseAuth.build/Objects-normal/x86_64/Binary/FirebaseAuth.o -output /Users/maksimkosharny/Library/Developer/Xcode/DerivedData/FootGameScore-flklpgugjzuqjnhfjujkheubgzdj/Build/Products/Debug-iphonesimulator/FirebaseAuth.o

ExtractAppIntentsMetadata (in target 'FirebaseAuth' from project 'Firebase')
    cd /Users/maksimkosharny/Library/Developer/Xcode/DerivedData/FootGameScore-flklpgugjzuqjnhfjujkheubgzdj/SourcePackages/checkouts/firebase-ios-sdk
    /Applications/Xcode.app/Contents/Developer/Toolchains/XcodeDefault.xctoolchain/usr/bin/appintentsmetadataprocessor --toolchain-dir /Applications/Xcode.app/Contents/Developer/Toolchains/XcodeDefault.xctoolchain --module-name FirebaseAuth --sdk-root /Applications/Xcode.app/Contents/Developer/Platforms/iPhoneSimulator.platform/Developer/SDKs/iPhoneSimulator26.2.sdk --xcode-version 17C52 --platform-family iOS --deployment-target 15.0 --bundle-identifier firebase-ios-sdk.FirebaseAuth --output /Users/maksimkosharny/Library/Developer/Xcode/DerivedData/FootGameScore-flklpgugjzuqjnhfjujkheubgzdj/Build/Products/Debug-iphonesimulator/FirebaseAuth.appintents --target-triple arm64-apple-ios15.0-simulator --target-triple x86_64-apple-ios15.0-simulator --binary-file /Users/maksimkosharny/Library/Developer/Xcode/DerivedData/FootGameScore-flklpgugjzuqjnhfjujkheubgzdj/Build/Products/Debug-iphonesimulator/FirebaseAuth.o --dependency-file /Users/maksimkosharny/Library/Developer/Xcode/DerivedData/FootGameScore-flklpgugjzuqjnhfjujkheubgzdj/Build/Intermediates.noindex/Firebase.build/Debug-iphonesimulator/FirebaseAuth.build/Objects-normal/arm64/FirebaseAuth_dependency_info.dat --dependency-file /Users/maksimkosharny/Library/Developer/Xcode/DerivedData/FootGameScore-flklpgugjzuqjnhfjujkheubgzdj/Build/Intermediates.noindex/Firebase.build/Debug-iphonesimulator/FirebaseAuth.build/Objects-normal/x86_64/FirebaseAuth_dependency_info.dat --stringsdata-file /Users/maksimkosharny/Library/Developer/Xcode/DerivedData/FootGameScore-flklpgugjzuqjnhfjujkheubgzdj/Build/Intermediates.noindex/Firebase.build/Debug-iphonesimulator/FirebaseAuth.build/Objects-normal/arm64/ExtractedAppShortcutsMetadata.stringsdata --stringsdata-file /Users/maksimkosharny/Library/Developer/Xcode/DerivedData/FootGameScore-flklpgugjzuqjnhfjujkheubgzdj/Build/Intermediates.noindex/Firebase.build/Debug-iphonesimulator/FirebaseAuth.build/Objects-normal/x86_64/ExtractedAppShortcutsMetadata.stringsdata --source-file-list /Users/maksimkosharny/Library/Developer/Xcode/DerivedData/FootGameScore-flklpgugjzuqjnhfjujkheubgzdj/Build/Intermediates.noindex/Firebase.build/Debug-iphonesimulator/FirebaseAuth.build/Objects-normal/arm64/FirebaseAuth.SwiftFileList --source-file-list /Users/maksimkosharny/Library/Developer/Xcode/DerivedData/FootGameScore-flklpgugjzuqjnhfjujkheubgzdj/Build/Intermediates.noindex/Firebase.build/Debug-iphonesimulator/FirebaseAuth.build/Objects-normal/x86_64/FirebaseAuth.SwiftFileList --metadata-file-list /Users/maksimkosharny/Library/Developer/Xcode/DerivedData/FootGameScore-flklpgugjzuqjnhfjujkheubgzdj/Build/Intermediates.noindex/Firebase.build/Debug-iphonesimulator/FirebaseAuth.build/FirebaseAuth.DependencyMetadataFileList --static-metadata-file-list /Users/maksimkosharny/Library/Developer/Xcode/DerivedData/FootGameScore-flklpgugjzuqjnhfjujkheubgzdj/Build/Intermediates.noindex/Firebase.build/Debug-iphonesimulator/FirebaseAuth.build/FirebaseAuth.DependencyStaticMetadataFileList --swift-const-vals-list /Users/maksimkosharny/Library/Developer/Xcode/DerivedData/FootGameScore-flklpgugjzuqjnhfjujkheubgzdj/Build/Intermediates.noindex/Firebase.build/Debug-iphonesimulator/FirebaseAuth.build/Objects-normal/arm64/FirebaseAuth.SwiftConstValuesFileList --swift-const-vals-list /Users/maksimkosharny/Library/Developer/Xcode/DerivedData/FootGameScore-flklpgugjzuqjnhfjujkheubgzdj/Build/Intermediates.noindex/Firebase.build/Debug-iphonesimulator/FirebaseAuth.build/Objects-normal/x86_64/FirebaseAuth.SwiftConstValuesFileList --force --compile-time-extraction --deployment-aware-processing --validate-assistant-intents --no-app-shortcuts-localization
2026-02-11 18:43:01.125 appintentsmetadataprocessor[96298:4053017] Starting appintentsmetadataprocessor export
2026-02-11 18:43:01.342 appintentsmetadataprocessor[96298:4053017] Extracted no relevant App Intents symbols, skipping writing output

SwiftEmitModule normal x86_64 Emitting\ module\ for\ FootGameScore (in target 'FootGameScore' from project 'FootGameScore')

EmitSwiftModule normal x86_64 (in target 'FootGameScore' from project 'FootGameScore')
    cd /Users/maksimkosharny/Desktop/Developer/FootGameScore
    

SwiftEmitModule normal arm64 Emitting\ module\ for\ FootGameScore (in target 'FootGameScore' from project 'FootGameScore')

EmitSwiftModule normal arm64 (in target 'FootGameScore' from project 'FootGameScore')
    cd /Users/maksimkosharny/Desktop/Developer/FootGameScore
    

SwiftCompile normal x86_64 Compiling\ ModelFG.swift,\ StoreManagerFG.swift,\ ViewModelFG.swift /Users/maksimkosharny/Desktop/Developer/FootGameScore/FootGameScore/Models/ModelFG.swift /Users/maksimkosharny/Desktop/Developer/FootGameScore/FootGameScore/Store/StoreManagerFG.swift /Users/maksimkosharny/Desktop/Developer/FootGameScore/FootGameScore/ViewModels/ViewModelFG.swift (in target 'FootGameScore' from project 'FootGameScore')
SwiftCompile normal x86_64 /Users/maksimkosharny/Desktop/Developer/FootGameScore/FootGameScore/Models/ModelFG.swift (in target 'FootGameScore' from project 'FootGameScore')
    cd /Users/maksimkosharny/Desktop/Developer/FootGameScore
    

SwiftCompile normal x86_64 /Users/maksimkosharny/Desktop/Developer/FootGameScore/FootGameScore/Store/StoreManagerFG.swift (in target 'FootGameScore' from project 'FootGameScore')
    cd /Users/maksimkosharny/Desktop/Developer/FootGameScore
    

SwiftCompile normal x86_64 /Users/maksimkosharny/Desktop/Developer/FootGameScore/FootGameScore/ViewModels/ViewModelFG.swift (in target 'FootGameScore' from project 'FootGameScore')
    cd /Users/maksimkosharny/Desktop/Developer/FootGameScore
    

SwiftCompile normal x86_64 Compiling\ MainViewFG.swift,\ OnboardingViewFG.swift,\ SplashViewFG.swift /Users/maksimkosharny/Desktop/Developer/FootGameScore/FootGameScore/Views/Core/MainViewFG.swift /Users/maksimkosharny/Desktop/Developer/FootGameScore/FootGameScore/Views/Core/OnboardingViewFG.swift /Users/maksimkosharny/Desktop/Developer/FootGameScore/FootGameScore/Views/Core/SplashViewFG.swift (in target 'FootGameScore' from project 'FootGameScore')
SwiftCompile normal x86_64 /Users/maksimkosharny/Desktop/Developer/FootGameScore/FootGameScore/Views/Core/MainViewFG.swift (in target 'FootGameScore' from project 'FootGameScore')
    cd /Users/maksimkosharny/Desktop/Developer/FootGameScore
    

SwiftCompile normal x86_64 /Users/maksimkosharny/Desktop/Developer/FootGameScore/FootGameScore/Views/Core/OnboardingViewFG.swift (in target 'FootGameScore' from project 'FootGameScore')
    cd /Users/maksimkosharny/Desktop/Developer/FootGameScore
    

SwiftCompile normal x86_64 /Users/maksimkosharny/Desktop/Developer/FootGameScore/FootGameScore/Views/Core/SplashViewFG.swift (in target 'FootGameScore' from project 'FootGameScore')
    cd /Users/maksimkosharny/Desktop/Developer/FootGameScore
    

SwiftCompile normal x86_64 Compiling\ HomeViewFG.swift,\ DetailsViewFG.swift,\ JournalViewFG.swift /Users/maksimkosharny/Desktop/Developer/FootGameScore/FootGameScore/Views/Home/HomeViewFG.swift /Users/maksimkosharny/Desktop/Developer/FootGameScore/FootGameScore/Views/Journal/DetailsViewFG.swift /Users/maksimkosharny/Desktop/Developer/FootGameScore/FootGameScore/Views/Journal/JournalViewFG.swift (in target 'FootGameScore' from project 'FootGameScore')

SwiftCompile normal x86_64 /Users/maksimkosharny/Desktop/Developer/FootGameScore/FootGameScore/Views/Home/HomeViewFG.swift (in target 'FootGameScore' from project 'FootGameScore')
    cd /Users/maksimkosharny/Desktop/Developer/FootGameScore
    

SwiftCompile normal x86_64 /Users/maksimkosharny/Desktop/Developer/FootGameScore/FootGameScore/Views/Journal/DetailsViewFG.swift (in target 'FootGameScore' from project 'FootGameScore')
    cd /Users/maksimkosharny/Desktop/Developer/FootGameScore
    

SwiftCompile normal x86_64 /Users/maksimkosharny/Desktop/Developer/FootGameScore/FootGameScore/Views/Journal/JournalViewFG.swift (in target 'FootGameScore' from project 'FootGameScore')
    cd /Users/maksimkosharny/Desktop/Developer/FootGameScore
    

SwiftCompile normal x86_64 Compiling\ FootGameScoreApp.swift,\ ComponentsFG.swift,\ CustomAlertFG.swift,\ Color+ExtensionsFG.swift /Users/maksimkosharny/Desktop/Developer/FootGameScore/FootGameScore/App/FootGameScoreApp.swift /Users/maksimkosharny/Desktop/Developer/FootGameScore/FootGameScore/Components/ComponentsFG.swift /Users/maksimkosharny/Desktop/Developer/FootGameScore/FootGameScore/Components/CustomAlertFG.swift /Users/maksimkosharny/Desktop/Developer/FootGameScore/FootGameScore/Core/Color+ExtensionsFG.swift (in target 'FootGameScore' from project 'FootGameScore')

SwiftCompile normal x86_64 /Users/maksimkosharny/Desktop/Developer/FootGameScore/FootGameScore/App/FootGameScoreApp.swift (in target 'FootGameScore' from project 'FootGameScore')
    cd /Users/maksimkosharny/Desktop/Developer/FootGameScore
    

SwiftCompile normal x86_64 /Users/maksimkosharny/Desktop/Developer/FootGameScore/FootGameScore/Components/ComponentsFG.swift (in target 'FootGameScore' from project 'FootGameScore')
    cd /Users/maksimkosharny/Desktop/Developer/FootGameScore
    

SwiftCompile normal x86_64 /Users/maksimkosharny/Desktop/Developer/FootGameScore/FootGameScore/Components/CustomAlertFG.swift (in target 'FootGameScore' from project 'FootGameScore')
    cd /Users/maksimkosharny/Desktop/Developer/FootGameScore
    

SwiftCompile normal x86_64 /Users/maksimkosharny/Desktop/Developer/FootGameScore/FootGameScore/Core/Color+ExtensionsFG.swift (in target 'FootGameScore' from project 'FootGameScore')
    cd /Users/maksimkosharny/Desktop/Developer/FootGameScore
    

SwiftCompile normal x86_64 Compiling\ SettingsViewFG.swift,\ StatViewFG.swift,\ MatchSimulationViewFG.swift /Users/maksimkosharny/Desktop/Developer/FootGameScore/FootGameScore/Views/Settings/SettingsViewFG.swift /Users/maksimkosharny/Desktop/Developer/FootGameScore/FootGameScore/Views/Stats/StatViewFG.swift /Users/maksimkosharny/Desktop/Developer/FootGameScore/FootGameScore/Views/Tactics/MatchSimulationViewFG.swift (in target 'FootGameScore' from project 'FootGameScore')
Failed frontend command:
/Applications/Xcode.app/Contents/Developer/Toolchains/XcodeDefault.xctoolchain/usr/bin/swift-frontend -frontend -c /Users/maksimkosharny/Desktop/Developer/FootGameScore/FootGameScore/App/FootGameScoreApp.swift /Users/maksimkosharny/Desktop/Developer/FootGameScore/FootGameScore/Components/ComponentsFG.swift /Users/maksimkosharny/Desktop/Developer/FootGameScore/FootGameScore/Components/CustomAlertFG.swift /Users/maksimkosharny/Desktop/Developer/FootGameScore/FootGameScore/Core/Color+ExtensionsFG.swift /Users/maksimkosharny/Desktop/Developer/FootGameScore/FootGameScore/Core/OnboardingImageFG.swift /Users/maksimkosharny/Desktop/Developer/FootGameScore/FootGameScore/Core/StoreLogicFG.swift /Users/maksimkosharny/Desktop/Developer/FootGameScore/FootGameScore/Core/ThemeManagerFG.swift /Users/maksimkosharny/Desktop/Developer/FootGameScore/FootGameScore/Core/TrackingManagerFG.swift /Users/maksimkosharny/Desktop/Developer/FootGameScore/FootGameScore/Models/ModelFG.swift /Users/maksimkosharny/Desktop/Developer/FootGameScore/FootGameScore/Store/StoreManagerFG.swift /Users/maksimkosharny/Desktop/Developer/FootGameScore/FootGameScore/ViewModels/ViewModelFG.swift /Users/maksimkosharny/Desktop/Developer/FootGameScore/FootGameScore/Views/Content/NutritionViewFG.swift /Users/maksimkosharny/Desktop/Developer/FootGameScore/FootGameScore/Views/Content/TrainingProgramViewFG.swift /Users/maksimkosharny/Desktop/Developer/FootGameScore/FootGameScore/Views/Core/FavoritesViewFG.swift /Users/maksimkosharny/Desktop/Developer/FootGameScore/FootGameScore/Views/Core/MainViewFG.swift /Users/maksimkosharny/Desktop/Developer/FootGameScore/FootGameScore/Views/Core/OnboardingViewFG.swift /Users/maksimkosharny/Desktop/Developer/FootGameScore/FootGameScore/Views/Core/SplashViewFG.swift /Users/maksimkosharny/Desktop/Developer/FootGameScore/FootGameScore/Views/Home/HomeViewFG.swift /Users/maksimkosharny/Desktop/Developer/FootGameScore/FootGameScore/Views/Journal/DetailsViewFG.swift /Users/maksimkosharny/Desktop/Developer/FootGameScore/FootGameScore/Views/Journal/JournalViewFG.swift /Users/maksimkosharny/Desktop/Developer/FootGameScore/FootGameScore/Views/Search/SearchViewFG.swift /Users/maksimkosharny/Desktop/Developer/FootGameScore/FootGameScore/Views/Settings/AboutViewFG.swift /Users/maksimkosharny/Desktop/Developer/FootGameScore/FootGameScore/Views/Settings/PaywallViewFG.swift -primary-file /Users/maksimkosharny/Desktop/Developer/FootGameScore/FootGameScore/Views/Settings/SettingsViewFG.swift -primary-file /Users/maksimkosharny/Desktop/Developer/FootGameScore/FootGameScore/Views/Stats/StatViewFG.swift -primary-file /Users/maksimkosharny/Desktop/Developer/FootGameScore/FootGameScore/Views/Tactics/MatchSimulationViewFG.swift /Users/maksimkosharny/Desktop/Developer/FootGameScore/FootGameScore/Views/Tactics/TacticsBoardViewFG.swift /Users/maksimkosharny/Desktop/Developer/FootGameScore/FootGameScore/Views/Tasks/TasksViewFG.swift /Users/maksimkosharny/Library/Developer/Xcode/DerivedData/FootGameScore-flklpgugjzuqjnhfjujkheubgzdj/Build/Intermediates.noindex/FootGameScore.build/Debug-iphonesimulator/FootGameScore.build/DerivedSources/GeneratedAssetSymbols.swift -supplementary-output-file-map /Users/maksimkosharny/Library/Developer/Xcode/DerivedData/FootGameScore-flklpgugjzuqjnhfjujkheubgzdj/Build/Intermediates.noindex/FootGameScore.build/Debug-iphonesimulator/FootGameScore.build/Objects-normal/x86_64/supplementaryOutputs-14 -emit-localized-strings -emit-localized-strings-path /Users/maksimkosharny/Library/Developer/Xcode/DerivedData/FootGameScore-flklpgugjzuqjnhfjujkheubgzdj/Build/Intermediates.noindex/FootGameScore.build/Debug-iphonesimulator/FootGameScore.build/Objects-normal/x86_64 -target x86_64-apple-ios16.6-simulator -module-can-import-version DeveloperToolsSupport 23.0.4 23.0.4 -module-can-import-version SwiftUI 7.2.5.1 7.2.5 -module-can-import-version UIKit 9126.2.4.1 9126.2.4 -disable-cross-import-overlay-search -swift-module-cross-import StoreKit /Applications/Xcode.app/Contents/Developer/Platforms/iPhoneSimulator.platform/Developer/SDKs/iPhoneSimulator.sdk/System/Library/Frameworks/StoreKit.framework/Modules/StoreKit.swiftcrossimport/SwiftUI.swiftoverlay -swift-module-cross-import StoreKit /Applications/Xcode.app/Contents/Developer/Platforms/iPhoneSimulator.platform/Developer/SDKs/iPhoneSimulator26.2.sdk/System/Library/Frameworks/StoreKit.framework/Modules/StoreKit.swiftcrossimport/SwiftUI.swiftoverlay -load-resolved-plugin /Applications/Xcode.app/Contents/Developer/Platforms/iPhoneOS.platform/Developer/usr/lib/swift/host/plugins/libFoundationMacros.dylib\#/Applications/Xcode.app/Contents/Developer/Platforms/iPhoneOS.platform/Developer/usr/bin/swift-plugin-server\#FoundationMacros -load-resolved-plugin /Applications/Xcode.app/Contents/Developer/Platforms/iPhoneOS.platform/Developer/usr/lib/swift/host/plugins/libObservationMacros.dylib\#/Applications/Xcode.app/Contents/Developer/Platforms/iPhoneOS.platform/Developer/usr/bin/swift-plugin-server\#ObservationMacros -load-resolved-plugin /Applications/Xcode.app/Contents/Developer/Platforms/iPhoneOS.platform/Developer/usr/lib/swift/host/plugins/libPreviewsMacros.dylib\#/Applications/Xcode.app/Contents/Developer/Platforms/iPhoneOS.platform/Developer/usr/bin/swift-plugin-server\#PreviewsMacros -load-resolved-plugin /Applications/Xcode.app/Contents/Developer/Platforms/iPhoneOS.platform/Developer/usr/lib/swift/host/plugins/libSwiftMacros.dylib\#/Applications/Xcode.app/Contents/Developer/Platforms/iPhoneOS.platform/Developer/usr/bin/swift-plugin-server\#SwiftMacros -load-resolved-plugin /Applications/Xcode.app/Contents/Developer/Platforms/iPhoneOS.platform/Developer/usr/lib/swift/host/plugins/libSwiftUIMacros.dylib\#/Applications/Xcode.app/Contents/Developer/Platforms/iPhoneOS.platform/Developer/usr/bin/swift-plugin-server\#SwiftUIMacros -disable-implicit-swift-modules -Xcc -fno-implicit-modules -Xcc -fno-implicit-module-maps -explicit-swift-module-map-file /Users/maksimkosharny/Library/Developer/Xcode/DerivedData/FootGameScore-flklpgugjzuqjnhfjujkheubgzdj/Build/Intermediates.noindex/FootGameScore.build/Debug-iphonesimulator/FootGameScore.build/Objects-normal/x86_64/FootGameScore-dependencies-1.json -enable-objc-interop -sdk /Applications/Xcode.app/Contents/Developer/Platforms/iPhoneSimulator.platform/Developer/SDKs/iPhoneSimulator26.2.sdk -I /Users/maksimkosharny/Library/Developer/Xcode/DerivedData/FootGameScore-flklpgugjzuqjnhfjujkheubgzdj/Build/Products/Debug-iphonesimulator -F /Users/maksimkosharny/Library/Developer/Xcode/DerivedData/FootGameScore-flklpgugjzuqjnhfjujkheubgzdj/Build/Products/Debug-iphonesimulator/PackageFrameworks -F /Users/maksimkosharny/Library/Developer/Xcode/DerivedData/FootGameScore-flklpgugjzuqjnhfjujkheubgzdj/Build/Products/Debug-iphonesimulator/PackageFrameworks -F /Users/maksimkosharny/Library/Developer/Xcode/DerivedData/FootGameScore-flklpgugjzuqjnhfjujkheubgzdj/Build/Products/Debug-iphonesimulator/PackageFrameworks -F /Users/maksimkosharny/Library/Developer/Xcode/DerivedData/FootGameScore-flklpgugjzuqjnhfjujkheubgzdj/Build/Products/Debug-iphonesimulator/PackageFrameworks -F /Users/maksimkosharny/Library/Developer/Xcode/DerivedData/FootGameScore-flklpgugjzuqjnhfjujkheubgzdj/Build/Products/Debug-iphonesimulator/PackageFrameworks -F /Users/maksimkosharny/Library/Developer/Xcode/DerivedData/FootGameScore-flklpgugjzuqjnhfjujkheubgzdj/Build/Products/Debug-iphonesimulator/PackageFrameworks -F /Users/maksimkosharny/Library/Developer/Xcode/DerivedData/FootGameScore-flklpgugjzuqjnhfjujkheubgzdj/Build/Products/Debug-iphonesimulator/PackageFrameworks -F /Users/maksimkosharny/Library/Developer/Xcode/DerivedData/FootGameScore-flklpgugjzuqjnhfjujkheubgzdj/Build/Products/Debug-iphonesimulator/PackageFrameworks -F /Users/maksimkosharny/Library/Developer/Xcode/DerivedData/FootGameScore-flklpgugjzuqjnhfjujkheubgzdj/Build/Products/Debug-iphonesimulator/PackageFrameworks -F /Users/maksimkosharny/Library/Developer/Xcode/DerivedData/FootGameScore-flklpgugjzuqjnhfjujkheubgzdj/Build/Products/Debug-iphonesimulator/PackageFrameworks -F /Users/maksimkosharny/Library/Developer/Xcode/DerivedData/FootGameScore-flklpgugjzuqjnhfjujkheubgzdj/Build/Products/Debug-iphonesimulator/PackageFrameworks -F /Users/maksimkosharny/Library/Developer/Xcode/DerivedData/FootGameScore-flklpgugjzuqjnhfjujkheubgzdj/Build/Products/Debug-iphonesimulator/PackageFrameworks -F /Users/maksimkosharny/Library/Developer/Xcode/DerivedData/FootGameScore-flklpgugjzuqjnhfjujkheubgzdj/Build/Products/Debug-iphonesimulator/PackageFrameworks -F /Users/maksimkosharny/Library/Developer/Xcode/DerivedData/FootGameScore-flklpgugjzuqjnhfjujkheubgzdj/Build/Products/Debug-iphonesimulator/PackageFrameworks -F /Users/maksimkosharny/Library/Developer/Xcode/DerivedData/FootGameScore-flklpgugjzuqjnhfjujkheubgzdj/Build/Products/Debug-iphonesimulator/PackageFrameworks -F /Users/maksimkosharny/Library/Developer/Xcode/DerivedData/FootGameScore-flklpgugjzuqjnhfjujkheubgzdj/Build/Products/Debug-iphonesimulator/PackageFrameworks -F /Users/maksimkosharny/Library/Developer/Xcode/DerivedData/FootGameScore-flklpgugjzuqjnhfjujkheubgzdj/Build/Products/Debug-iphonesimulator/PackageFrameworks -F /Users/maksimkosharny/Library/Developer/Xcode/DerivedData/FootGameScore-flklpgugjzuqjnhfjujkheubgzdj/Build/Products/Debug-iphonesimulator/PackageFrameworks -F /Users/maksimkosharny/Library/Developer/Xcode/DerivedData/FootGameScore-flklpgugjzuqjnhfjujkheubgzdj/Build/Products/Debug-iphonesimulator/PackageFrameworks -F /Users/maksimkosharny/Library/Developer/Xcode/DerivedData/FootGameScore-flklpgugjzuqjnhfjujkheubgzdj/Build/Products/Debug-iphonesimulator/PackageFrameworks -F /Users/maksimkosharny/Library/Developer/Xcode/DerivedData/FootGameScore-flklpgugjzuqjnhfjujkheubgzdj/Build/Products/Debug-iphonesimulator/PackageFrameworks -F /Users/maksimkosharny/Library/Developer/Xcode/DerivedData/FootGameScore-flklpgugjzuqjnhfjujkheubgzdj/Build/Products/Debug-iphonesimulator/PackageFrameworks -F /Users/maksimkosharny/Library/Developer/Xcode/DerivedData/FootGameScore-flklpgugjzuqjnhfjujkheubgzdj/Build/Products/Debug-iphonesimulator/PackageFrameworks -F /Users/maksimkosharny/Library/Developer/Xcode/DerivedData/FootGameScore-flklpgugjzuqjnhfjujkheubgzdj/Build/Products/Debug-iphonesimulator/PackageFrameworks -F /Users/maksimkosharny/Library/Developer/Xcode/DerivedData/FootGameScore-flklpgugjzuqjnhfjujkheubgzdj/Build/Products/Debug-iphonesimulator/PackageFrameworks -F /Users/maksimkosharny/Library/Developer/Xcode/DerivedData/FootGameScore-flklpgugjzuqjnhfjujkheubgzdj/Build/Products/Debug-iphonesimulator/PackageFrameworks -F /Users/maksimkosharny/Library/Developer/Xcode/DerivedData/FootGameScore-flklpgugjzuqjnhfjujkheubgzdj/Build/Products/Debug-iphonesimulator/PackageFrameworks -F /Users/maksimkosharny/Library/Developer/Xcode/DerivedData/FootGameScore-flklpgugjzuqjnhfjujkheubgzdj/Build/Products/Debug-iphonesimulator/PackageFrameworks -F /Users/maksimkosharny/Library/Developer/Xcode/DerivedData/FootGameScore-flklpgugjzuqjnhfjujkheubgzdj/Build/Products/Debug-iphonesimulator/PackageFrameworks -F /Users/maksimkosharny/Library/Developer/Xcode/DerivedData/FootGameScore-flklpgugjzuqjnhfjujkheubgzdj/Build/Products/Debug-iphonesimulator/PackageFrameworks -F /Users/maksimkosharny/Library/Developer/Xcode/DerivedData/FootGameScore-flklpgugjzuqjnhfjujkheubgzdj/Build/Products/Debug-iphonesimulator/PackageFrameworks -F /Users/maksimkosharny/Library/Developer/Xcode/DerivedData/FootGameScore-flklpgugjzuqjnhfjujkheubgzdj/Build/Products/Debug-iphonesimulator/PackageFrameworks -F /Users/maksimkosharny/Library/Developer/Xcode/DerivedData/FootGameScore-flklpgugjzuqjnhfjujkheubgzdj/Build/Products/Debug-iphonesimulator/PackageFrameworks -F /Users/maksimkosharny/Library/Developer/Xcode/DerivedData/FootGameScore-flklpgugjzuqjnhfjujkheubgzdj/Build/Products/Debug-iphonesimulator/PackageFrameworks -F /Users/maksimkosharny/Library/Developer/Xcode/DerivedData/FootGameScore-flklpgugjzuqjnhfjujkheubgzdj/Build/Products/Debug-iphonesimulator/PackageFrameworks -F /Users/maksimkosharny/Library/Developer/Xcode/DerivedData/FootGameScore-flklpgugjzuqjnhfjujkheubgzdj/Build/Products/Debug-iphonesimulator/PackageFrameworks -F /Users/maksimkosharny/Library/Developer/Xcode/DerivedData/FootGameScore-flklpgugjzuqjnhfjujkheubgzdj/Build/Products/Debug-iphonesimulator -no-color-diagnostics -Xcc -fno-color-diagnostics -enable-testing -g -debug-info-format\=dwarf -dwarf-version\=4 -module-cache-path /Users/maksimkosharny/Library/Developer/Xcode/DerivedData/FootGameScore-flklpgugjzuqjnhfjujkheubgzdj/Build/Intermediates.noindex/SwiftExplicitPrecompiledModules -swift-version 5 -enforce-exclusivity\=checked -Onone -D DEBUG -serialize-debugging-options -const-gather-protocols-file /Users/maksimkosharny/Library/Developer/Xcode/DerivedData/FootGameScore-flklpgugjzuqjnhfjujkheubgzdj/Build/Intermediates.noindex/FootGameScore.build/Debug-iphonesimulator/FootGameScore.build/Objects-normal/x86_64/FootGameScore_const_extract_protocols.json -enable-upcoming-feature DisableOutwardActorInference -enable-upcoming-feature InferSendableFromCaptures -enable-upcoming-feature GlobalActorIsolatedTypesUsability -enable-upcoming-feature MemberImportVisibility -enable-upcoming-feature InferIsolatedConformances -enable-upcoming-feature NonisolatedNonsendingByDefault -enable-experimental-feature DebugDescriptionMacro -enable-bare-slash-regex -default-isolation\=MainActor -empty-abi-descriptor -validate-clang-modules-once -clang-build-session-file /Users/maksimkosharny/Library/Developer/Xcode/DerivedData/ModuleCache.noindex/Session.modulevalidation -Xcc -working-directory -Xcc /Users/maksimkosharny/Desktop/Developer/FootGameScore -enable-anonymous-context-mangled-names -file-compilation-dir /Users/maksimkosharny/Desktop/Developer/FootGameScore -Xcc -fmodule-map-file\=/Users/maksimkosharny/Library/Developer/Xcode/DerivedData/FootGameScore-flklpgugjzuqjnhfjujkheubgzdj/Build/Intermediates.noindex/GeneratedModuleMaps-iphonesimulator/GoogleDataTransport.modulemap -Xcc -fmodule-map-file\=/Users/maksimkosharny/Library/Developer/Xcode/DerivedData/FootGameScore-flklpgugjzuqjnhfjujkheubgzdj/Build/Intermediates.noindex/GeneratedModuleMaps-iphonesimulator/FirebaseMessaging.modulemap -Xcc -fmodule-map-file\=/Users/maksimkosharny/Library/Developer/Xcode/DerivedData/FootGameScore-flklpgugjzuqjnhfjujkheubgzdj/Build/Intermediates.noindex/GeneratedModuleMaps-iphonesimulator/GoogleUtilities-UserDefaults.modulemap -Xcc -fmodule-map-file\=/Users/maksimkosharny/Library/Developer/Xcode/DerivedData/FootGameScore-flklpgugjzuqjnhfjujkheubgzdj/Build/Intermediates.noindex/GeneratedModuleMaps-iphonesimulator/GoogleAppMeasurementCoreTarget.modulemap -Xcc -fmodule-map-file\=/Users/maksimkosharny/Library/Developer/Xcode/DerivedData/FootGameScore-flklpgugjzuqjnhfjujkheubgzdj/Build/Intermediates.noindex/GeneratedModuleMaps-iphonesimulator/GoogleUtilities-MethodSwizzler.modulemap -Xcc -fmodule-map-file\=/Users/maksimkosharny/Library/Developer/Xcode/DerivedData/FootGameScore-flklpgugjzuqjnhfjujkheubgzdj/Build/Intermediates.noindex/GeneratedModuleMaps-iphonesimulator/FirebaseAnalyticsCoreWrapper.modulemap -Xcc -fmodule-map-file\=/Users/maksimkosharny/Library/Developer/Xcode/DerivedData/FootGameScore-flklpgugjzuqjnhfjujkheubgzdj/Build/Intermediates.noindex/GeneratedModuleMaps-iphonesimulator/FirebaseInstallations.modulemap -Xcc -fmodule-map-file\=/Users/maksimkosharny/Library/Developer/Xcode/DerivedData/FootGameScore-flklpgugjzuqjnhfjujkheubgzdj/Build/Intermediates.noindex/GeneratedModuleMaps-iphonesimulator/FirebaseAnalyticsCoreTarget.modulemap -Xcc -fmodule-map-file\=/Users/maksimkosharny/Library/Developer/Xcode/DerivedData/FootGameScore-flklpgugjzuqjnhfjujkheubgzdj/Build/Intermediates.noindex/GeneratedModuleMaps-iphonesimulator/RecaptchaInterop.modulemap -Xcc -fmodule-map-file\=/Users/maksimkosharny/Library/Developer/Xcode/DerivedData/FootGameScore-flklpgugjzuqjnhfjujkheubgzdj/Build/Intermediates.noindex/GeneratedModuleMaps-iphonesimulator/GoogleUtilities-Network.modulemap -Xcc -fmodule-map-file\=/Users/maksimkosharny/Library/Developer/Xcode/DerivedData/FootGameScore-flklpgugjzuqjnhfjujkheubgzdj/Build/Intermediates.noindex/GeneratedModuleMaps-iphonesimulator/GoogleUtilities-Reachability.modulemap -Xcc -fmodule-map-file\=/Users/maksimkosharny/Library/Developer/Xcode/DerivedData/FootGameScore-flklpgugjzuqjnhfjujkheubgzdj/Build/Intermediates.noindex/GeneratedModuleMaps-iphonesimulator/GoogleUtilities-AppDelegateSwizzler.modulemap -Xcc -fmodule-map-file\=/Users/maksimkosharny/Library/Developer/Xcode/DerivedData/FootGameScore-flklpgugjzuqjnhfjujkheubgzdj/Build/Intermediates.noindex/GeneratedModuleMaps-iphonesimulator/GTMSessionFetcherCore.modulemap -Xcc -fmodule-map-file\=/Users/maksimkosharny/Library/Developer/Xcode/DerivedData/FootGameScore-flklpgugjzuqjnhfjujkheubgzdj/Build/Intermediates.noindex/GeneratedModuleMaps-iphonesimulator/FirebaseAuthInternal.modulemap -Xcc -fmodule-map-file\=/Users/maksimkosharny/Library/Developer/Xcode/DerivedData/FootGameScore-flklpgugjzuqjnhfjujkheubgzdj/Build/Intermediates.noindex/GeneratedModuleMaps-iphonesimulator/FirebaseAuthInterop.modulemap -Xcc -fmodule-map-file\=/Users/maksimkosharny/Library/Developer/Xcode/DerivedData/FootGameScore-flklpgugjzuqjnhfjujkheubgzdj/Build/Intermediates.noindex/GeneratedModuleMaps-iphonesimulator/GoogleUtilities-NSData.modulemap -Xcc -fmodule-map-file\=/Users/maksimkosharny/Library/Developer/Xcode/DerivedData/FootGameScore-flklpgugjzuqjnhfjujkheubgzdj/Build/Intermediates.noindex/GeneratedModuleMaps-iphonesimulator/GoogleUtilities-Environment.modulemap -Xcc -fmodule-map-file\=/Users/maksimkosharny/Library/Developer/Xcode/DerivedData/FootGameScore-flklpgugjzuqjnhfjujkheubgzdj/Build/Intermediates.noindex/GeneratedModuleMaps-iphonesimulator/third-party-IsAppEncrypted.modulemap -Xcc -fmodule-map-file\=/Users/maksimkosharny/Library/Developer/Xcode/DerivedData/FootGameScore-flklpgugjzuqjnhfjujkheubgzdj/Build/Intermediates.noindex/GeneratedModuleMaps-iphonesimulator/GoogleUtilities-Logger.modulemap -Xcc -fmodule-map-file\=/Users/maksimkosharny/Library/Developer/Xcode/DerivedData/FootGameScore-flklpgugjzuqjnhfjujkheubgzdj/Build/Intermediates.noindex/GeneratedModuleMaps-iphonesimulator/abslWrapper.modulemap -Xcc -fmodule-map-file\=/Users/maksimkosharny/Library/Developer/Xcode/DerivedData/FootGameScore-flklpgugjzuqjnhfjujkheubgzdj/Build/Intermediates.noindex/GeneratedModuleMaps-iphonesimulator/opensslWrapper.modulemap -Xcc -fmodule-map-file\=/Users/maksimkosharny/Library/Developer/Xcode/DerivedData/FootGameScore-flklpgugjzuqjnhfjujkheubgzdj/Build/Intermediates.noindex/GeneratedModuleMaps-iphonesimulator/grpcWrapper.modulemap -Xcc -fmodule-map-file\=/Users/maksimkosharny/Library/Developer/Xcode/DerivedData/FootGameScore-flklpgugjzuqjnhfjujkheubgzdj/Build/Intermediates.noindex/GeneratedModuleMaps-iphonesimulator/grpcppWrapper.modulemap -Xcc -fmodule-map-file\=/Users/maksimkosharny/Library/Developer/Xcode/DerivedData/FootGameScore-flklpgugjzuqjnhfjujkheubgzdj/Build/Intermediates.noindex/GeneratedModuleMaps-iphonesimulator/nanopb.modulemap -Xcc -fmodule-map-file\=/Users/maksimkosharny/Library/Developer/Xcode/DerivedData/FootGameScore-flklpgugjzuqjnhfjujkheubgzdj/Build/Intermediates.noindex/GeneratedModuleMaps-iphonesimulator/leveldb.modulemap -Xcc -fmodule-map-file\=/Users/maksimkosharny/Library/Developer/Xcode/DerivedData/FootGameScore-flklpgugjzuqjnhfjujkheubgzdj/Build/Intermediates.noindex/GeneratedModuleMaps-iphonesimulator/FirebaseCoreExtension.modulemap -Xcc -fmodule-map-file\=/Users/maksimkosharny/Library/Developer/Xcode/DerivedData/FootGameScore-flklpgugjzuqjnhfjujkheubgzdj/Build/Intermediates.noindex/GeneratedModuleMaps-iphonesimulator/FirebaseCore.modulemap -Xcc -fmodule-map-file\=/Users/maksimkosharny/Library/Developer/Xcode/DerivedData/FootGameScore-flklpgugjzuqjnhfjujkheubgzdj/Build/Intermediates.noindex/GeneratedModuleMaps-iphonesimulator/FirebaseAppCheckInterop.modulemap -Xcc -fmodule-map-file\=/Users/maksimkosharny/Library/Developer/Xcode/DerivedData/FootGameScore-flklpgugjzuqjnhfjujkheubgzdj/Build/Intermediates.noindex/GeneratedModuleMaps-iphonesimulator/FirebaseFirestoreInternalWrapper.modulemap -Xcc -fmodule-map-file\=/Users/maksimkosharny/Library/Developer/Xcode/DerivedData/FootGameScore-flklpgugjzuqjnhfjujkheubgzdj/Build/Intermediates.noindex/GeneratedModuleMaps-iphonesimulator/FirebaseFirestoreTarget.modulemap -Xcc -D_LIBCPP_HARDENING_MODE\=_LIBCPP_HARDENING_MODE_DEBUG -Xcc -ivfsstatcache -Xcc /Users/maksimkosharny/Library/Developer/Xcode/DerivedData/SDKStatCaches.noindex/iphonesimulator26.2-23C53-7d00a8b37fbd7999ea79df8ebc024bf0.sdkstatcache -Xcc -I/Users/maksimkosharny/Library/Developer/Xcode/DerivedData/FootGameScore-flklpgugjzuqjnhfjujkheubgzdj/Build/Intermediates.noindex/FootGameScore.build/Debug-iphonesimulator/FootGameScore.build/swift-overrides.hmap -Xcc -iquote -Xcc /Users/maksimkosharny/Library/Developer/Xcode/DerivedData/FootGameScore-flklpgugjzuqjnhfjujkheubgzdj/Build/Intermediates.noindex/FootGameScore.build/Debug-iphonesimulator/FootGameScore.build/FootGameScore-generated-files.hmap -Xcc -I/Users/maksimkosharny/Library/Developer/Xcode/DerivedData/FootGameScore-flklpgugjzuqjnhfjujkheubgzdj/Build/Intermediates.noindex/FootGameScore.build/Debug-iphonesimulator/FootGameScore.build/FootGameScore-own-target-headers.hmap -Xcc -I/Users/maksimkosharny/Library/Developer/Xcode/DerivedData/FootGameScore-flklpgugjzuqjnhfjujkheubgzdj/Build/Intermediates.noindex/FootGameScore.build/Debug-iphonesimulator/FootGameScore.build/FootGameScore-all-non-framework-target-headers.hmap -Xcc -ivfsoverlay -Xcc /Users/maksimkosharny/Library/Developer/Xcode/DerivedData/FootGameScore-flklpgugjzuqjnhfjujkheubgzdj/Build/Intermediates.noindex/FootGameScore.build/Debug-iphonesimulator/FootGameScore-55613305b72115e5bacf88d6408d133a-VFS-iphonesimulator/all-product-headers.yaml -Xcc -iquote -Xcc /Users/maksimkosharny/Library/Developer/Xcode/DerivedData/FootGameScore-flklpgugjzuqjnhfjujkheubgzdj/Build/Intermediates.noindex/FootGameScore.build/Debug-iphonesimulator/FootGameScore.build/FootGameScore-project-headers.hmap -Xcc -I/Users/maksimkosharny/Library/Developer/Xcode/DerivedData/FootGameScore-flklpgugjzuqjnhfjujkheubgzdj/SourcePackages/checkouts/GoogleDataTransport/GoogleDataTransport/GDTCORLibrary/Public -Xcc -I/Users/maksimkosharny/Library/Developer/Xcode/DerivedData/FootGameScore-flklpgugjzuqjnhfjujkheubgzdj/SourcePackages/checkouts/firebase-ios-sdk/FirebaseMessaging/Sources/Public -Xcc -I/Users/maksimkosharny/Library/Developer/Xcode/DerivedData/FootGameScore-flklpgugjzuqjnhfjujkheubgzdj/SourcePackages/checkouts/promises/Sources/FBLPromises/include -Xcc -I/Users/maksimkosharny/Library/Developer/Xcode/DerivedData/FootGameScore-flklpgugjzuqjnhfjujkheubgzdj/SourcePackages/checkouts/GoogleUtilities/GoogleUtilities/UserDefaults/Public -Xcc -I/Users/maksimkosharny/Library/Developer/Xcode/DerivedData/FootGameScore-flklpgugjzuqjnhfjujkheubgzdj/SourcePackages/checkouts/GoogleAppMeasurement/GoogleAppMeasurementCoreWrapper/include -Xcc -I/Users/maksimkosharny/Library/Developer/Xcode/DerivedData/FootGameScore-flklpgugjzuqjnhfjujkheubgzdj/SourcePackages/checkouts/GoogleUtilities/GoogleUtilities/MethodSwizzler/Public -Xcc -I/Users/maksimkosharny/Library/Developer/Xcode/DerivedData/FootGameScore-flklpgugjzuqjnhfjujkheubgzdj/SourcePackages/checkouts/firebase-ios-sdk/FirebaseAnalyticsCoreWrapper/include -Xcc -I/Users/maksimkosharny/Library/Developer/Xcode/DerivedData/FootGameScore-flklpgugjzuqjnhfjujkheubgzdj/SourcePackages/checkouts/firebase-ios-sdk/FirebaseInstallations/Source/Library/Public -Xcc -I/Users/maksimkosharny/Library/Developer/Xcode/DerivedData/FootGameScore-flklpgugjzuqjnhfjujkheubgzdj/SourcePackages/checkouts/firebase-ios-sdk/SwiftPM-PlatformExclude/FirebaseAnalyticsCoreWrap/include -Xcc -I/Users/maksimkosharny/Library/Developer/Xcode/DerivedData/FootGameScore-flklpgugjzuqjnhfjujkheubgzdj/SourcePackages/checkouts/interop-ios-for-google-sdks/RecaptchaEnterprise/RecaptchaInterop/Public -Xcc -I/Users/maksimkosharny/Library/Developer/Xcode/DerivedData/FootGameScore-flklpgugjzuqjnhfjujkheubgzdj/SourcePackages/checkouts/GoogleUtilities/GoogleUtilities/Network/Public -Xcc -I/Users/maksimkosharny/Library/Developer/Xcode/DerivedData/FootGameScore-flklpgugjzuqjnhfjujkheubgzdj/SourcePackages/checkouts/GoogleUtilities/GoogleUtilities/Reachability/Public -Xcc -I/Users/maksimkosharny/Library/Developer/Xcode/DerivedData/FootGameScore-flklpgugjzuqjnhfjujkheubgzdj/SourcePackages/checkouts/GoogleUtilities/GoogleUtilities/AppDelegateSwizzler/Public -Xcc -I/Users/maksimkosharny/Library/Developer/Xcode/DerivedData/FootGameScore-flklpgugjzuqjnhfjujkheubgzdj/SourcePackages/checkouts/gtm-session-fetcher/Sources/Core/Public -Xcc -I/Users/maksimkosharny/Library/Developer/Xcode/DerivedData/FootGameScore-flklpgugjzuqjnhfjujkheubgzdj/SourcePackages/checkouts/firebase-ios-sdk/FirebaseAuth/Sources/Public -Xcc -I/Users/maksimkosharny/Library/Developer/Xcode/DerivedData/FootGameScore-flklpgugjzuqjnhfjujkheubgzdj/SourcePackages/checkouts/firebase-ios-sdk/FirebaseAuth/Interop/Public -Xcc -I/Users/maksimkosharny/Library/Developer/Xcode/DerivedData/FootGameScore-flklpgugjzuqjnhfjujkheubgzdj/SourcePackages/checkouts/GoogleUtilities/GoogleUtilities/NSData+zlib/Public -Xcc -I/Users/maksimkosharny/Library/Developer/Xcode/DerivedData/FootGameScore-flklpgugjzuqjnhfjujkheubgzdj/SourcePackages/checkouts/GoogleUtilities/GoogleUtilities/Environment/Public -Xcc -I/Users/maksimkosharny/Library/Developer/Xcode/DerivedData/FootGameScore-flklpgugjzuqjnhfjujkheubgzdj/SourcePackages/checkouts/GoogleUtilities/third_party/IsAppEncrypted/Public -Xcc -I/Users/maksimkosharny/Library/Developer/Xcode/DerivedData/FootGameScore-flklpgugjzuqjnhfjujkheubgzdj/SourcePackages/checkouts/GoogleUtilities/GoogleUtilities/Logger/Public -Xcc -I/Users/maksimkosharny/Library/Developer/Xcode/DerivedData/FootGameScore-flklpgugjzuqjnhfjujkheubgzdj/SourcePackages/checkouts/abseil-cpp-binary/absl-Wrapper/include -Xcc -I/Users/maksimkosharny/Library/Developer/Xcode/DerivedData/FootGameScore-flklpgugjzuqjnhfjujkheubgzdj/SourcePackages/checkouts/grpc-binary/openssl-grpc-Wrapper/include -Xcc -I/Users/maksimkosharny/Library/Developer/Xcode/DerivedData/FootGameScore-flklpgugjzuqjnhfjujkheubgzdj/SourcePackages/checkouts/grpc-binary/grpc-Wrapper/include -Xcc -I/Users/maksimkosharny/Library/Developer/Xcode/DerivedData/FootGameScore-flklpgugjzuqjnhfjujkheubgzdj/SourcePackages/checkouts/grpc-binary/grpcpp-Wrapper/include -Xcc -I/Users/maksimkosharny/Library/Developer/Xcode/DerivedData/FootGameScore-flklpgugjzuqjnhfjujkheubgzdj/SourcePackages/checkouts/nanopb/spm_headers -Xcc -I/Users/maksimkosharny/Library/Developer/Xcode/DerivedData/FootGameScore-flklpgugjzuqjnhfjujkheubgzdj/SourcePackages/checkouts/leveldb/include -Xcc -I/Users/maksimkosharny/Library/Developer/Xcode/DerivedData/FootGameScore-flklpgugjzuqjnhfjujkheubgzdj/SourcePackages/checkouts/firebase-ios-sdk/FirebaseCore/Extension -Xcc -I/Users/maksimkosharny/Library/Developer/Xcode/DerivedData/FootGameScore-flklpgugjzuqjnhfjujkheubgzdj/SourcePackages/checkouts/firebase-ios-sdk/FirebaseCore/Sources/Public -Xcc -I/Users/maksimkosharny/Library/Developer/Xcode/DerivedData/FootGameScore-flklpgugjzuqjnhfjujkheubgzdj/SourcePackages/checkouts/firebase-ios-sdk/CoreOnly/Sources -Xcc -I/Users/maksimkosharny/Library/Developer/Xcode/DerivedData/FootGameScore-flklpgugjzuqjnhfjujkheubgzdj/SourcePackages/checkouts/firebase-ios-sdk/FirebaseAppCheck/Interop/Public -Xcc -I/Users/maksimkosharny/Library/Developer/Xcode/DerivedData/FootGameScore-flklpgugjzuqjnhfjujkheubgzdj/SourcePackages/checkouts/firebase-ios-sdk/FirebaseFirestoreInternal -Xcc -I/Users/maksimkosharny/Library/Developer/Xcode/DerivedData/FootGameScore-flklpgugjzuqjnhfjujkheubgzdj/SourcePackages/checkouts/firebase-ios-sdk/SwiftPM-PlatformExclude/FirebaseFirestoreWrap/include -Xcc -I/Users/maksimkosharny/Library/Developer/Xcode/DerivedData/FootGameScore-flklpgugjzuqjnhfjujkheubgzdj/Build/Products/Debug-iphonesimulator/include -Xcc -I/Users/maksimkosharny/Library/Developer/Xcode/DerivedData/FootGameScore-flklpgugjzuqjnhfjujkheubgzdj/Build/Intermediates.noindex/FootGameScore.build/Debug-iphonesimulator/FootGameScore.build/DerivedSources-normal/x86_64 -Xcc -I/Users/maksimkosharny/Library/Developer/Xcode/DerivedData/FootGameScore-flklpgugjzuqjnhfjujkheubgzdj/Build/Intermediates.noindex/FootGameScore.build/Debug-iphonesimulator/FootGameScore.build/DerivedSources/x86_64 -Xcc -I/Users/maksimkosharny/Library/Developer/Xcode/DerivedData/FootGameScore-flklpgugjzuqjnhfjujkheubgzdj/Build/Intermediates.noindex/FootGameScore.build/Debug-iphonesimulator/FootGameScore.build/DerivedSources -Xcc -DDEBUG\=1 -no-auto-bridging-header-chaining -module-name FootGameScore -frontend-parseable-output -disable-clang-spi -target-sdk-version 26.2 -target-sdk-name iphonesimulator26.2 -clang-target x86_64-apple-ios26.2-simulator -in-process-plugin-server-path /Applications/Xcode.app/Contents/Developer/Toolchains/XcodeDefault.xctoolchain/usr/lib/swift/host/libSwiftInProcPluginServer.dylib -o /Users/maksimkosharny/Library/Developer/Xcode/DerivedData/FootGameScore-flklpgugjzuqjnhfjujkheubgzdj/Build/Intermediates.noindex/FootGameScore.build/Debug-iphonesimulator/FootGameScore.build/Objects-normal/x86_64/SettingsViewFG.o -o /Users/maksimkosharny/Library/Developer/Xcode/DerivedData/FootGameScore-flklpgugjzuqjnhfjujkheubgzdj/Build/Intermediates.noindex/FootGameScore.build/Debug-iphonesimulator/FootGameScore.build/Objects-normal/x86_64/StatViewFG.o -o /Users/maksimkosharny/Library/Developer/Xcode/DerivedData/FootGameScore-flklpgugjzuqjnhfjujkheubgzdj/Build/Intermediates.noindex/FootGameScore.build/Debug-iphonesimulator/FootGameScore.build/Objects-normal/x86_64/MatchSimulationViewFG.o -index-unit-output-path /FootGameScore.build/Debug-iphonesimulator/FootGameScore.build/Objects-normal/x86_64/SettingsViewFG.o -index-unit-output-path /FootGameScore.build/Debug-iphonesimulator/FootGameScore.build/Objects-normal/x86_64/StatViewFG.o -index-unit-output-path /FootGameScore.build/Debug-iphonesimulator/FootGameScore.build/Objects-normal/x86_64/MatchSimulationViewFG.o -index-store-path /Users/maksimkosharny/Library/Developer/Xcode/DerivedData/FootGameScore-flklpgugjzuqjnhfjujkheubgzdj/Index.noindex/DataStore -index-system-modules

SwiftCompile normal x86_64 /Users/maksimkosharny/Desktop/Developer/FootGameScore/FootGameScore/Views/Settings/SettingsViewFG.swift (in target 'FootGameScore' from project 'FootGameScore')
    cd /Users/maksimkosharny/Desktop/Developer/FootGameScore
    
/Users/maksimkosharny/Desktop/Developer/FootGameScore/FootGameScore/Views/Settings/SettingsViewFG.swift:189:85: error: property 'id' is not available due to missing import of defining module 'StoreKit'
                              let product = storeManager.products.first(where: { $0.id == productID }),
                                                                                    ^
/Users/maksimkosharny/Desktop/Developer/FootGameScore/FootGameScore/Views/Settings/SettingsViewFG.swift:2:1: note: add import of module 'StoreKit'

^
/Users/maksimkosharny/Desktop/Developer/FootGameScore/FootGameScore/Views/Settings/SettingsViewFG.swift:191:38: error: property 'displayPrice' is not available due to missing import of defining module 'StoreKit'
                        Text(product.displayPrice)
                                     ^
/Users/maksimkosharny/Desktop/Developer/FootGameScore/FootGameScore/Views/Settings/SettingsViewFG.swift:2:1: note: add import of module 'StoreKit'

^

SwiftCompile normal x86_64 /Users/maksimkosharny/Desktop/Developer/FootGameScore/FootGameScore/Views/Stats/StatViewFG.swift (in target 'FootGameScore' from project 'FootGameScore')
    cd /Users/maksimkosharny/Desktop/Developer/FootGameScore
    

SwiftCompile normal x86_64 /Users/maksimkosharny/Desktop/Developer/FootGameScore/FootGameScore/Views/Tactics/MatchSimulationViewFG.swift (in target 'FootGameScore' from project 'FootGameScore')
    cd /Users/maksimkosharny/Desktop/Developer/FootGameScore
    

SwiftCompile normal arm64 Compiling\ FootGameScoreApp.swift,\ ComponentsFG.swift,\ CustomAlertFG.swift,\ Color+ExtensionsFG.swift /Users/maksimkosharny/Desktop/Developer/FootGameScore/FootGameScore/App/FootGameScoreApp.swift /Users/maksimkosharny/Desktop/Developer/FootGameScore/FootGameScore/Components/ComponentsFG.swift /Users/maksimkosharny/Desktop/Developer/FootGameScore/FootGameScore/Components/CustomAlertFG.swift /Users/maksimkosharny/Desktop/Developer/FootGameScore/FootGameScore/Core/Color+ExtensionsFG.swift (in target 'FootGameScore' from project 'FootGameScore')

SwiftCompile normal arm64 /Users/maksimkosharny/Desktop/Developer/FootGameScore/FootGameScore/App/FootGameScoreApp.swift (in target 'FootGameScore' from project 'FootGameScore')
    cd /Users/maksimkosharny/Desktop/Developer/FootGameScore
    

SwiftCompile normal arm64 /Users/maksimkosharny/Desktop/Developer/FootGameScore/FootGameScore/Components/ComponentsFG.swift (in target 'FootGameScore' from project 'FootGameScore')
    cd /Users/maksimkosharny/Desktop/Developer/FootGameScore
    

SwiftCompile normal arm64 /Users/maksimkosharny/Desktop/Developer/FootGameScore/FootGameScore/Components/CustomAlertFG.swift (in target 'FootGameScore' from project 'FootGameScore')
    cd /Users/maksimkosharny/Desktop/Developer/FootGameScore
    

SwiftCompile normal arm64 /Users/maksimkosharny/Desktop/Developer/FootGameScore/FootGameScore/Core/Color+ExtensionsFG.swift (in target 'FootGameScore' from project 'FootGameScore')
    cd /Users/maksimkosharny/Desktop/Developer/FootGameScore
    

SwiftDriverJobDiscovery normal x86_64 Emitting module for FootGameScore (in target 'FootGameScore' from project 'FootGameScore')

SwiftDriver\ Compilation\ Requirements FootGameScore normal x86_64 com.apple.xcode.tools.swift.compiler (in target 'FootGameScore' from project 'FootGameScore')
    cd /Users/maksimkosharny/Desktop/Developer/FootGameScore
    builtin-Swift-Compilation-Requirements -- /Applications/Xcode.app/Contents/Developer/Toolchains/XcodeDefault.xctoolchain/usr/bin/swiftc -module-name FootGameScore -Onone -enforce-exclusivity\=checked @/Users/maksimkosharny/Library/Developer/Xcode/DerivedData/FootGameScore-flklpgugjzuqjnhfjujkheubgzdj/Build/Intermediates.noindex/FootGameScore.build/Debug-iphonesimulator/FootGameScore.build/Objects-normal/x86_64/FootGameScore.SwiftFileList -DDEBUG -Xcc -fmodule-map-file\=/Users/maksimkosharny/Library/Developer/Xcode/DerivedData/FootGameScore-flklpgugjzuqjnhfjujkheubgzdj/Build/Intermediates.noindex/GeneratedModuleMaps-iphonesimulator/GoogleDataTransport.modulemap -Xcc -fmodule-map-file\=/Users/maksimkosharny/Library/Developer/Xcode/DerivedData/FootGameScore-flklpgugjzuqjnhfjujkheubgzdj/Build/Intermediates.noindex/GeneratedModuleMaps-iphonesimulator/FirebaseMessaging.modulemap -Xcc -fmodule-map-file\=/Users/maksimkosharny/Library/Developer/Xcode/DerivedData/FootGameScore-flklpgugjzuqjnhfjujkheubgzdj/Build/Intermediates.noindex/GeneratedModuleMaps-iphonesimulator/GoogleUtilities-UserDefaults.modulemap -Xcc -fmodule-map-file\=/Users/maksimkosharny/Library/Developer/Xcode/DerivedData/FootGameScore-flklpgugjzuqjnhfjujkheubgzdj/Build/Intermediates.noindex/GeneratedModuleMaps-iphonesimulator/GoogleAppMeasurementCoreTarget.modulemap -Xcc -fmodule-map-file\=/Users/maksimkosharny/Library/Developer/Xcode/DerivedData/FootGameScore-flklpgugjzuqjnhfjujkheubgzdj/Build/Intermediates.noindex/GeneratedModuleMaps-iphonesimulator/GoogleUtilities-MethodSwizzler.modulemap -Xcc -fmodule-map-file\=/Users/maksimkosharny/Library/Developer/Xcode/DerivedData/FootGameScore-flklpgugjzuqjnhfjujkheubgzdj/Build/Intermediates.noindex/GeneratedModuleMaps-iphonesimulator/FirebaseAnalyticsCoreWrapper.modulemap -Xcc -fmodule-map-file\=/Users/maksimkosharny/Library/Developer/Xcode/DerivedData/FootGameScore-flklpgugjzuqjnhfjujkheubgzdj/Build/Intermediates.noindex/GeneratedModuleMaps-iphonesimulator/FirebaseInstallations.modulemap -Xcc -fmodule-map-file\=/Users/maksimkosharny/Library/Developer/Xcode/DerivedData/FootGameScore-flklpgugjzuqjnhfjujkheubgzdj/Build/Intermediates.noindex/GeneratedModuleMaps-iphonesimulator/FirebaseAnalyticsCoreTarget.modulemap -Xcc -fmodule-map-file\=/Users/maksimkosharny/Library/Developer/Xcode/DerivedData/FootGameScore-flklpgugjzuqjnhfjujkheubgzdj/Build/Intermediates.noindex/GeneratedModuleMaps-iphonesimulator/RecaptchaInterop.modulemap -Xcc -fmodule-map-file\=/Users/maksimkosharny/Library/Developer/Xcode/DerivedData/FootGameScore-flklpgugjzuqjnhfjujkheubgzdj/Build/Intermediates.noindex/GeneratedModuleMaps-iphonesimulator/GoogleUtilities-Network.modulemap -Xcc -fmodule-map-file\=/Users/maksimkosharny/Library/Developer/Xcode/DerivedData/FootGameScore-flklpgugjzuqjnhfjujkheubgzdj/Build/Intermediates.noindex/GeneratedModuleMaps-iphonesimulator/GoogleUtilities-Reachability.modulemap -Xcc -fmodule-map-file\=/Users/maksimkosharny/Library/Developer/Xcode/DerivedData/FootGameScore-flklpgugjzuqjnhfjujkheubgzdj/Build/Intermediates.noindex/GeneratedModuleMaps-iphonesimulator/GoogleUtilities-AppDelegateSwizzler.modulemap -Xcc -fmodule-map-file\=/Users/maksimkosharny/Library/Developer/Xcode/DerivedData/FootGameScore-flklpgugjzuqjnhfjujkheubgzdj/Build/Intermediates.noindex/GeneratedModuleMaps-iphonesimulator/GTMSessionFetcherCore.modulemap -Xcc -fmodule-map-file\=/Users/maksimkosharny/Library/Developer/Xcode/DerivedData/FootGameScore-flklpgugjzuqjnhfjujkheubgzdj/Build/Intermediates.noindex/GeneratedModuleMaps-iphonesimulator/FirebaseAuthInternal.modulemap -Xcc -fmodule-map-file\=/Users/maksimkosharny/Library/Developer/Xcode/DerivedData/FootGameScore-flklpgugjzuqjnhfjujkheubgzdj/Build/Intermediates.noindex/GeneratedModuleMaps-iphonesimulator/FirebaseAuthInterop.modulemap -Xcc -fmodule-map-file\=/Users/maksimkosharny/Library/Developer/Xcode/DerivedData/FootGameScore-flklpgugjzuqjnhfjujkheubgzdj/Build/Intermediates.noindex/GeneratedModuleMaps-iphonesimulator/GoogleUtilities-NSData.modulemap -Xcc -fmodule-map-file\=/Users/maksimkosharny/Library/Developer/Xcode/DerivedData/FootGameScore-flklpgugjzuqjnhfjujkheubgzdj/Build/Intermediates.noindex/GeneratedModuleMaps-iphonesimulator/GoogleUtilities-Environment.modulemap -Xcc -fmodule-map-file\=/Users/maksimkosharny/Library/Developer/Xcode/DerivedData/FootGameScore-flklpgugjzuqjnhfjujkheubgzdj/Build/Intermediates.noindex/GeneratedModuleMaps-iphonesimulator/third-party-IsAppEncrypted.modulemap -Xcc -fmodule-map-file\=/Users/maksimkosharny/Library/Developer/Xcode/DerivedData/FootGameScore-flklpgugjzuqjnhfjujkheubgzdj/Build/Intermediates.noindex/GeneratedModuleMaps-iphonesimulator/GoogleUtilities-Logger.modulemap -Xcc -fmodule-map-file\=/Users/maksimkosharny/Library/Developer/Xcode/DerivedData/FootGameScore-flklpgugjzuqjnhfjujkheubgzdj/Build/Intermediates.noindex/GeneratedModuleMaps-iphonesimulator/abslWrapper.modulemap -Xcc -fmodule-map-file\=/Users/maksimkosharny/Library/Developer/Xcode/DerivedData/FootGameScore-flklpgugjzuqjnhfjujkheubgzdj/Build/Intermediates.noindex/GeneratedModuleMaps-iphonesimulator/opensslWrapper.modulemap -Xcc -fmodule-map-file\=/Users/maksimkosharny/Library/Developer/Xcode/DerivedData/FootGameScore-flklpgugjzuqjnhfjujkheubgzdj/Build/Intermediates.noindex/GeneratedModuleMaps-iphonesimulator/grpcWrapper.modulemap -Xcc -fmodule-map-file\=/Users/maksimkosharny/Library/Developer/Xcode/DerivedData/FootGameScore-flklpgugjzuqjnhfjujkheubgzdj/Build/Intermediates.noindex/GeneratedModuleMaps-iphonesimulator/grpcppWrapper.modulemap -Xcc -fmodule-map-file\=/Users/maksimkosharny/Library/Developer/Xcode/DerivedData/FootGameScore-flklpgugjzuqjnhfjujkheubgzdj/Build/Intermediates.noindex/GeneratedModuleMaps-iphonesimulator/nanopb.modulemap -Xcc -fmodule-map-file\=/Users/maksimkosharny/Library/Developer/Xcode/DerivedData/FootGameScore-flklpgugjzuqjnhfjujkheubgzdj/Build/Intermediates.noindex/GeneratedModuleMaps-iphonesimulator/leveldb.modulemap -Xcc -fmodule-map-file\=/Users/maksimkosharny/Library/Developer/Xcode/DerivedData/FootGameScore-flklpgugjzuqjnhfjujkheubgzdj/Build/Intermediates.noindex/GeneratedModuleMaps-iphonesimulator/FirebaseCoreExtension.modulemap -Xcc -fmodule-map-file\=/Users/maksimkosharny/Library/Developer/Xcode/DerivedData/FootGameScore-flklpgugjzuqjnhfjujkheubgzdj/Build/Intermediates.noindex/GeneratedModuleMaps-iphonesimulator/FirebaseCore.modulemap -Xcc -fmodule-map-file\=/Users/maksimkosharny/Library/Developer/Xcode/DerivedData/FootGameScore-flklpgugjzuqjnhfjujkheubgzdj/Build/Intermediates.noindex/GeneratedModuleMaps-iphonesimulator/FirebaseAppCheckInterop.modulemap -Xcc -fmodule-map-file\=/Users/maksimkosharny/Library/Developer/Xcode/DerivedData/FootGameScore-flklpgugjzuqjnhfjujkheubgzdj/Build/Intermediates.noindex/GeneratedModuleMaps-iphonesimulator/FirebaseFirestoreInternalWrapper.modulemap -Xcc -fmodule-map-file\=/Users/maksimkosharny/Library/Developer/Xcode/DerivedData/FootGameScore-flklpgugjzuqjnhfjujkheubgzdj/Build/Intermediates.noindex/GeneratedModuleMaps-iphonesimulator/FirebaseFirestoreTarget.modulemap -default-isolation\=MainActor -enable-bare-slash-regex -enable-upcoming-feature DisableOutwardActorInference -enable-upcoming-feature InferSendableFromCaptures -enable-upcoming-feature GlobalActorIsolatedTypesUsability -enable-upcoming-feature MemberImportVisibility -enable-upcoming-feature InferIsolatedConformances -enable-upcoming-feature NonisolatedNonsendingByDefault -enable-experimental-feature DebugDescriptionMacro -sdk /Applications/Xcode.app/Contents/Developer/Platforms/iPhoneSimulator.platform/Developer/SDKs/iPhoneSimulator26.2.sdk -target x86_64-apple-ios16.6-simulator -g -module-cache-path /Users/maksimkosharny/Library/Developer/Xcode/DerivedData/ModuleCache.noindex -Xfrontend -serialize-debugging-options -enable-testing -index-store-path /Users/maksimkosharny/Library/Developer/Xcode/DerivedData/FootGameScore-flklpgugjzuqjnhfjujkheubgzdj/Index.noindex/DataStore -Xcc -D_LIBCPP_HARDENING_MODE\=_LIBCPP_HARDENING_MODE_DEBUG -swift-version 5 -I /Users/maksimkosharny/Library/Developer/Xcode/DerivedData/FootGameScore-flklpgugjzuqjnhfjujkheubgzdj/Build/Products/Debug-iphonesimulator -F /Users/maksimkosharny/Library/Developer/Xcode/DerivedData/FootGameScore-flklpgugjzuqjnhfjujkheubgzdj/Build/Products/Debug-iphonesimulator/PackageFrameworks -F /Users/maksimkosharny/Library/Developer/Xcode/DerivedData/FootGameScore-flklpgugjzuqjnhfjujkheubgzdj/Build/Products/Debug-iphonesimulator/PackageFrameworks -F /Users/maksimkosharny/Library/Developer/Xcode/DerivedData/FootGameScore-flklpgugjzuqjnhfjujkheubgzdj/Build/Products/Debug-iphonesimulator/PackageFrameworks -F /Users/maksimkosharny/Library/Developer/Xcode/DerivedData/FootGameScore-flklpgugjzuqjnhfjujkheubgzdj/Build/Products/Debug-iphonesimulator/PackageFrameworks -F /Users/maksimkosharny/Library/Developer/Xcode/DerivedData/FootGameScore-flklpgugjzuqjnhfjujkheubgzdj/Build/Products/Debug-iphonesimulator/PackageFrameworks -F /Users/maksimkosharny/Library/Developer/Xcode/DerivedData/FootGameScore-flklpgugjzuqjnhfjujkheubgzdj/Build/Products/Debug-iphonesimulator/PackageFrameworks -F /Users/maksimkosharny/Library/Developer/Xcode/DerivedData/FootGameScore-flklpgugjzuqjnhfjujkheubgzdj/Build/Products/Debug-iphonesimulator/PackageFrameworks -F /Users/maksimkosharny/Library/Developer/Xcode/DerivedData/FootGameScore-flklpgugjzuqjnhfjujkheubgzdj/Build/Products/Debug-iphonesimulator/PackageFrameworks -F /Users/maksimkosharny/Library/Developer/Xcode/DerivedData/FootGameScore-flklpgugjzuqjnhfjujkheubgzdj/Build/Products/Debug-iphonesimulator/PackageFrameworks -F /Users/maksimkosharny/Library/Developer/Xcode/DerivedData/FootGameScore-flklpgugjzuqjnhfjujkheubgzdj/Build/Products/Debug-iphonesimulator/PackageFrameworks -F /Users/maksimkosharny/Library/Developer/Xcode/DerivedData/FootGameScore-flklpgugjzuqjnhfjujkheubgzdj/Build/Products/Debug-iphonesimulator/PackageFrameworks -F /Users/maksimkosharny/Library/Developer/Xcode/DerivedData/FootGameScore-flklpgugjzuqjnhfjujkheubgzdj/Build/Products/Debug-iphonesimulator/PackageFrameworks -F /Users/maksimkosharny/Library/Developer/Xcode/DerivedData/FootGameScore-flklpgugjzuqjnhfjujkheubgzdj/Build/Products/Debug-iphonesimulator/PackageFrameworks -F /Users/maksimkosharny/Library/Developer/Xcode/DerivedData/FootGameScore-flklpgugjzuqjnhfjujkheubgzdj/Build/Products/Debug-iphonesimulator/PackageFrameworks -F /Users/maksimkosharny/Library/Developer/Xcode/DerivedData/FootGameScore-flklpgugjzuqjnhfjujkheubgzdj/Build/Products/Debug-iphonesimulator/PackageFrameworks -F /Users/maksimkosharny/Library/Developer/Xcode/DerivedData/FootGameScore-flklpgugjzuqjnhfjujkheubgzdj/Build/Products/Debug-iphonesimulator/PackageFrameworks -F /Users/maksimkosharny/Library/Developer/Xcode/DerivedData/FootGameScore-flklpgugjzuqjnhfjujkheubgzdj/Build/Products/Debug-iphonesimulator/PackageFrameworks -F /Users/maksimkosharny/Library/Developer/Xcode/DerivedData/FootGameScore-flklpgugjzuqjnhfjujkheubgzdj/Build/Products/Debug-iphonesimulator/PackageFrameworks -F /Users/maksimkosharny/Library/Developer/Xcode/DerivedData/FootGameScore-flklpgugjzuqjnhfjujkheubgzdj/Build/Products/Debug-iphonesimulator/PackageFrameworks -F /Users/maksimkosharny/Library/Developer/Xcode/DerivedData/FootGameScore-flklpgugjzuqjnhfjujkheubgzdj/Build/Products/Debug-iphonesimulator/PackageFrameworks -F /Users/maksimkosharny/Library/Developer/Xcode/DerivedData/FootGameScore-flklpgugjzuqjnhfjujkheubgzdj/Build/Products/Debug-iphonesimulator/PackageFrameworks -F /Users/maksimkosharny/Library/Developer/Xcode/DerivedData/FootGameScore-flklpgugjzuqjnhfjujkheubgzdj/Build/Products/Debug-iphonesimulator/PackageFrameworks -F /Users/maksimkosharny/Library/Developer/Xcode/DerivedData/FootGameScore-flklpgugjzuqjnhfjujkheubgzdj/Build/Products/Debug-iphonesimulator/PackageFrameworks -F /Users/maksimkosharny/Library/Developer/Xcode/DerivedData/FootGameScore-flklpgugjzuqjnhfjujkheubgzdj/Build/Products/Debug-iphonesimulator/PackageFrameworks -F /Users/maksimkosharny/Library/Developer/Xcode/DerivedData/FootGameScore-flklpgugjzuqjnhfjujkheubgzdj/Build/Products/Debug-iphonesimulator/PackageFrameworks -F /Users/maksimkosharny/Library/Developer/Xcode/DerivedData/FootGameScore-flklpgugjzuqjnhfjujkheubgzdj/Build/Products/Debug-iphonesimulator/PackageFrameworks -F /Users/maksimkosharny/Library/Developer/Xcode/DerivedData/FootGameScore-flklpgugjzuqjnhfjujkheubgzdj/Build/Products/Debug-iphonesimulator/PackageFrameworks -F /Users/maksimkosharny/Library/Developer/Xcode/DerivedData/FootGameScore-flklpgugjzuqjnhfjujkheubgzdj/Build/Products/Debug-iphonesimulator/PackageFrameworks -F /Users/maksimkosharny/Library/Developer/Xcode/DerivedData/FootGameScore-flklpgugjzuqjnhfjujkheubgzdj/Build/Products/Debug-iphonesimulator/PackageFrameworks -F /Users/maksimkosharny/Library/Developer/Xcode/DerivedData/FootGameScore-flklpgugjzuqjnhfjujkheubgzdj/Build/Products/Debug-iphonesimulator/PackageFrameworks -F /Users/maksimkosharny/Library/Developer/Xcode/DerivedData/FootGameScore-flklpgugjzuqjnhfjujkheubgzdj/Build/Products/Debug-iphonesimulator/PackageFrameworks -F /Users/maksimkosharny/Library/Developer/Xcode/DerivedData/FootGameScore-flklpgugjzuqjnhfjujkheubgzdj/Build/Products/Debug-iphonesimulator/PackageFrameworks -F /Users/maksimkosharny/Library/Developer/Xcode/DerivedData/FootGameScore-flklpgugjzuqjnhfjujkheubgzdj/Build/Products/Debug-iphonesimulator/PackageFrameworks -F /Users/maksimkosharny/Library/Developer/Xcode/DerivedData/FootGameScore-flklpgugjzuqjnhfjujkheubgzdj/Build/Products/Debug-iphonesimulator/PackageFrameworks -F /Users/maksimkosharny/Library/Developer/Xcode/DerivedData/FootGameScore-flklpgugjzuqjnhfjujkheubgzdj/Build/Products/Debug-iphonesimulator/PackageFrameworks -F /Users/maksimkosharny/Library/Developer/Xcode/DerivedData/FootGameScore-flklpgugjzuqjnhfjujkheubgzdj/Build/Products/Debug-iphonesimulator/PackageFrameworks -F /Users/maksimkosharny/Library/Developer/Xcode/DerivedData/FootGameScore-flklpgugjzuqjnhfjujkheubgzdj/Build/Products/Debug-iphonesimulator -emit-localized-strings -emit-localized-strings-path /Users/maksimkosharny/Library/Developer/Xcode/DerivedData/FootGameScore-flklpgugjzuqjnhfjujkheubgzdj/Build/Intermediates.noindex/FootGameScore.build/Debug-iphonesimulator/FootGameScore.build/Objects-normal/x86_64 -c -j8 -enable-batch-mode -incremental -Xcc -ivfsstatcache -Xcc /Users/maksimkosharny/Library/Developer/Xcode/DerivedData/SDKStatCaches.noindex/iphonesimulator26.2-23C53-7d00a8b37fbd7999ea79df8ebc024bf0.sdkstatcache -output-file-map /Users/maksimkosharny/Library/Developer/Xcode/DerivedData/FootGameScore-flklpgugjzuqjnhfjujkheubgzdj/Build/Intermediates.noindex/FootGameScore.build/Debug-iphonesimulator/FootGameScore.build/Objects-normal/x86_64/FootGameScore-OutputFileMap.json -use-frontend-parseable-output -save-temps -no-color-diagnostics -explicit-module-build -module-cache-path /Users/maksimkosharny/Library/Developer/Xcode/DerivedData/FootGameScore-flklpgugjzuqjnhfjujkheubgzdj/Build/Intermediates.noindex/SwiftExplicitPrecompiledModules -clang-scanner-module-cache-path /Users/maksimkosharny/Library/Developer/Xcode/DerivedData/ModuleCache.noindex -sdk-module-cache-path /Users/maksimkosharny/Library/Developer/Xcode/DerivedData/ModuleCache.noindex -serialize-diagnostics -emit-dependencies -emit-module -emit-module-path /Users/maksimkosharny/Library/Developer/Xcode/DerivedData/FootGameScore-flklpgugjzuqjnhfjujkheubgzdj/Build/Intermediates.noindex/FootGameScore.build/Debug-iphonesimulator/FootGameScore.build/Objects-normal/x86_64/FootGameScore.swiftmodule -validate-clang-modules-once -clang-build-session-file /Users/maksimkosharny/Library/Developer/Xcode/DerivedData/ModuleCache.noindex/Session.modulevalidation -Xcc -I/Users/maksimkosharny/Library/Developer/Xcode/DerivedData/FootGameScore-flklpgugjzuqjnhfjujkheubgzdj/Build/Intermediates.noindex/FootGameScore.build/Debug-iphonesimulator/FootGameScore.build/swift-overrides.hmap -emit-const-values -Xfrontend -const-gather-protocols-file -Xfrontend /Users/maksimkosharny/Library/Developer/Xcode/DerivedData/FootGameScore-flklpgugjzuqjnhfjujkheubgzdj/Build/Intermediates.noindex/FootGameScore.build/Debug-iphonesimulator/FootGameScore.build/Objects-normal/x86_64/FootGameScore_const_extract_protocols.json -Xcc -iquote -Xcc /Users/maksimkosharny/Library/Developer/Xcode/DerivedData/FootGameScore-flklpgugjzuqjnhfjujkheubgzdj/Build/Intermediates.noindex/FootGameScore.build/Debug-iphonesimulator/FootGameScore.build/FootGameScore-generated-files.hmap -Xcc -I/Users/maksimkosharny/Library/Developer/Xcode/DerivedData/FootGameScore-flklpgugjzuqjnhfjujkheubgzdj/Build/Intermediates.noindex/FootGameScore.build/Debug-iphonesimulator/FootGameScore.build/FootGameScore-own-target-headers.hmap -Xcc -I/Users/maksimkosharny/Library/Developer/Xcode/DerivedData/FootGameScore-flklpgugjzuqjnhfjujkheubgzdj/Build/Intermediates.noindex/FootGameScore.build/Debug-iphonesimulator/FootGameScore.build/FootGameScore-all-non-framework-target-headers.hmap -Xcc -ivfsoverlay -Xcc /Users/maksimkosharny/Library/Developer/Xcode/DerivedData/FootGameScore-flklpgugjzuqjnhfjujkheubgzdj/Build/Intermediates.noindex/FootGameScore.build/Debug-iphonesimulator/FootGameScore-55613305b72115e5bacf88d6408d133a-VFS-iphonesimulator/all-product-headers.yaml -Xcc -iquote -Xcc /Users/maksimkosharny/Library/Developer/Xcode/DerivedData/FootGameScore-flklpgugjzuqjnhfjujkheubgzdj/Build/Intermediates.noindex/FootGameScore.build/Debug-iphonesimulator/FootGameScore.build/FootGameScore-project-headers.hmap -Xcc -I/Users/maksimkosharny/Library/Developer/Xcode/DerivedData/FootGameScore-flklpgugjzuqjnhfjujkheubgzdj/SourcePackages/checkouts/GoogleDataTransport/GoogleDataTransport/GDTCORLibrary/Public -Xcc -I/Users/maksimkosharny/Library/Developer/Xcode/DerivedData/FootGameScore-flklpgugjzuqjnhfjujkheubgzdj/SourcePackages/checkouts/firebase-ios-sdk/FirebaseMessaging/Sources/Public -Xcc -I/Users/maksimkosharny/Library/Developer/Xcode/DerivedData/FootGameScore-flklpgugjzuqjnhfjujkheubgzdj/SourcePackages/checkouts/promises/Sources/FBLPromises/include -Xcc -I/Users/maksimkosharny/Library/Developer/Xcode/DerivedData/FootGameScore-flklpgugjzuqjnhfjujkheubgzdj/SourcePackages/checkouts/GoogleUtilities/GoogleUtilities/UserDefaults/Public -Xcc -I/Users/maksimkosharny/Library/Developer/Xcode/DerivedData/FootGameScore-flklpgugjzuqjnhfjujkheubgzdj/SourcePackages/checkouts/GoogleAppMeasurement/GoogleAppMeasurementCoreWrapper/include -Xcc -I/Users/maksimkosharny/Library/Developer/Xcode/DerivedData/FootGameScore-flklpgugjzuqjnhfjujkheubgzdj/SourcePackages/checkouts/GoogleUtilities/GoogleUtilities/MethodSwizzler/Public -Xcc -I/Users/maksimkosharny/Library/Developer/Xcode/DerivedData/FootGameScore-flklpgugjzuqjnhfjujkheubgzdj/SourcePackages/checkouts/firebase-ios-sdk/FirebaseAnalyticsCoreWrapper/include -Xcc -I/Users/maksimkosharny/Library/Developer/Xcode/DerivedData/FootGameScore-flklpgugjzuqjnhfjujkheubgzdj/SourcePackages/checkouts/firebase-ios-sdk/FirebaseInstallations/Source/Library/Public -Xcc -I/Users/maksimkosharny/Library/Developer/Xcode/DerivedData/FootGameScore-flklpgugjzuqjnhfjujkheubgzdj/SourcePackages/checkouts/firebase-ios-sdk/SwiftPM-PlatformExclude/FirebaseAnalyticsCoreWrap/include -Xcc -I/Users/maksimkosharny/Library/Developer/Xcode/DerivedData/FootGameScore-flklpgugjzuqjnhfjujkheubgzdj/SourcePackages/checkouts/interop-ios-for-google-sdks/RecaptchaEnterprise/RecaptchaInterop/Public -Xcc -I/Users/maksimkosharny/Library/Developer/Xcode/DerivedData/FootGameScore-flklpgugjzuqjnhfjujkheubgzdj/SourcePackages/checkouts/GoogleUtilities/GoogleUtilities/Network/Public -Xcc -I/Users/maksimkosharny/Library/Developer/Xcode/DerivedData/FootGameScore-flklpgugjzuqjnhfjujkheubgzdj/SourcePackages/checkouts/GoogleUtilities/GoogleUtilities/Reachability/Public -Xcc -I/Users/maksimkosharny/Library/Developer/Xcode/DerivedData/FootGameScore-flklpgugjzuqjnhfjujkheubgzdj/SourcePackages/checkouts/GoogleUtilities/GoogleUtilities/AppDelegateSwizzler/Public -Xcc -I/Users/maksimkosharny/Library/Developer/Xcode/DerivedData/FootGameScore-flklpgugjzuqjnhfjujkheubgzdj/SourcePackages/checkouts/gtm-session-fetcher/Sources/Core/Public -Xcc -I/Users/maksimkosharny/Library/Developer/Xcode/DerivedData/FootGameScore-flklpgugjzuqjnhfjujkheubgzdj/SourcePackages/checkouts/firebase-ios-sdk/FirebaseAuth/Sources/Public -Xcc -I/Users/maksimkosharny/Library/Developer/Xcode/DerivedData/FootGameScore-flklpgugjzuqjnhfjujkheubgzdj/SourcePackages/checkouts/firebase-ios-sdk/FirebaseAuth/Interop/Public -Xcc -I/Users/maksimkosharny/Library/Developer/Xcode/DerivedData/FootGameScore-flklpgugjzuqjnhfjujkheubgzdj/SourcePackages/checkouts/GoogleUtilities/GoogleUtilities/NSData+zlib/Public -Xcc -I/Users/maksimkosharny/Library/Developer/Xcode/DerivedData/FootGameScore-flklpgugjzuqjnhfjujkheubgzdj/SourcePackages/checkouts/GoogleUtilities/GoogleUtilities/Environment/Public -Xcc -I/Users/maksimkosharny/Library/Developer/Xcode/DerivedData/FootGameScore-flklpgugjzuqjnhfjujkheubgzdj/SourcePackages/checkouts/GoogleUtilities/third_party/IsAppEncrypted/Public -Xcc -I/Users/maksimkosharny/Library/Developer/Xcode/DerivedData/FootGameScore-flklpgugjzuqjnhfjujkheubgzdj/SourcePackages/checkouts/GoogleUtilities/GoogleUtilities/Logger/Public -Xcc -I/Users/maksimkosharny/Library/Developer/Xcode/DerivedData/FootGameScore-flklpgugjzuqjnhfjujkheubgzdj/SourcePackages/checkouts/abseil-cpp-binary/absl-Wrapper/include -Xcc -I/Users/maksimkosharny/Library/Developer/Xcode/DerivedData/FootGameScore-flklpgugjzuqjnhfjujkheubgzdj/SourcePackages/checkouts/grpc-binary/openssl-grpc-Wrapper/include -Xcc -I/Users/maksimkosharny/Library/Developer/Xcode/DerivedData/FootGameScore-flklpgugjzuqjnhfjujkheubgzdj/SourcePackages/checkouts/grpc-binary/grpc-Wrapper/include -Xcc -I/Users/maksimkosharny/Library/Developer/Xcode/DerivedData/FootGameScore-flklpgugjzuqjnhfjujkheubgzdj/SourcePackages/checkouts/grpc-binary/grpcpp-Wrapper/include -Xcc -I/Users/maksimkosharny/Library/Developer/Xcode/DerivedData/FootGameScore-flklpgugjzuqjnhfjujkheubgzdj/SourcePackages/checkouts/nanopb/spm_headers -Xcc -I/Users/maksimkosharny/Library/Developer/Xcode/DerivedData/FootGameScore-flklpgugjzuqjnhfjujkheubgzdj/SourcePackages/checkouts/leveldb/include -Xcc -I/Users/maksimkosharny/Library/Developer/Xcode/DerivedData/FootGameScore-flklpgugjzuqjnhfjujkheubgzdj/SourcePackages/checkouts/firebase-ios-sdk/FirebaseCore/Extension -Xcc -I/Users/maksimkosharny/Library/Developer/Xcode/DerivedData/FootGameScore-flklpgugjzuqjnhfjujkheubgzdj/SourcePackages/checkouts/firebase-ios-sdk/FirebaseCore/Sources/Public -Xcc -I/Users/maksimkosharny/Library/Developer/Xcode/DerivedData/FootGameScore-flklpgugjzuqjnhfjujkheubgzdj/SourcePackages/checkouts/firebase-ios-sdk/CoreOnly/Sources -Xcc -I/Users/maksimkosharny/Library/Developer/Xcode/DerivedData/FootGameScore-flklpgugjzuqjnhfjujkheubgzdj/SourcePackages/checkouts/firebase-ios-sdk/FirebaseAppCheck/Interop/Public -Xcc -I/Users/maksimkosharny/Library/Developer/Xcode/DerivedData/FootGameScore-flklpgugjzuqjnhfjujkheubgzdj/SourcePackages/checkouts/firebase-ios-sdk/FirebaseFirestoreInternal -Xcc -I/Users/maksimkosharny/Library/Developer/Xcode/DerivedData/FootGameScore-flklpgugjzuqjnhfjujkheubgzdj/SourcePackages/checkouts/firebase-ios-sdk/SwiftPM-PlatformExclude/FirebaseFirestoreWrap/include -Xcc -I/Users/maksimkosharny/Library/Developer/Xcode/DerivedData/FootGameScore-flklpgugjzuqjnhfjujkheubgzdj/Build/Products/Debug-iphonesimulator/include -Xcc -I/Users/maksimkosharny/Library/Developer/Xcode/DerivedData/FootGameScore-flklpgugjzuqjnhfjujkheubgzdj/Build/Intermediates.noindex/FootGameScore.build/Debug-iphonesimulator/FootGameScore.build/DerivedSources-normal/x86_64 -Xcc -I/Users/maksimkosharny/Library/Developer/Xcode/DerivedData/FootGameScore-flklpgugjzuqjnhfjujkheubgzdj/Build/Intermediates.noindex/FootGameScore.build/Debug-iphonesimulator/FootGameScore.build/DerivedSources/x86_64 -Xcc -I/Users/maksimkosharny/Library/Developer/Xcode/DerivedData/FootGameScore-flklpgugjzuqjnhfjujkheubgzdj/Build/Intermediates.noindex/FootGameScore.build/Debug-iphonesimulator/FootGameScore.build/DerivedSources -Xcc -DDEBUG\=1 -emit-objc-header -emit-objc-header-path /Users/maksimkosharny/Library/Developer/Xcode/DerivedData/FootGameScore-flklpgugjzuqjnhfjujkheubgzdj/Build/Intermediates.noindex/FootGameScore.build/Debug-iphonesimulator/FootGameScore.build/Objects-normal/x86_64/FootGameScore-Swift.h -working-directory /Users/maksimkosharny/Desktop/Developer/FootGameScore -experimental-emit-module-separately -disable-cmo

SwiftDriverJobDiscovery normal arm64 Emitting module for FootGameScore (in target 'FootGameScore' from project 'FootGameScore')

SwiftCompile normal arm64 Compiling\ SplashViewFG.swift,\ HomeViewFG.swift,\ DetailsViewFG.swift,\ JournalViewFG.swift /Users/maksimkosharny/Desktop/Developer/FootGameScore/FootGameScore/Views/Core/SplashViewFG.swift /Users/maksimkosharny/Desktop/Developer/FootGameScore/FootGameScore/Views/Home/HomeViewFG.swift /Users/maksimkosharny/Desktop/Developer/FootGameScore/FootGameScore/Views/Journal/DetailsViewFG.swift /Users/maksimkosharny/Desktop/Developer/FootGameScore/FootGameScore/Views/Journal/JournalViewFG.swift (in target 'FootGameScore' from project 'FootGameScore')

** BUILD FAILED **


The following build commands failed:
	SwiftCompile normal x86_64 Compiling\ SettingsViewFG.swift,\ StatViewFG.swift,\ MatchSimulationViewFG.swift /Users/maksimkosharny/Desktop/Developer/FootGameScore/FootGameScore/Views/Settings/SettingsViewFG.swift /Users/maksimkosharny/Desktop/Developer/FootGameScore/FootGameScore/Views/Stats/StatViewFG.swift /Users/maksimkosharny/Desktop/Developer/FootGameScore/FootGameScore/Views/Tactics/MatchSimulationViewFG.swift (in target 'FootGameScore' from project 'FootGameScore')
	SwiftCompile normal x86_64 /Users/maksimkosharny/Desktop/Developer/FootGameScore/FootGameScore/Views/Settings/SettingsViewFG.swift (in target 'FootGameScore' from project 'FootGameScore')
	Building workspace FootGameScore with scheme FootGameScore and configuration Debug
(3 failures)
