Command line invocation:
    /Applications/Xcode.app/Contents/Developer/usr/bin/xcodebuild -workspace FootGameScore.xcodeproj/project.xcworkspace -scheme FootGameScore -destination "platform=iOS Simulator,name=iPhone 17 Pro Max" build

2026-02-11 17:12:18.936 xcodebuild[79858:3884015]  DVTDeviceOperation: Encountered a build number "" that is incompatible with DVTBuildVersion.
2026-02-11 17:12:19.269 xcodebuild[79858:3883901] [MT] DVTDeviceOperation: Encountered a build number "" that is incompatible with DVTBuildVersion.
Resolve Package Graph


Resolved source packages:
  InteropForGoogle: https://github.com/google/interop-ios-for-google-sdks.git @ 101.0.0
  GoogleAdsOnDeviceConversion: https://github.com/googleads/google-ads-on-device-conversion-ios-sdk @ 3.2.0
  Firebase: https://github.com/firebase/firebase-ios-sdk.git @ 12.9.0
  AppsFlyerLib: https://github.com/AppsFlyerSDK/AppsFlyerFramework-Static @ 6.17.8
  GoogleAppMeasurement: https://github.com/google/GoogleAppMeasurement.git @ 12.8.0
  abseil: https://github.com/google/abseil-cpp-binary.git @ 1.2024072200.0
  nanopb: https://github.com/firebase/nanopb.git @ 2.30910.0
  gRPC: https://github.com/google/grpc-binary.git @ 1.69.1
  Promises: https://github.com/google/promises.git @ 2.4.0
  GoogleDataTransport: https://github.com/google/GoogleDataTransport.git @ 10.1.0
  GoogleUtilities: https://github.com/google/GoogleUtilities.git @ 8.1.0
  GTMSessionFetcher: https://github.com/google/gtm-session-fetcher.git @ 5.0.0
  leveldb: https://github.com/firebase/leveldb.git @ 1.22.5
  AppCheck: https://github.com/google/app-check.git @ 11.2.0

ComputePackagePrebuildTargetDependencyGraph

Prepare packages

CreateBuildRequest

SendProjectDescription

CreateBuildOperation

ComputeTargetDependencyGraph
note: Building targets in dependency order
note: Target dependency graph (83 targets)
    Target 'FootGameScore' in project 'FootGameScore'
        ➜ Explicit dependency on target 'FirebaseMessaging' in project 'Firebase'
        ➜ Explicit dependency on target 'AppsFlyerLib-Static' in project 'AppsFlyerLib'
        ➜ Explicit dependency on target 'FirebaseAnalyticsCore' in project 'Firebase'
        ➜ Explicit dependency on target 'FirebaseAuth' in project 'Firebase'
        ➜ Explicit dependency on target 'FirebaseFirestore' in project 'Firebase'
    Target 'FirebaseFirestore' in project 'Firebase'
        ➜ Explicit dependency on target 'FirebaseFirestoreTarget' in project 'Firebase'
        ➜ Explicit dependency on target 'FirebaseFirestoreInternalWrapper' in project 'Firebase'
        ➜ Explicit dependency on target 'FirebaseAppCheckInterop' in project 'Firebase'
        ➜ Explicit dependency on target 'Firebase' in project 'Firebase'
        ➜ Explicit dependency on target 'FirebaseCoreInternal' in project 'Firebase'
        ➜ Explicit dependency on target 'FirebaseCore' in project 'Firebase'
        ➜ Explicit dependency on target 'FirebaseCoreExtension' in project 'Firebase'
        ➜ Explicit dependency on target 'FirebaseSharedSwift' in project 'Firebase'
        ➜ Explicit dependency on target 'FirebaseFirestore' in project 'Firebase'
        ➜ Explicit dependency on target 'GULNSData' in project 'GoogleUtilities'
        ➜ Explicit dependency on target 'GULEnvironment' in project 'GoogleUtilities'
        ➜ Explicit dependency on target 'GULLogger' in project 'GoogleUtilities'
        ➜ Explicit dependency on target 'abseil' in project 'abseil'
        ➜ Explicit dependency on target 'gRPC-C++' in project 'gRPC'
        ➜ Explicit dependency on target 'nanopb' in project 'nanopb'
        ➜ Explicit dependency on target 'leveldb' in project 'leveldb'
    Target 'FirebaseFirestoreTarget' in project 'Firebase'
        ➜ Explicit dependency on target 'FirebaseFirestoreInternalWrapper' in project 'Firebase'
        ➜ Explicit dependency on target 'FirebaseAppCheckInterop' in project 'Firebase'
        ➜ Explicit dependency on target 'Firebase' in project 'Firebase'
        ➜ Explicit dependency on target 'FirebaseCoreInternal' in project 'Firebase'
        ➜ Explicit dependency on target 'FirebaseCore' in project 'Firebase'
        ➜ Explicit dependency on target 'FirebaseCoreExtension' in project 'Firebase'
        ➜ Explicit dependency on target 'FirebaseSharedSwift' in project 'Firebase'
        ➜ Explicit dependency on target 'FirebaseFirestore' in project 'Firebase'
        ➜ Explicit dependency on target 'GULNSData' in project 'GoogleUtilities'
        ➜ Explicit dependency on target 'GULEnvironment' in project 'GoogleUtilities'
        ➜ Explicit dependency on target 'GULLogger' in project 'GoogleUtilities'
        ➜ Explicit dependency on target 'abseil' in project 'abseil'
        ➜ Explicit dependency on target 'gRPC-C++' in project 'gRPC'
        ➜ Explicit dependency on target 'nanopb' in project 'nanopb'
        ➜ Explicit dependency on target 'leveldb' in project 'leveldb'
    Target 'FirebaseFirestore' in project 'Firebase'
        ➜ Explicit dependency on target 'Firebase_FirebaseFirestore' in project 'Firebase'
        ➜ Explicit dependency on target 'FirebaseFirestoreInternalWrapper' in project 'Firebase'
        ➜ Explicit dependency on target 'FirebaseAppCheckInterop' in project 'Firebase'
        ➜ Explicit dependency on target 'Firebase' in project 'Firebase'
        ➜ Explicit dependency on target 'FirebaseCoreInternal' in project 'Firebase'
        ➜ Explicit dependency on target 'FirebaseCore' in project 'Firebase'
        ➜ Explicit dependency on target 'FirebaseCoreExtension' in project 'Firebase'
        ➜ Explicit dependency on target 'FirebaseSharedSwift' in project 'Firebase'
        ➜ Explicit dependency on target 'GULNSData' in project 'GoogleUtilities'
        ➜ Explicit dependency on target 'GULEnvironment' in project 'GoogleUtilities'
        ➜ Explicit dependency on target 'GULLogger' in project 'GoogleUtilities'
        ➜ Explicit dependency on target 'abseil' in project 'abseil'
        ➜ Explicit dependency on target 'gRPC-C++' in project 'gRPC'
        ➜ Explicit dependency on target 'nanopb' in project 'nanopb'
        ➜ Explicit dependency on target 'leveldb' in project 'leveldb'
    Target 'leveldb' in project 'leveldb'
        ➜ Explicit dependency on target 'leveldb' in project 'leveldb'
        ➜ Explicit dependency on target 'leveldb_leveldb' in project 'leveldb'
    Target 'leveldb' in project 'leveldb'
        ➜ Explicit dependency on target 'leveldb_leveldb' in project 'leveldb'
    Target 'leveldb_leveldb' in project 'leveldb' (no dependencies)
    Target 'gRPC-C++' in project 'gRPC'
        ➜ Explicit dependency on target 'grpcppWrapper' in project 'gRPC'
        ➜ Explicit dependency on target 'gRPC_grpcppWrapper' in project 'gRPC'
        ➜ Explicit dependency on target 'grpcWrapper' in project 'gRPC'
        ➜ Explicit dependency on target 'opensslWrapper' in project 'gRPC'
        ➜ Explicit dependency on target 'abseil' in project 'abseil'
    Target 'grpcppWrapper' in project 'gRPC'
        ➜ Explicit dependency on target 'gRPC_grpcppWrapper' in project 'gRPC'
        ➜ Explicit dependency on target 'grpcWrapper' in project 'gRPC'
        ➜ Explicit dependency on target 'opensslWrapper' in project 'gRPC'
        ➜ Explicit dependency on target 'abseil' in project 'abseil'
    Target 'opensslWrapper' in project 'gRPC'
        ➜ Explicit dependency on target 'gRPC_opensslWrapper' in project 'gRPC'
    Target 'gRPC_opensslWrapper' in project 'gRPC' (no dependencies)
    Target 'grpcWrapper' in project 'gRPC'
        ➜ Explicit dependency on target 'gRPC_grpcWrapper' in project 'gRPC'
    Target 'gRPC_grpcWrapper' in project 'gRPC' (no dependencies)
    Target 'gRPC_grpcppWrapper' in project 'gRPC' (no dependencies)
    Target 'abseil' in project 'abseil'
        ➜ Explicit dependency on target 'abslWrapper' in project 'abseil'
        ➜ Explicit dependency on target 'abseil_abslWrapper' in project 'abseil'
    Target 'abslWrapper' in project 'abseil'
        ➜ Explicit dependency on target 'abseil_abslWrapper' in project 'abseil'
    Target 'abseil_abslWrapper' in project 'abseil' (no dependencies)
    Target 'Firebase_FirebaseFirestore' in project 'Firebase' (no dependencies)
    Target 'FirebaseSharedSwift' in project 'Firebase' (no dependencies)
    Target 'FirebaseFirestoreInternalWrapper' in project 'Firebase' (no dependencies)
    Target 'FirebaseAuth' in project 'Firebase'
        ➜ Explicit dependency on target 'FirebaseAuth' in project 'Firebase'
        ➜ Explicit dependency on target 'Firebase_FirebaseAuth' in project 'Firebase'
        ➜ Explicit dependency on target 'FirebaseAppCheckInterop' in project 'Firebase'
        ➜ Explicit dependency on target 'FirebaseAuthInterop' in project 'Firebase'
        ➜ Explicit dependency on target 'FirebaseAuthInternal' in project 'Firebase'
        ➜ Explicit dependency on target 'Firebase' in project 'Firebase'
        ➜ Explicit dependency on target 'FirebaseCoreInternal' in project 'Firebase'
        ➜ Explicit dependency on target 'FirebaseCore' in project 'Firebase'
        ➜ Explicit dependency on target 'FirebaseCoreExtension' in project 'Firebase'
        ➜ Explicit dependency on target 'RecaptchaInterop' in project 'InteropForGoogle'
        ➜ Explicit dependency on target 'GULNSData' in project 'GoogleUtilities'
        ➜ Explicit dependency on target 'GULEnvironment' in project 'GoogleUtilities'
        ➜ Explicit dependency on target 'GULLogger' in project 'GoogleUtilities'
        ➜ Explicit dependency on target 'GULAppDelegateSwizzler' in project 'GoogleUtilities'
        ➜ Explicit dependency on target 'GTMSessionFetcherCore' in project 'GTMSessionFetcher'
    Target 'FirebaseAuth' in project 'Firebase'
        ➜ Explicit dependency on target 'Firebase_FirebaseAuth' in project 'Firebase'
        ➜ Explicit dependency on target 'FirebaseAppCheckInterop' in project 'Firebase'
        ➜ Explicit dependency on target 'FirebaseAuthInterop' in project 'Firebase'
        ➜ Explicit dependency on target 'FirebaseAuthInternal' in project 'Firebase'
        ➜ Explicit dependency on target 'Firebase' in project 'Firebase'
        ➜ Explicit dependency on target 'FirebaseCoreInternal' in project 'Firebase'
        ➜ Explicit dependency on target 'FirebaseCore' in project 'Firebase'
        ➜ Explicit dependency on target 'FirebaseCoreExtension' in project 'Firebase'
        ➜ Explicit dependency on target 'RecaptchaInterop' in project 'InteropForGoogle'
        ➜ Explicit dependency on target 'GULNSData' in project 'GoogleUtilities'
        ➜ Explicit dependency on target 'GULEnvironment' in project 'GoogleUtilities'
        ➜ Explicit dependency on target 'GULLogger' in project 'GoogleUtilities'
        ➜ Explicit dependency on target 'GULAppDelegateSwizzler' in project 'GoogleUtilities'
        ➜ Explicit dependency on target 'GTMSessionFetcherCore' in project 'GTMSessionFetcher'
    Target 'GTMSessionFetcherCore' in project 'GTMSessionFetcher'
        ➜ Explicit dependency on target 'GTMSessionFetcherCore' in project 'GTMSessionFetcher'
        ➜ Explicit dependency on target 'GTMSessionFetcher_GTMSessionFetcherCore' in project 'GTMSessionFetcher'
    Target 'GTMSessionFetcherCore' in project 'GTMSessionFetcher'
        ➜ Explicit dependency on target 'GTMSessionFetcher_GTMSessionFetcherCore' in project 'GTMSessionFetcher'
    Target 'GTMSessionFetcher_GTMSessionFetcherCore' in project 'GTMSessionFetcher' (no dependencies)
    Target 'FirebaseCoreExtension' in project 'Firebase'
        ➜ Explicit dependency on target 'Firebase_FirebaseCoreExtension' in project 'Firebase'
    Target 'Firebase_FirebaseCoreExtension' in project 'Firebase' (no dependencies)
    Target 'FirebaseAuthInternal' in project 'Firebase'
        ➜ Explicit dependency on target 'RecaptchaInterop' in project 'InteropForGoogle'
    Target 'RecaptchaInterop' in project 'InteropForGoogle'
        ➜ Explicit dependency on target 'RecaptchaInterop' in project 'InteropForGoogle'
    Target 'RecaptchaInterop' in project 'InteropForGoogle' (no dependencies)
    Target 'FirebaseAuthInterop' in project 'Firebase' (no dependencies)
    Target 'FirebaseAppCheckInterop' in project 'Firebase' (no dependencies)
    Target 'Firebase_FirebaseAuth' in project 'Firebase' (no dependencies)
    Target 'FirebaseAnalyticsCore' in project 'Firebase'
        ➜ Explicit dependency on target 'FirebaseAnalyticsCoreTarget' in project 'Firebase'
        ➜ Explicit dependency on target 'Firebase' in project 'Firebase'
        ➜ Explicit dependency on target 'FirebaseCoreInternal' in project 'Firebase'
        ➜ Explicit dependency on target 'FirebaseCore' in project 'Firebase'
        ➜ Explicit dependency on target 'FirebaseInstallations' in project 'Firebase'
        ➜ Explicit dependency on target 'FirebaseAnalyticsCoreWrapper' in project 'Firebase'
        ➜ Explicit dependency on target 'GULNSData' in project 'GoogleUtilities'
        ➜ Explicit dependency on target 'GULEnvironment' in project 'GoogleUtilities'
        ➜ Explicit dependency on target 'GULLogger' in project 'GoogleUtilities'
        ➜ Explicit dependency on target 'FBLPromises' in project 'Promises'
        ➜ Explicit dependency on target 'GULUserDefaults' in project 'GoogleUtilities'
        ➜ Explicit dependency on target 'GoogleAppMeasurementCore' in project 'GoogleAppMeasurement'
        ➜ Explicit dependency on target 'GULAppDelegateSwizzler' in project 'GoogleUtilities'
        ➜ Explicit dependency on target 'GULMethodSwizzler' in project 'GoogleUtilities'
        ➜ Explicit dependency on target 'GULNetwork' in project 'GoogleUtilities'
        ➜ Explicit dependency on target 'nanopb' in project 'nanopb'
    Target 'FirebaseAnalyticsCoreTarget' in project 'Firebase'
        ➜ Explicit dependency on target 'Firebase' in project 'Firebase'
        ➜ Explicit dependency on target 'FirebaseCoreInternal' in project 'Firebase'
        ➜ Explicit dependency on target 'FirebaseCore' in project 'Firebase'
        ➜ Explicit dependency on target 'FirebaseInstallations' in project 'Firebase'
        ➜ Explicit dependency on target 'FirebaseAnalyticsCoreWrapper' in project 'Firebase'
        ➜ Explicit dependency on target 'GULNSData' in project 'GoogleUtilities'
        ➜ Explicit dependency on target 'GULEnvironment' in project 'GoogleUtilities'
        ➜ Explicit dependency on target 'GULLogger' in project 'GoogleUtilities'
        ➜ Explicit dependency on target 'FBLPromises' in project 'Promises'
        ➜ Explicit dependency on target 'GULUserDefaults' in project 'GoogleUtilities'
        ➜ Explicit dependency on target 'GoogleAppMeasurementCore' in project 'GoogleAppMeasurement'
        ➜ Explicit dependency on target 'GULAppDelegateSwizzler' in project 'GoogleUtilities'
        ➜ Explicit dependency on target 'GULMethodSwizzler' in project 'GoogleUtilities'
        ➜ Explicit dependency on target 'GULNetwork' in project 'GoogleUtilities'
        ➜ Explicit dependency on target 'nanopb' in project 'nanopb'
    Target 'FirebaseAnalyticsCoreWrapper' in project 'Firebase'
        ➜ Explicit dependency on target 'Firebase' in project 'Firebase'
        ➜ Explicit dependency on target 'FirebaseCoreInternal' in project 'Firebase'
        ➜ Explicit dependency on target 'FirebaseCore' in project 'Firebase'
        ➜ Explicit dependency on target 'FirebaseInstallations' in project 'Firebase'
        ➜ Explicit dependency on target 'GULNSData' in project 'GoogleUtilities'
        ➜ Explicit dependency on target 'GULEnvironment' in project 'GoogleUtilities'
        ➜ Explicit dependency on target 'GULLogger' in project 'GoogleUtilities'
        ➜ Explicit dependency on target 'FBLPromises' in project 'Promises'
        ➜ Explicit dependency on target 'GULUserDefaults' in project 'GoogleUtilities'
        ➜ Explicit dependency on target 'GoogleAppMeasurementCore' in project 'GoogleAppMeasurement'
        ➜ Explicit dependency on target 'GULAppDelegateSwizzler' in project 'GoogleUtilities'
        ➜ Explicit dependency on target 'GULMethodSwizzler' in project 'GoogleUtilities'
        ➜ Explicit dependency on target 'GULNetwork' in project 'GoogleUtilities'
        ➜ Explicit dependency on target 'nanopb' in project 'nanopb'
    Target 'GoogleAppMeasurementCore' in project 'GoogleAppMeasurement'
        ➜ Explicit dependency on target 'GoogleAppMeasurementCoreTarget' in project 'GoogleAppMeasurement'
        ➜ Explicit dependency on target 'GULAppDelegateSwizzler' in project 'GoogleUtilities'
        ➜ Explicit dependency on target 'GULMethodSwizzler' in project 'GoogleUtilities'
        ➜ Explicit dependency on target 'GULNSData' in project 'GoogleUtilities'
        ➜ Explicit dependency on target 'GULNetwork' in project 'GoogleUtilities'
        ➜ Explicit dependency on target 'GULLogger' in project 'GoogleUtilities'
        ➜ Explicit dependency on target 'GULEnvironment' in project 'GoogleUtilities'
        ➜ Explicit dependency on target 'nanopb' in project 'nanopb'
    Target 'GoogleAppMeasurementCoreTarget' in project 'GoogleAppMeasurement'
        ➜ Explicit dependency on target 'GULAppDelegateSwizzler' in project 'GoogleUtilities'
        ➜ Explicit dependency on target 'GULMethodSwizzler' in project 'GoogleUtilities'
        ➜ Explicit dependency on target 'GULNSData' in project 'GoogleUtilities'
        ➜ Explicit dependency on target 'GULNetwork' in project 'GoogleUtilities'
        ➜ Explicit dependency on target 'GULLogger' in project 'GoogleUtilities'
        ➜ Explicit dependency on target 'GULEnvironment' in project 'GoogleUtilities'
        ➜ Explicit dependency on target 'nanopb' in project 'nanopb'
    Target 'GULNetwork' in project 'GoogleUtilities'
        ➜ Explicit dependency on target 'GoogleUtilities-Network' in project 'GoogleUtilities'
        ➜ Explicit dependency on target 'GoogleUtilities_GoogleUtilities-Network' in project 'GoogleUtilities'
        ➜ Explicit dependency on target 'third-party-IsAppEncrypted' in project 'GoogleUtilities'
        ➜ Explicit dependency on target 'GoogleUtilities-Environment' in project 'GoogleUtilities'
        ➜ Explicit dependency on target 'GoogleUtilities-Logger' in project 'GoogleUtilities'
        ➜ Explicit dependency on target 'GoogleUtilities-NSData' in project 'GoogleUtilities'
        ➜ Explicit dependency on target 'GoogleUtilities-Reachability' in project 'GoogleUtilities'
    Target 'GULMethodSwizzler' in project 'GoogleUtilities'
        ➜ Explicit dependency on target 'GoogleUtilities-MethodSwizzler' in project 'GoogleUtilities'
        ➜ Explicit dependency on target 'GoogleUtilities_GoogleUtilities-MethodSwizzler' in project 'GoogleUtilities'
        ➜ Explicit dependency on target 'third-party-IsAppEncrypted' in project 'GoogleUtilities'
        ➜ Explicit dependency on target 'GoogleUtilities-Environment' in project 'GoogleUtilities'
        ➜ Explicit dependency on target 'GoogleUtilities-Logger' in project 'GoogleUtilities'
    Target 'GoogleUtilities-MethodSwizzler' in project 'GoogleUtilities'
        ➜ Explicit dependency on target 'GoogleUtilities_GoogleUtilities-MethodSwizzler' in project 'GoogleUtilities'
        ➜ Explicit dependency on target 'third-party-IsAppEncrypted' in project 'GoogleUtilities'
        ➜ Explicit dependency on target 'GoogleUtilities-Environment' in project 'GoogleUtilities'
        ➜ Explicit dependency on target 'GoogleUtilities-Logger' in project 'GoogleUtilities'
    Target 'GoogleUtilities_GoogleUtilities-MethodSwizzler' in project 'GoogleUtilities' (no dependencies)
    Target 'AppsFlyerLib-Static' in project 'AppsFlyerLib' (no dependencies)
    Target 'FirebaseMessaging' in project 'Firebase'
        ➜ Explicit dependency on target 'FirebaseMessaging' in project 'Firebase'
        ➜ Explicit dependency on target 'Firebase_FirebaseMessaging' in project 'Firebase'
        ➜ Explicit dependency on target 'Firebase' in project 'Firebase'
        ➜ Explicit dependency on target 'FirebaseCoreInternal' in project 'Firebase'
        ➜ Explicit dependency on target 'FirebaseCore' in project 'Firebase'
        ➜ Explicit dependency on target 'FirebaseInstallations' in project 'Firebase'
        ➜ Explicit dependency on target 'GULNSData' in project 'GoogleUtilities'
        ➜ Explicit dependency on target 'GULEnvironment' in project 'GoogleUtilities'
        ➜ Explicit dependency on target 'GULLogger' in project 'GoogleUtilities'
        ➜ Explicit dependency on target 'FBLPromises' in project 'Promises'
        ➜ Explicit dependency on target 'GULUserDefaults' in project 'GoogleUtilities'
        ➜ Explicit dependency on target 'GULAppDelegateSwizzler' in project 'GoogleUtilities'
        ➜ Explicit dependency on target 'GULReachability' in project 'GoogleUtilities'
        ➜ Explicit dependency on target 'GoogleDataTransport' in project 'GoogleDataTransport'
        ➜ Explicit dependency on target 'nanopb' in project 'nanopb'
    Target 'FirebaseMessaging' in project 'Firebase'
        ➜ Explicit dependency on target 'Firebase_FirebaseMessaging' in project 'Firebase'
        ➜ Explicit dependency on target 'Firebase' in project 'Firebase'
        ➜ Explicit dependency on target 'FirebaseCoreInternal' in project 'Firebase'
        ➜ Explicit dependency on target 'FirebaseCore' in project 'Firebase'
        ➜ Explicit dependency on target 'FirebaseInstallations' in project 'Firebase'
        ➜ Explicit dependency on target 'GULNSData' in project 'GoogleUtilities'
        ➜ Explicit dependency on target 'GULEnvironment' in project 'GoogleUtilities'
        ➜ Explicit dependency on target 'GULLogger' in project 'GoogleUtilities'
        ➜ Explicit dependency on target 'FBLPromises' in project 'Promises'
        ➜ Explicit dependency on target 'GULUserDefaults' in project 'GoogleUtilities'
        ➜ Explicit dependency on target 'GULAppDelegateSwizzler' in project 'GoogleUtilities'
        ➜ Explicit dependency on target 'GULReachability' in project 'GoogleUtilities'
        ➜ Explicit dependency on target 'GoogleDataTransport' in project 'GoogleDataTransport'
        ➜ Explicit dependency on target 'nanopb' in project 'nanopb'
    Target 'GoogleDataTransport' in project 'GoogleDataTransport'
        ➜ Explicit dependency on target 'GoogleDataTransport' in project 'GoogleDataTransport'
        ➜ Explicit dependency on target 'GoogleDataTransport_GoogleDataTransport' in project 'GoogleDataTransport'
        ➜ Explicit dependency on target 'nanopb' in project 'nanopb'
        ➜ Explicit dependency on target 'FBLPromises' in project 'Promises'
    Target 'GoogleDataTransport' in project 'GoogleDataTransport'
        ➜ Explicit dependency on target 'GoogleDataTransport_GoogleDataTransport' in project 'GoogleDataTransport'
        ➜ Explicit dependency on target 'nanopb' in project 'nanopb'
        ➜ Explicit dependency on target 'FBLPromises' in project 'Promises'
    Target 'nanopb' in project 'nanopb'
        ➜ Explicit dependency on target 'nanopb' in project 'nanopb'
        ➜ Explicit dependency on target 'nanopb_nanopb' in project 'nanopb'
    Target 'nanopb' in project 'nanopb'
        ➜ Explicit dependency on target 'nanopb_nanopb' in project 'nanopb'
    Target 'nanopb_nanopb' in project 'nanopb' (no dependencies)
    Target 'GoogleDataTransport_GoogleDataTransport' in project 'GoogleDataTransport' (no dependencies)
    Target 'GULReachability' in project 'GoogleUtilities'
        ➜ Explicit dependency on target 'GoogleUtilities-Reachability' in project 'GoogleUtilities'
        ➜ Explicit dependency on target 'GoogleUtilities_GoogleUtilities-Reachability' in project 'GoogleUtilities'
        ➜ Explicit dependency on target 'third-party-IsAppEncrypted' in project 'GoogleUtilities'
        ➜ Explicit dependency on target 'GoogleUtilities-Environment' in project 'GoogleUtilities'
        ➜ Explicit dependency on target 'GoogleUtilities-Logger' in project 'GoogleUtilities'
    Target 'GULAppDelegateSwizzler' in project 'GoogleUtilities'
        ➜ Explicit dependency on target 'GoogleUtilities-AppDelegateSwizzler' in project 'GoogleUtilities'
        ➜ Explicit dependency on target 'GoogleUtilities_GoogleUtilities-AppDelegateSwizzler' in project 'GoogleUtilities'
        ➜ Explicit dependency on target 'third-party-IsAppEncrypted' in project 'GoogleUtilities'
        ➜ Explicit dependency on target 'GoogleUtilities-Environment' in project 'GoogleUtilities'
        ➜ Explicit dependency on target 'GoogleUtilities-Logger' in project 'GoogleUtilities'
        ➜ Explicit dependency on target 'GoogleUtilities-NSData' in project 'GoogleUtilities'
        ➜ Explicit dependency on target 'GoogleUtilities-Reachability' in project 'GoogleUtilities'
        ➜ Explicit dependency on target 'GoogleUtilities-Network' in project 'GoogleUtilities'
    Target 'GoogleUtilities-AppDelegateSwizzler' in project 'GoogleUtilities'
        ➜ Explicit dependency on target 'GoogleUtilities_GoogleUtilities-AppDelegateSwizzler' in project 'GoogleUtilities'
        ➜ Explicit dependency on target 'third-party-IsAppEncrypted' in project 'GoogleUtilities'
        ➜ Explicit dependency on target 'GoogleUtilities-Environment' in project 'GoogleUtilities'
        ➜ Explicit dependency on target 'GoogleUtilities-Logger' in project 'GoogleUtilities'
        ➜ Explicit dependency on target 'GoogleUtilities-NSData' in project 'GoogleUtilities'
        ➜ Explicit dependency on target 'GoogleUtilities-Reachability' in project 'GoogleUtilities'
        ➜ Explicit dependency on target 'GoogleUtilities-Network' in project 'GoogleUtilities'
    Target 'GoogleUtilities-Network' in project 'GoogleUtilities'
        ➜ Explicit dependency on target 'GoogleUtilities_GoogleUtilities-Network' in project 'GoogleUtilities'
        ➜ Explicit dependency on target 'third-party-IsAppEncrypted' in project 'GoogleUtilities'
        ➜ Explicit dependency on target 'GoogleUtilities-Environment' in project 'GoogleUtilities'
        ➜ Explicit dependency on target 'GoogleUtilities-Logger' in project 'GoogleUtilities'
        ➜ Explicit dependency on target 'GoogleUtilities-NSData' in project 'GoogleUtilities'
        ➜ Explicit dependency on target 'GoogleUtilities-Reachability' in project 'GoogleUtilities'
    Target 'GoogleUtilities_GoogleUtilities-Network' in project 'GoogleUtilities' (no dependencies)
    Target 'GoogleUtilities-Reachability' in project 'GoogleUtilities'
        ➜ Explicit dependency on target 'GoogleUtilities_GoogleUtilities-Reachability' in project 'GoogleUtilities'
        ➜ Explicit dependency on target 'third-party-IsAppEncrypted' in project 'GoogleUtilities'
        ➜ Explicit dependency on target 'GoogleUtilities-Environment' in project 'GoogleUtilities'
        ➜ Explicit dependency on target 'GoogleUtilities-Logger' in project 'GoogleUtilities'
    Target 'GoogleUtilities_GoogleUtilities-Reachability' in project 'GoogleUtilities' (no dependencies)
    Target 'GoogleUtilities_GoogleUtilities-AppDelegateSwizzler' in project 'GoogleUtilities' (no dependencies)
    Target 'FirebaseInstallations' in project 'Firebase'
        ➜ Explicit dependency on target 'Firebase_FirebaseInstallations' in project 'Firebase'
        ➜ Explicit dependency on target 'Firebase' in project 'Firebase'
        ➜ Explicit dependency on target 'FirebaseCoreInternal' in project 'Firebase'
        ➜ Explicit dependency on target 'FirebaseCore' in project 'Firebase'
        ➜ Explicit dependency on target 'GULNSData' in project 'GoogleUtilities'
        ➜ Explicit dependency on target 'GULEnvironment' in project 'GoogleUtilities'
        ➜ Explicit dependency on target 'GULLogger' in project 'GoogleUtilities'
        ➜ Explicit dependency on target 'FBLPromises' in project 'Promises'
        ➜ Explicit dependency on target 'GULUserDefaults' in project 'GoogleUtilities'
    Target 'GULUserDefaults' in project 'GoogleUtilities'
        ➜ Explicit dependency on target 'GoogleUtilities-UserDefaults' in project 'GoogleUtilities'
        ➜ Explicit dependency on target 'GoogleUtilities_GoogleUtilities-UserDefaults' in project 'GoogleUtilities'
        ➜ Explicit dependency on target 'third-party-IsAppEncrypted' in project 'GoogleUtilities'
        ➜ Explicit dependency on target 'GoogleUtilities-Environment' in project 'GoogleUtilities'
        ➜ Explicit dependency on target 'GoogleUtilities-Logger' in project 'GoogleUtilities'
    Target 'GoogleUtilities-UserDefaults' in project 'GoogleUtilities'
        ➜ Explicit dependency on target 'GoogleUtilities_GoogleUtilities-UserDefaults' in project 'GoogleUtilities'
        ➜ Explicit dependency on target 'third-party-IsAppEncrypted' in project 'GoogleUtilities'
        ➜ Explicit dependency on target 'GoogleUtilities-Environment' in project 'GoogleUtilities'
        ➜ Explicit dependency on target 'GoogleUtilities-Logger' in project 'GoogleUtilities'
    Target 'GoogleUtilities_GoogleUtilities-UserDefaults' in project 'GoogleUtilities' (no dependencies)
    Target 'FBLPromises' in project 'Promises'
        ➜ Explicit dependency on target 'FBLPromises' in project 'Promises'
        ➜ Explicit dependency on target 'Promises_FBLPromises' in project 'Promises'
    Target 'FBLPromises' in project 'Promises'
        ➜ Explicit dependency on target 'Promises_FBLPromises' in project 'Promises'
    Target 'Promises_FBLPromises' in project 'Promises' (no dependencies)
    Target 'Firebase_FirebaseInstallations' in project 'Firebase' (no dependencies)
    Target 'FirebaseCore' in project 'Firebase'
        ➜ Explicit dependency on target 'Firebase_FirebaseCore' in project 'Firebase'
        ➜ Explicit dependency on target 'Firebase' in project 'Firebase'
        ➜ Explicit dependency on target 'FirebaseCoreInternal' in project 'Firebase'
        ➜ Explicit dependency on target 'GULNSData' in project 'GoogleUtilities'
        ➜ Explicit dependency on target 'GULEnvironment' in project 'GoogleUtilities'
        ➜ Explicit dependency on target 'GULLogger' in project 'GoogleUtilities'
    Target 'GULLogger' in project 'GoogleUtilities'
        ➜ Explicit dependency on target 'GoogleUtilities-Logger' in project 'GoogleUtilities'
        ➜ Explicit dependency on target 'GoogleUtilities_GoogleUtilities-Logger' in project 'GoogleUtilities'
        ➜ Explicit dependency on target 'third-party-IsAppEncrypted' in project 'GoogleUtilities'
        ➜ Explicit dependency on target 'GoogleUtilities-Environment' in project 'GoogleUtilities'
    Target 'GoogleUtilities-Logger' in project 'GoogleUtilities'
        ➜ Explicit dependency on target 'GoogleUtilities_GoogleUtilities-Logger' in project 'GoogleUtilities'
        ➜ Explicit dependency on target 'third-party-IsAppEncrypted' in project 'GoogleUtilities'
        ➜ Explicit dependency on target 'GoogleUtilities-Environment' in project 'GoogleUtilities'
    Target 'GoogleUtilities_GoogleUtilities-Logger' in project 'GoogleUtilities' (no dependencies)
    Target 'GULEnvironment' in project 'GoogleUtilities'
        ➜ Explicit dependency on target 'GoogleUtilities-Environment' in project 'GoogleUtilities'
        ➜ Explicit dependency on target 'GoogleUtilities_GoogleUtilities-Environment' in project 'GoogleUtilities'
        ➜ Explicit dependency on target 'third-party-IsAppEncrypted' in project 'GoogleUtilities'
    Target 'GoogleUtilities-Environment' in project 'GoogleUtilities'
        ➜ Explicit dependency on target 'GoogleUtilities_GoogleUtilities-Environment' in project 'GoogleUtilities'
        ➜ Explicit dependency on target 'third-party-IsAppEncrypted' in project 'GoogleUtilities'
    Target 'third-party-IsAppEncrypted' in project 'GoogleUtilities' (no dependencies)
    Target 'GoogleUtilities_GoogleUtilities-Environment' in project 'GoogleUtilities' (no dependencies)
    Target 'Firebase_FirebaseCore' in project 'Firebase' (no dependencies)
    Target 'FirebaseCoreInternal' in project 'Firebase'
        ➜ Explicit dependency on target 'Firebase_FirebaseCoreInternal' in project 'Firebase'
        ➜ Explicit dependency on target 'GULNSData' in project 'GoogleUtilities'
    Target 'GULNSData' in project 'GoogleUtilities'
        ➜ Explicit dependency on target 'GoogleUtilities-NSData' in project 'GoogleUtilities'
        ➜ Explicit dependency on target 'GoogleUtilities_GoogleUtilities-NSData' in project 'GoogleUtilities'
    Target 'GoogleUtilities-NSData' in project 'GoogleUtilities'
        ➜ Explicit dependency on target 'GoogleUtilities_GoogleUtilities-NSData' in project 'GoogleUtilities'
    Target 'GoogleUtilities_GoogleUtilities-NSData' in project 'GoogleUtilities' (no dependencies)
    Target 'Firebase_FirebaseCoreInternal' in project 'Firebase' (no dependencies)
    Target 'Firebase' in project 'Firebase' (no dependencies)
    Target 'Firebase_FirebaseMessaging' in project 'Firebase' (no dependencies)

GatherProvisioningInputs

CreateBuildDescription

ExecuteExternalTool /Applications/Xcode.app/Contents/Developer/Toolchains/XcodeDefault.xctoolchain/usr/bin/clang -v -E -dM -arch arm64 -isysroot /Applications/Xcode.app/Contents/Developer/Platforms/iPhoneSimulator.platform/Developer/SDKs/iPhoneSimulator26.2.sdk -x objective-c -c /dev/null

ExecuteExternalTool /Applications/Xcode.app/Contents/Developer/Toolchains/XcodeDefault.xctoolchain/usr/bin/swiftc --version

ExecuteExternalTool /Applications/Xcode.app/Contents/Developer/Toolchains/XcodeDefault.xctoolchain/usr/bin/clang -v -E -dM -isysroot /Applications/Xcode.app/Contents/Developer/Platforms/iPhoneSimulator.platform/Developer/SDKs/iPhoneSimulator26.2.sdk -x c -c /dev/null

ExecuteExternalTool /Applications/Xcode.app/Contents/Developer/usr/bin/actool --print-asset-tag-combinations --output-format xml1 /Users/maksimkosharny/Desktop/Developer/FootGameScore/FootGameScore/Resources/Assets/Assets.xcassets

ExecuteExternalTool /Applications/Xcode.app/Contents/Developer/usr/bin/actool --version --output-format xml1

ExecuteExternalTool /Applications/Xcode.app/Contents/Developer/Toolchains/XcodeDefault.xctoolchain/usr/bin/clang -v -E -dM -arch arm64 -isysroot /Applications/Xcode.app/Contents/Developer/Platforms/iPhoneSimulator.platform/Developer/SDKs/iPhoneSimulator26.2.sdk -x c -c /dev/null

ExecuteExternalTool /Applications/Xcode.app/Contents/Developer/Toolchains/XcodeDefault.xctoolchain/usr/bin/ld -version_details

ExecuteExternalTool /Applications/Xcode.app/Contents/Developer/Toolchains/XcodeDefault.xctoolchain/usr/bin/clang -v -E -dM -arch arm64 -isysroot /Applications/Xcode.app/Contents/Developer/Platforms/iPhoneSimulator.platform/Developer/SDKs/iPhoneSimulator26.2.sdk -x c++ -c /dev/null

Build description signature: 05a9c37f2527c13a6265fb0bdb218bfc
Build description path: /Users/maksimkosharny/Library/Developer/Xcode/DerivedData/FootGameScore-flklpgugjzuqjnhfjujkheubgzdj/Build/Intermediates.noindex/XCBuildData/05a9c37f2527c13a6265fb0bdb218bfc.xcbuilddata
ClangStatCache /Applications/Xcode.app/Contents/Developer/Toolchains/XcodeDefault.xctoolchain/usr/bin/clang-stat-cache /Applications/Xcode.app/Contents/Developer/Platforms/iPhoneSimulator.platform/Developer/SDKs/iPhoneSimulator26.2.sdk /Users/maksimkosharny/Library/Developer/Xcode/DerivedData/SDKStatCaches.noindex/iphonesimulator26.2-23C53-7d00a8b37fbd7999ea79df8ebc024bf0.sdkstatcache
    cd /Users/maksimkosharny/Desktop/Developer/FootGameScore/FootGameScore.xcodeproj
    /Applications/Xcode.app/Contents/Developer/Toolchains/XcodeDefault.xctoolchain/usr/bin/clang-stat-cache /Applications/Xcode.app/Contents/Developer/Platforms/iPhoneSimulator.platform/Developer/SDKs/iPhoneSimulator26.2.sdk -o /Users/maksimkosharny/Library/Developer/Xcode/DerivedData/SDKStatCaches.noindex/iphonesimulator26.2-23C53-7d00a8b37fbd7999ea79df8ebc024bf0.sdkstatcache

ProcessInfoPlistFile /Users/maksimkosharny/Library/Developer/Xcode/DerivedData/FootGameScore-flklpgugjzuqjnhfjujkheubgzdj/Build/Products/Debug-iphonesimulator/Firebase_FirebaseCore.bundle/Info.plist /Users/maksimkosharny/Library/Developer/Xcode/DerivedData/FootGameScore-flklpgugjzuqjnhfjujkheubgzdj/Build/Intermediates.noindex/Firebase.build/Debug-iphonesimulator/Firebase_FirebaseCore.build/empty-Firebase_FirebaseCore.plist (in target 'Firebase_FirebaseCore' from project 'Firebase')
    cd /Users/maksimkosharny/Library/Developer/Xcode/DerivedData/FootGameScore-flklpgugjzuqjnhfjujkheubgzdj/SourcePackages/checkouts/firebase-ios-sdk
    builtin-infoPlistUtility /Users/maksimkosharny/Library/Developer/Xcode/DerivedData/FootGameScore-flklpgugjzuqjnhfjujkheubgzdj/Build/Intermediates.noindex/Firebase.build/Debug-iphonesimulator/Firebase_FirebaseCore.build/empty-Firebase_FirebaseCore.plist -producttype com.apple.product-type.bundle -expandbuildsettings -format binary -platform iphonesimulator -o /Users/maksimkosharny/Library/Developer/Xcode/DerivedData/FootGameScore-flklpgugjzuqjnhfjujkheubgzdj/Build/Products/Debug-iphonesimulator/Firebase_FirebaseCore.bundle/Info.plist

Ld /Users/maksimkosharny/Library/Developer/Xcode/DerivedData/FootGameScore-flklpgugjzuqjnhfjujkheubgzdj/Build/Products/Debug-iphonesimulator/Firebase.o normal (in target 'Firebase' from project 'Firebase')
    cd /Users/maksimkosharny/Library/Developer/Xcode/DerivedData/FootGameScore-flklpgugjzuqjnhfjujkheubgzdj/SourcePackages/checkouts/firebase-ios-sdk
    /Applications/Xcode.app/Contents/Developer/Toolchains/XcodeDefault.xctoolchain/usr/bin/clang -Xlinker -reproducible -target arm64-apple-ios15.0-simulator -r -isysroot /Applications/Xcode.app/Contents/Developer/Platforms/iPhoneSimulator.platform/Developer/SDKs/iPhoneSimulator26.2.sdk -O0 -w -L/Users/maksimkosharny/Library/Developer/Xcode/DerivedData/FootGameScore-flklpgugjzuqjnhfjujkheubgzdj/Build/Intermediates.noindex/EagerLinkingTBDs/Debug-iphonesimulator -L/Users/maksimkosharny/Library/Developer/Xcode/DerivedData/FootGameScore-flklpgugjzuqjnhfjujkheubgzdj/Build/Products/Debug-iphonesimulator -L/Applications/Xcode.app/Contents/Developer/Platforms/iPhoneSimulator.platform/Developer/usr/lib -F/Users/maksimkosharny/Library/Developer/Xcode/DerivedData/FootGameScore-flklpgugjzuqjnhfjujkheubgzdj/Build/Intermediates.noindex/EagerLinkingTBDs/Debug-iphonesimulator -F/Users/maksimkosharny/Library/Developer/Xcode/DerivedData/FootGameScore-flklpgugjzuqjnhfjujkheubgzdj/Build/Products/Debug-iphonesimulator -iframework /Applications/Xcode.app/Contents/Developer/Platforms/iPhoneSimulator.platform/Developer/Library/Frameworks -iframework /Applications/Xcode.app/Contents/Developer/Platforms/iPhoneSimulator.platform/Developer/SDKs/iPhoneSimulator26.2.sdk/Developer/Library/Frameworks -filelist /Users/maksimkosharny/Library/Developer/Xcode/DerivedData/FootGameScore-flklpgugjzuqjnhfjujkheubgzdj/Build/Intermediates.noindex/Firebase.build/Debug-iphonesimulator/Firebase.build/Objects-normal/arm64/Firebase.LinkFileList -nostdlib -Xlinker -object_path_lto -Xlinker /Users/maksimkosharny/Library/Developer/Xcode/DerivedData/FootGameScore-flklpgugjzuqjnhfjujkheubgzdj/Build/Intermediates.noindex/Firebase.build/Debug-iphonesimulator/Firebase.build/Objects-normal/arm64/Firebase_lto.o -rdynamic -Xlinker -no_deduplicate -Xlinker -objc_abi_version -Xlinker 2 -Xlinker -dependency_info -Xlinker /Users/maksimkosharny/Library/Developer/Xcode/DerivedData/FootGameScore-flklpgugjzuqjnhfjujkheubgzdj/Build/Intermediates.noindex/Firebase.build/Debug-iphonesimulator/Firebase.build/Objects-normal/arm64/Firebase_dependency_info.dat -fobjc-arc -fobjc-link-runtime -o /Users/maksimkosharny/Library/Developer/Xcode/DerivedData/FootGameScore-flklpgugjzuqjnhfjujkheubgzdj/Build/Products/Debug-iphonesimulator/Firebase.o

RegisterExecutionPolicyException /Users/maksimkosharny/Library/Developer/Xcode/DerivedData/FootGameScore-flklpgugjzuqjnhfjujkheubgzdj/Build/Products/Debug-iphonesimulator/Firebase.o (in target 'Firebase' from project 'Firebase')
    cd /Users/maksimkosharny/Library/Developer/Xcode/DerivedData/FootGameScore-flklpgugjzuqjnhfjujkheubgzdj/SourcePackages/checkouts/firebase-ios-sdk
    builtin-RegisterExecutionPolicyException /Users/maksimkosharny/Library/Developer/Xcode/DerivedData/FootGameScore-flklpgugjzuqjnhfjujkheubgzdj/Build/Products/Debug-iphonesimulator/Firebase.o

ProcessInfoPlistFile /Users/maksimkosharny/Library/Developer/Xcode/DerivedData/FootGameScore-flklpgugjzuqjnhfjujkheubgzdj/Build/Products/Debug-iphonesimulator/Firebase_FirebaseCoreInternal.bundle/Info.plist /Users/maksimkosharny/Library/Developer/Xcode/DerivedData/FootGameScore-flklpgugjzuqjnhfjujkheubgzdj/Build/Intermediates.noindex/Firebase.build/Debug-iphonesimulator/Firebase_FirebaseCoreInternal.build/empty-Firebase_FirebaseCoreInternal.plist (in target 'Firebase_FirebaseCoreInternal' from project 'Firebase')
    cd /Users/maksimkosharny/Library/Developer/Xcode/DerivedData/FootGameScore-flklpgugjzuqjnhfjujkheubgzdj/SourcePackages/checkouts/firebase-ios-sdk
    builtin-infoPlistUtility /Users/maksimkosharny/Library/Developer/Xcode/DerivedData/FootGameScore-flklpgugjzuqjnhfjujkheubgzdj/Build/Intermediates.noindex/Firebase.build/Debug-iphonesimulator/Firebase_FirebaseCoreInternal.build/empty-Firebase_FirebaseCoreInternal.plist -producttype com.apple.product-type.bundle -expandbuildsettings -format binary -platform iphonesimulator -o /Users/maksimkosharny/Library/Developer/Xcode/DerivedData/FootGameScore-flklpgugjzuqjnhfjujkheubgzdj/Build/Products/Debug-iphonesimulator/Firebase_FirebaseCoreInternal.bundle/Info.plist

ProcessInfoPlistFile /Users/maksimkosharny/Library/Developer/Xcode/DerivedData/FootGameScore-flklpgugjzuqjnhfjujkheubgzdj/Build/Products/Debug-iphonesimulator/GoogleUtilities_GoogleUtilities-NSData.bundle/Info.plist /Users/maksimkosharny/Library/Developer/Xcode/DerivedData/FootGameScore-flklpgugjzuqjnhfjujkheubgzdj/Build/Intermediates.noindex/GoogleUtilities.build/Debug-iphonesimulator/GoogleUtilities_GoogleUtilities-NSData.build/empty-GoogleUtilities_GoogleUtilities-NSData.plist (in target 'GoogleUtilities_GoogleUtilities-NSData' from project 'GoogleUtilities')
    cd /Users/maksimkosharny/Library/Developer/Xcode/DerivedData/FootGameScore-flklpgugjzuqjnhfjujkheubgzdj/SourcePackages/checkouts/GoogleUtilities
    builtin-infoPlistUtility /Users/maksimkosharny/Library/Developer/Xcode/DerivedData/FootGameScore-flklpgugjzuqjnhfjujkheubgzdj/Build/Intermediates.noindex/GoogleUtilities.build/Debug-iphonesimulator/GoogleUtilities_GoogleUtilities-NSData.build/empty-GoogleUtilities_GoogleUtilities-NSData.plist -producttype com.apple.product-type.bundle -expandbuildsettings -format binary -platform iphonesimulator -o /Users/maksimkosharny/Library/Developer/Xcode/DerivedData/FootGameScore-flklpgugjzuqjnhfjujkheubgzdj/Build/Products/Debug-iphonesimulator/GoogleUtilities_GoogleUtilities-NSData.bundle/Info.plist

Ld /Users/maksimkosharny/Library/Developer/Xcode/DerivedData/FootGameScore-flklpgugjzuqjnhfjujkheubgzdj/Build/Products/Debug-iphonesimulator/GoogleUtilities-NSData.o normal (in target 'GoogleUtilities-NSData' from project 'GoogleUtilities')
    cd /Users/maksimkosharny/Library/Developer/Xcode/DerivedData/FootGameScore-flklpgugjzuqjnhfjujkheubgzdj/SourcePackages/checkouts/GoogleUtilities
    /Applications/Xcode.app/Contents/Developer/Toolchains/XcodeDefault.xctoolchain/usr/bin/clang -Xlinker -reproducible -target arm64-apple-ios12.0-simulator -r -isysroot /Applications/Xcode.app/Contents/Developer/Platforms/iPhoneSimulator.platform/Developer/SDKs/iPhoneSimulator26.2.sdk -O0 -w -L/Users/maksimkosharny/Library/Developer/Xcode/DerivedData/FootGameScore-flklpgugjzuqjnhfjujkheubgzdj/Build/Intermediates.noindex/EagerLinkingTBDs/Debug-iphonesimulator -L/Users/maksimkosharny/Library/Developer/Xcode/DerivedData/FootGameScore-flklpgugjzuqjnhfjujkheubgzdj/Build/Products/Debug-iphonesimulator -L/Applications/Xcode.app/Contents/Developer/Platforms/iPhoneSimulator.platform/Developer/usr/lib -F/Users/maksimkosharny/Library/Developer/Xcode/DerivedData/FootGameScore-flklpgugjzuqjnhfjujkheubgzdj/Build/Intermediates.noindex/EagerLinkingTBDs/Debug-iphonesimulator -F/Users/maksimkosharny/Library/Developer/Xcode/DerivedData/FootGameScore-flklpgugjzuqjnhfjujkheubgzdj/Build/Products/Debug-iphonesimulator -iframework /Applications/Xcode.app/Contents/Developer/Platforms/iPhoneSimulator.platform/Developer/Library/Frameworks -iframework /Applications/Xcode.app/Contents/Developer/Platforms/iPhoneSimulator.platform/Developer/SDKs/iPhoneSimulator26.2.sdk/Developer/Library/Frameworks -filelist /Users/maksimkosharny/Library/Developer/Xcode/DerivedData/FootGameScore-flklpgugjzuqjnhfjujkheubgzdj/Build/Intermediates.noindex/GoogleUtilities.build/Debug-iphonesimulator/GoogleUtilities-NSData.build/Objects-normal/arm64/GoogleUtilities-NSData.LinkFileList -nostdlib -Xlinker -object_path_lto -Xlinker /Users/maksimkosharny/Library/Developer/Xcode/DerivedData/FootGameScore-flklpgugjzuqjnhfjujkheubgzdj/Build/Intermediates.noindex/GoogleUtilities.build/Debug-iphonesimulator/GoogleUtilities-NSData.build/Objects-normal/arm64/GoogleUtilities-NSData_lto.o -rdynamic -Xlinker -no_deduplicate -Xlinker -objc_abi_version -Xlinker 2 -Xlinker -dependency_info -Xlinker /Users/maksimkosharny/Library/Developer/Xcode/DerivedData/FootGameScore-flklpgugjzuqjnhfjujkheubgzdj/Build/Intermediates.noindex/GoogleUtilities.build/Debug-iphonesimulator/GoogleUtilities-NSData.build/Objects-normal/arm64/GoogleUtilities-NSData_dependency_info.dat -fobjc-arc -fobjc-link-runtime -o /Users/maksimkosharny/Library/Developer/Xcode/DerivedData/FootGameScore-flklpgugjzuqjnhfjujkheubgzdj/Build/Products/Debug-iphonesimulator/GoogleUtilities-NSData.o

RegisterExecutionPolicyException /Users/maksimkosharny/Library/Developer/Xcode/DerivedData/FootGameScore-flklpgugjzuqjnhfjujkheubgzdj/Build/Products/Debug-iphonesimulator/GoogleUtilities-NSData.o (in target 'GoogleUtilities-NSData' from project 'GoogleUtilities')
    cd /Users/maksimkosharny/Library/Developer/Xcode/DerivedData/FootGameScore-flklpgugjzuqjnhfjujkheubgzdj/SourcePackages/checkouts/GoogleUtilities
    builtin-RegisterExecutionPolicyException /Users/maksimkosharny/Library/Developer/Xcode/DerivedData/FootGameScore-flklpgugjzuqjnhfjujkheubgzdj/Build/Products/Debug-iphonesimulator/GoogleUtilities-NSData.o

Ld /Users/maksimkosharny/Library/Developer/Xcode/DerivedData/FootGameScore-flklpgugjzuqjnhfjujkheubgzdj/Build/Products/Debug-iphonesimulator/FirebaseCoreInternal.o normal (in target 'FirebaseCoreInternal' from project 'Firebase')
    cd /Users/maksimkosharny/Library/Developer/Xcode/DerivedData/FootGameScore-flklpgugjzuqjnhfjujkheubgzdj/SourcePackages/checkouts/firebase-ios-sdk
    /Applications/Xcode.app/Contents/Developer/Toolchains/XcodeDefault.xctoolchain/usr/bin/clang -Xlinker -reproducible -target arm64-apple-ios15.0-simulator -r -isysroot /Applications/Xcode.app/Contents/Developer/Platforms/iPhoneSimulator.platform/Developer/SDKs/iPhoneSimulator26.2.sdk -O0 -w -L/Users/maksimkosharny/Library/Developer/Xcode/DerivedData/FootGameScore-flklpgugjzuqjnhfjujkheubgzdj/Build/Intermediates.noindex/EagerLinkingTBDs/Debug-iphonesimulator -L/Users/maksimkosharny/Library/Developer/Xcode/DerivedData/FootGameScore-flklpgugjzuqjnhfjujkheubgzdj/Build/Products/Debug-iphonesimulator -L/Applications/Xcode.app/Contents/Developer/Platforms/iPhoneSimulator.platform/Developer/usr/lib -F/Users/maksimkosharny/Library/Developer/Xcode/DerivedData/FootGameScore-flklpgugjzuqjnhfjujkheubgzdj/Build/Intermediates.noindex/EagerLinkingTBDs/Debug-iphonesimulator -F/Users/maksimkosharny/Library/Developer/Xcode/DerivedData/FootGameScore-flklpgugjzuqjnhfjujkheubgzdj/Build/Products/Debug-iphonesimulator/PackageFrameworks -F/Users/maksimkosharny/Library/Developer/Xcode/DerivedData/FootGameScore-flklpgugjzuqjnhfjujkheubgzdj/Build/Products/Debug-iphonesimulator -iframework /Applications/Xcode.app/Contents/Developer/Platforms/iPhoneSimulator.platform/Developer/Library/Frameworks -iframework /Applications/Xcode.app/Contents/Developer/Platforms/iPhoneSimulator.platform/Developer/SDKs/iPhoneSimulator26.2.sdk/Developer/Library/Frameworks -filelist /Users/maksimkosharny/Library/Developer/Xcode/DerivedData/FootGameScore-flklpgugjzuqjnhfjujkheubgzdj/Build/Intermediates.noindex/Firebase.build/Debug-iphonesimulator/FirebaseCoreInternal.build/Objects-normal/arm64/FirebaseCoreInternal.LinkFileList -nostdlib -Xlinker -object_path_lto -Xlinker /Users/maksimkosharny/Library/Developer/Xcode/DerivedData/FootGameScore-flklpgugjzuqjnhfjujkheubgzdj/Build/Intermediates.noindex/Firebase.build/Debug-iphonesimulator/FirebaseCoreInternal.build/Objects-normal/arm64/FirebaseCoreInternal_lto.o -rdynamic -Xlinker -no_deduplicate -Xlinker -objc_abi_version -Xlinker 2 -Xlinker -dependency_info -Xlinker /Users/maksimkosharny/Library/Developer/Xcode/DerivedData/FootGameScore-flklpgugjzuqjnhfjujkheubgzdj/Build/Intermediates.noindex/Firebase.build/Debug-iphonesimulator/FirebaseCoreInternal.build/Objects-normal/arm64/FirebaseCoreInternal_dependency_info.dat -fobjc-link-runtime -L/Applications/Xcode.app/Contents/Developer/Toolchains/XcodeDefault.xctoolchain/usr/lib/swift/iphonesimulator -L/usr/lib/swift -Xlinker -add_ast_path -Xlinker /Users/maksimkosharny/Library/Developer/Xcode/DerivedData/FootGameScore-flklpgugjzuqjnhfjujkheubgzdj/Build/Intermediates.noindex/Firebase.build/Debug-iphonesimulator/FirebaseCoreInternal.build/Objects-normal/arm64/FirebaseCoreInternal.swiftmodule @/Users/maksimkosharny/Library/Developer/Xcode/DerivedData/FootGameScore-flklpgugjzuqjnhfjujkheubgzdj/Build/Intermediates.noindex/Firebase.build/Debug-iphonesimulator/FirebaseCoreInternal.build/Objects-normal/arm64/FirebaseCoreInternal-linker-args.resp -o /Users/maksimkosharny/Library/Developer/Xcode/DerivedData/FootGameScore-flklpgugjzuqjnhfjujkheubgzdj/Build/Products/Debug-iphonesimulator/FirebaseCoreInternal.o

ExtractAppIntentsMetadata (in target 'FirebaseCoreInternal' from project 'Firebase')
    cd /Users/maksimkosharny/Library/Developer/Xcode/DerivedData/FootGameScore-flklpgugjzuqjnhfjujkheubgzdj/SourcePackages/checkouts/firebase-ios-sdk
    /Applications/Xcode.app/Contents/Developer/Toolchains/XcodeDefault.xctoolchain/usr/bin/appintentsmetadataprocessor --toolchain-dir /Applications/Xcode.app/Contents/Developer/Toolchains/XcodeDefault.xctoolchain --module-name FirebaseCoreInternal --sdk-root /Applications/Xcode.app/Contents/Developer/Platforms/iPhoneSimulator.platform/Developer/SDKs/iPhoneSimulator26.2.sdk --xcode-version 17C52 --platform-family iOS --deployment-target 15.0 --bundle-identifier firebase-ios-sdk.FirebaseCoreInternal --output /Users/maksimkosharny/Library/Developer/Xcode/DerivedData/FootGameScore-flklpgugjzuqjnhfjujkheubgzdj/Build/Products/Debug-iphonesimulator/FirebaseCoreInternal.appintents --target-triple arm64-apple-ios15.0-simulator --binary-file /Users/maksimkosharny/Library/Developer/Xcode/DerivedData/FootGameScore-flklpgugjzuqjnhfjujkheubgzdj/Build/Products/Debug-iphonesimulator/FirebaseCoreInternal.o --dependency-file /Users/maksimkosharny/Library/Developer/Xcode/DerivedData/FootGameScore-flklpgugjzuqjnhfjujkheubgzdj/Build/Intermediates.noindex/Firebase.build/Debug-iphonesimulator/FirebaseCoreInternal.build/Objects-normal/arm64/FirebaseCoreInternal_dependency_info.dat --stringsdata-file /Users/maksimkosharny/Library/Developer/Xcode/DerivedData/FootGameScore-flklpgugjzuqjnhfjujkheubgzdj/Build/Intermediates.noindex/Firebase.build/Debug-iphonesimulator/FirebaseCoreInternal.build/Objects-normal/arm64/ExtractedAppShortcutsMetadata.stringsdata --source-file-list /Users/maksimkosharny/Library/Developer/Xcode/DerivedData/FootGameScore-flklpgugjzuqjnhfjujkheubgzdj/Build/Intermediates.noindex/Firebase.build/Debug-iphonesimulator/FirebaseCoreInternal.build/Objects-normal/arm64/FirebaseCoreInternal.SwiftFileList --metadata-file-list /Users/maksimkosharny/Library/Developer/Xcode/DerivedData/FootGameScore-flklpgugjzuqjnhfjujkheubgzdj/Build/Intermediates.noindex/Firebase.build/Debug-iphonesimulator/FirebaseCoreInternal.build/FirebaseCoreInternal.DependencyMetadataFileList --static-metadata-file-list /Users/maksimkosharny/Library/Developer/Xcode/DerivedData/FootGameScore-flklpgugjzuqjnhfjujkheubgzdj/Build/Intermediates.noindex/Firebase.build/Debug-iphonesimulator/FirebaseCoreInternal.build/FirebaseCoreInternal.DependencyStaticMetadataFileList --swift-const-vals-list /Users/maksimkosharny/Library/Developer/Xcode/DerivedData/FootGameScore-flklpgugjzuqjnhfjujkheubgzdj/Build/Intermediates.noindex/Firebase.build/Debug-iphonesimulator/FirebaseCoreInternal.build/Objects-normal/arm64/FirebaseCoreInternal.SwiftConstValuesFileList --force --compile-time-extraction --deployment-aware-processing --validate-assistant-intents --no-app-shortcuts-localization
2026-02-11 17:12:31.072 appintentsmetadataprocessor[79914:3884432] Starting appintentsmetadataprocessor export
2026-02-11 17:12:31.235 appintentsmetadataprocessor[79914:3884432] Extracted no relevant App Intents symbols, skipping writing output

RegisterExecutionPolicyException /Users/maksimkosharny/Library/Developer/Xcode/DerivedData/FootGameScore-flklpgugjzuqjnhfjujkheubgzdj/Build/Products/Debug-iphonesimulator/FirebaseCoreInternal.o (in target 'FirebaseCoreInternal' from project 'Firebase')
    cd /Users/maksimkosharny/Library/Developer/Xcode/DerivedData/FootGameScore-flklpgugjzuqjnhfjujkheubgzdj/SourcePackages/checkouts/firebase-ios-sdk
    builtin-RegisterExecutionPolicyException /Users/maksimkosharny/Library/Developer/Xcode/DerivedData/FootGameScore-flklpgugjzuqjnhfjujkheubgzdj/Build/Products/Debug-iphonesimulator/FirebaseCoreInternal.o

ProcessInfoPlistFile /Users/maksimkosharny/Library/Developer/Xcode/DerivedData/FootGameScore-flklpgugjzuqjnhfjujkheubgzdj/Build/Products/Debug-iphonesimulator/GoogleUtilities_GoogleUtilities-Environment.bundle/Info.plist /Users/maksimkosharny/Library/Developer/Xcode/DerivedData/FootGameScore-flklpgugjzuqjnhfjujkheubgzdj/Build/Intermediates.noindex/GoogleUtilities.build/Debug-iphonesimulator/GoogleUtilities_GoogleUtilities-Environment.build/empty-GoogleUtilities_GoogleUtilities-Environment.plist (in target 'GoogleUtilities_GoogleUtilities-Environment' from project 'GoogleUtilities')
    cd /Users/maksimkosharny/Library/Developer/Xcode/DerivedData/FootGameScore-flklpgugjzuqjnhfjujkheubgzdj/SourcePackages/checkouts/GoogleUtilities
    builtin-infoPlistUtility /Users/maksimkosharny/Library/Developer/Xcode/DerivedData/FootGameScore-flklpgugjzuqjnhfjujkheubgzdj/Build/Intermediates.noindex/GoogleUtilities.build/Debug-iphonesimulator/GoogleUtilities_GoogleUtilities-Environment.build/empty-GoogleUtilities_GoogleUtilities-Environment.plist -producttype com.apple.product-type.bundle -expandbuildsettings -format binary -platform iphonesimulator -o /Users/maksimkosharny/Library/Developer/Xcode/DerivedData/FootGameScore-flklpgugjzuqjnhfjujkheubgzdj/Build/Products/Debug-iphonesimulator/GoogleUtilities_GoogleUtilities-Environment.bundle/Info.plist

Ld /Users/maksimkosharny/Library/Developer/Xcode/DerivedData/FootGameScore-flklpgugjzuqjnhfjujkheubgzdj/Build/Products/Debug-iphonesimulator/third-party-IsAppEncrypted.o normal (in target 'third-party-IsAppEncrypted' from project 'GoogleUtilities')
    cd /Users/maksimkosharny/Library/Developer/Xcode/DerivedData/FootGameScore-flklpgugjzuqjnhfjujkheubgzdj/SourcePackages/checkouts/GoogleUtilities
    /Applications/Xcode.app/Contents/Developer/Toolchains/XcodeDefault.xctoolchain/usr/bin/clang -Xlinker -reproducible -target arm64-apple-ios12.0-simulator -r -isysroot /Applications/Xcode.app/Contents/Developer/Platforms/iPhoneSimulator.platform/Developer/SDKs/iPhoneSimulator26.2.sdk -O0 -w -L/Users/maksimkosharny/Library/Developer/Xcode/DerivedData/FootGameScore-flklpgugjzuqjnhfjujkheubgzdj/Build/Intermediates.noindex/EagerLinkingTBDs/Debug-iphonesimulator -L/Users/maksimkosharny/Library/Developer/Xcode/DerivedData/FootGameScore-flklpgugjzuqjnhfjujkheubgzdj/Build/Products/Debug-iphonesimulator -L/Applications/Xcode.app/Contents/Developer/Platforms/iPhoneSimulator.platform/Developer/usr/lib -F/Users/maksimkosharny/Library/Developer/Xcode/DerivedData/FootGameScore-flklpgugjzuqjnhfjujkheubgzdj/Build/Intermediates.noindex/EagerLinkingTBDs/Debug-iphonesimulator -F/Users/maksimkosharny/Library/Developer/Xcode/DerivedData/FootGameScore-flklpgugjzuqjnhfjujkheubgzdj/Build/Products/Debug-iphonesimulator -iframework /Applications/Xcode.app/Contents/Developer/Platforms/iPhoneSimulator.platform/Developer/Library/Frameworks -iframework /Applications/Xcode.app/Contents/Developer/Platforms/iPhoneSimulator.platform/Developer/SDKs/iPhoneSimulator26.2.sdk/Developer/Library/Frameworks -filelist /Users/maksimkosharny/Library/Developer/Xcode/DerivedData/FootGameScore-flklpgugjzuqjnhfjujkheubgzdj/Build/Intermediates.noindex/GoogleUtilities.build/Debug-iphonesimulator/third-party-IsAppEncrypted.build/Objects-normal/arm64/third-party-IsAppEncrypted.LinkFileList -nostdlib -Xlinker -object_path_lto -Xlinker /Users/maksimkosharny/Library/Developer/Xcode/DerivedData/FootGameScore-flklpgugjzuqjnhfjujkheubgzdj/Build/Intermediates.noindex/GoogleUtilities.build/Debug-iphonesimulator/third-party-IsAppEncrypted.build/Objects-normal/arm64/third-party-IsAppEncrypted_lto.o -rdynamic -Xlinker -no_deduplicate -Xlinker -objc_abi_version -Xlinker 2 -Xlinker -dependency_info -Xlinker /Users/maksimkosharny/Library/Developer/Xcode/DerivedData/FootGameScore-flklpgugjzuqjnhfjujkheubgzdj/Build/Intermediates.noindex/GoogleUtilities.build/Debug-iphonesimulator/third-party-IsAppEncrypted.build/Objects-normal/arm64/third-party-IsAppEncrypted_dependency_info.dat -fobjc-arc -fobjc-link-runtime -o /Users/maksimkosharny/Library/Developer/Xcode/DerivedData/FootGameScore-flklpgugjzuqjnhfjujkheubgzdj/Build/Products/Debug-iphonesimulator/third-party-IsAppEncrypted.o

RegisterExecutionPolicyException /Users/maksimkosharny/Library/Developer/Xcode/DerivedData/FootGameScore-flklpgugjzuqjnhfjujkheubgzdj/Build/Products/Debug-iphonesimulator/third-party-IsAppEncrypted.o (in target 'third-party-IsAppEncrypted' from project 'GoogleUtilities')
    cd /Users/maksimkosharny/Library/Developer/Xcode/DerivedData/FootGameScore-flklpgugjzuqjnhfjujkheubgzdj/SourcePackages/checkouts/GoogleUtilities
    builtin-RegisterExecutionPolicyException /Users/maksimkosharny/Library/Developer/Xcode/DerivedData/FootGameScore-flklpgugjzuqjnhfjujkheubgzdj/Build/Products/Debug-iphonesimulator/third-party-IsAppEncrypted.o

Ld /Users/maksimkosharny/Library/Developer/Xcode/DerivedData/FootGameScore-flklpgugjzuqjnhfjujkheubgzdj/Build/Products/Debug-iphonesimulator/GoogleUtilities-Environment.o normal (in target 'GoogleUtilities-Environment' from project 'GoogleUtilities')
    cd /Users/maksimkosharny/Library/Developer/Xcode/DerivedData/FootGameScore-flklpgugjzuqjnhfjujkheubgzdj/SourcePackages/checkouts/GoogleUtilities
    /Applications/Xcode.app/Contents/Developer/Toolchains/XcodeDefault.xctoolchain/usr/bin/clang -Xlinker -reproducible -target arm64-apple-ios12.0-simulator -r -isysroot /Applications/Xcode.app/Contents/Developer/Platforms/iPhoneSimulator.platform/Developer/SDKs/iPhoneSimulator26.2.sdk -O0 -w -L/Users/maksimkosharny/Library/Developer/Xcode/DerivedData/FootGameScore-flklpgugjzuqjnhfjujkheubgzdj/Build/Intermediates.noindex/EagerLinkingTBDs/Debug-iphonesimulator -L/Users/maksimkosharny/Library/Developer/Xcode/DerivedData/FootGameScore-flklpgugjzuqjnhfjujkheubgzdj/Build/Products/Debug-iphonesimulator -L/Applications/Xcode.app/Contents/Developer/Platforms/iPhoneSimulator.platform/Developer/usr/lib -F/Users/maksimkosharny/Library/Developer/Xcode/DerivedData/FootGameScore-flklpgugjzuqjnhfjujkheubgzdj/Build/Intermediates.noindex/EagerLinkingTBDs/Debug-iphonesimulator -F/Users/maksimkosharny/Library/Developer/Xcode/DerivedData/FootGameScore-flklpgugjzuqjnhfjujkheubgzdj/Build/Products/Debug-iphonesimulator/PackageFrameworks -F/Users/maksimkosharny/Library/Developer/Xcode/DerivedData/FootGameScore-flklpgugjzuqjnhfjujkheubgzdj/Build/Products/Debug-iphonesimulator -iframework /Applications/Xcode.app/Contents/Developer/Platforms/iPhoneSimulator.platform/Developer/Library/Frameworks -iframework /Applications/Xcode.app/Contents/Developer/Platforms/iPhoneSimulator.platform/Developer/SDKs/iPhoneSimulator26.2.sdk/Developer/Library/Frameworks -filelist /Users/maksimkosharny/Library/Developer/Xcode/DerivedData/FootGameScore-flklpgugjzuqjnhfjujkheubgzdj/Build/Intermediates.noindex/GoogleUtilities.build/Debug-iphonesimulator/GoogleUtilities-Environment.build/Objects-normal/arm64/GoogleUtilities-Environment.LinkFileList -nostdlib -Xlinker -object_path_lto -Xlinker /Users/maksimkosharny/Library/Developer/Xcode/DerivedData/FootGameScore-flklpgugjzuqjnhfjujkheubgzdj/Build/Intermediates.noindex/GoogleUtilities.build/Debug-iphonesimulator/GoogleUtilities-Environment.build/Objects-normal/arm64/GoogleUtilities-Environment_lto.o -rdynamic -Xlinker -no_deduplicate -Xlinker -objc_abi_version -Xlinker 2 -Xlinker -dependency_info -Xlinker /Users/maksimkosharny/Library/Developer/Xcode/DerivedData/FootGameScore-flklpgugjzuqjnhfjujkheubgzdj/Build/Intermediates.noindex/GoogleUtilities.build/Debug-iphonesimulator/GoogleUtilities-Environment.build/Objects-normal/arm64/GoogleUtilities-Environment_dependency_info.dat -fobjc-arc -fobjc-link-runtime -o /Users/maksimkosharny/Library/Developer/Xcode/DerivedData/FootGameScore-flklpgugjzuqjnhfjujkheubgzdj/Build/Products/Debug-iphonesimulator/GoogleUtilities-Environment.o

RegisterExecutionPolicyException /Users/maksimkosharny/Library/Developer/Xcode/DerivedData/FootGameScore-flklpgugjzuqjnhfjujkheubgzdj/Build/Products/Debug-iphonesimulator/GoogleUtilities-Environment.o (in target 'GoogleUtilities-Environment' from project 'GoogleUtilities')
    cd /Users/maksimkosharny/Library/Developer/Xcode/DerivedData/FootGameScore-flklpgugjzuqjnhfjujkheubgzdj/SourcePackages/checkouts/GoogleUtilities
    builtin-RegisterExecutionPolicyException /Users/maksimkosharny/Library/Developer/Xcode/DerivedData/FootGameScore-flklpgugjzuqjnhfjujkheubgzdj/Build/Products/Debug-iphonesimulator/GoogleUtilities-Environment.o

ProcessInfoPlistFile /Users/maksimkosharny/Library/Developer/Xcode/DerivedData/FootGameScore-flklpgugjzuqjnhfjujkheubgzdj/Build/Products/Debug-iphonesimulator/GoogleUtilities_GoogleUtilities-Logger.bundle/Info.plist /Users/maksimkosharny/Library/Developer/Xcode/DerivedData/FootGameScore-flklpgugjzuqjnhfjujkheubgzdj/Build/Intermediates.noindex/GoogleUtilities.build/Debug-iphonesimulator/GoogleUtilities_GoogleUtilities-Logger.build/empty-GoogleUtilities_GoogleUtilities-Logger.plist (in target 'GoogleUtilities_GoogleUtilities-Logger' from project 'GoogleUtilities')
    cd /Users/maksimkosharny/Library/Developer/Xcode/DerivedData/FootGameScore-flklpgugjzuqjnhfjujkheubgzdj/SourcePackages/checkouts/GoogleUtilities
    builtin-infoPlistUtility /Users/maksimkosharny/Library/Developer/Xcode/DerivedData/FootGameScore-flklpgugjzuqjnhfjujkheubgzdj/Build/Intermediates.noindex/GoogleUtilities.build/Debug-iphonesimulator/GoogleUtilities_GoogleUtilities-Logger.build/empty-GoogleUtilities_GoogleUtilities-Logger.plist -producttype com.apple.product-type.bundle -expandbuildsettings -format binary -platform iphonesimulator -o /Users/maksimkosharny/Library/Developer/Xcode/DerivedData/FootGameScore-flklpgugjzuqjnhfjujkheubgzdj/Build/Products/Debug-iphonesimulator/GoogleUtilities_GoogleUtilities-Logger.bundle/Info.plist

Ld /Users/maksimkosharny/Library/Developer/Xcode/DerivedData/FootGameScore-flklpgugjzuqjnhfjujkheubgzdj/Build/Products/Debug-iphonesimulator/GoogleUtilities-Logger.o normal (in target 'GoogleUtilities-Logger' from project 'GoogleUtilities')
    cd /Users/maksimkosharny/Library/Developer/Xcode/DerivedData/FootGameScore-flklpgugjzuqjnhfjujkheubgzdj/SourcePackages/checkouts/GoogleUtilities
    /Applications/Xcode.app/Contents/Developer/Toolchains/XcodeDefault.xctoolchain/usr/bin/clang -Xlinker -reproducible -target arm64-apple-ios12.0-simulator -r -isysroot /Applications/Xcode.app/Contents/Developer/Platforms/iPhoneSimulator.platform/Developer/SDKs/iPhoneSimulator26.2.sdk -O0 -w -L/Users/maksimkosharny/Library/Developer/Xcode/DerivedData/FootGameScore-flklpgugjzuqjnhfjujkheubgzdj/Build/Intermediates.noindex/EagerLinkingTBDs/Debug-iphonesimulator -L/Users/maksimkosharny/Library/Developer/Xcode/DerivedData/FootGameScore-flklpgugjzuqjnhfjujkheubgzdj/Build/Products/Debug-iphonesimulator -L/Applications/Xcode.app/Contents/Developer/Platforms/iPhoneSimulator.platform/Developer/usr/lib -F/Users/maksimkosharny/Library/Developer/Xcode/DerivedData/FootGameScore-flklpgugjzuqjnhfjujkheubgzdj/Build/Intermediates.noindex/EagerLinkingTBDs/Debug-iphonesimulator -F/Users/maksimkosharny/Library/Developer/Xcode/DerivedData/FootGameScore-flklpgugjzuqjnhfjujkheubgzdj/Build/Products/Debug-iphonesimulator/PackageFrameworks -F/Users/maksimkosharny/Library/Developer/Xcode/DerivedData/FootGameScore-flklpgugjzuqjnhfjujkheubgzdj/Build/Products/Debug-iphonesimulator/PackageFrameworks -F/Users/maksimkosharny/Library/Developer/Xcode/DerivedData/FootGameScore-flklpgugjzuqjnhfjujkheubgzdj/Build/Products/Debug-iphonesimulator -iframework /Applications/Xcode.app/Contents/Developer/Platforms/iPhoneSimulator.platform/Developer/Library/Frameworks -iframework /Applications/Xcode.app/Contents/Developer/Platforms/iPhoneSimulator.platform/Developer/SDKs/iPhoneSimulator26.2.sdk/Developer/Library/Frameworks -filelist /Users/maksimkosharny/Library/Developer/Xcode/DerivedData/FootGameScore-flklpgugjzuqjnhfjujkheubgzdj/Build/Intermediates.noindex/GoogleUtilities.build/Debug-iphonesimulator/GoogleUtilities-Logger.build/Objects-normal/arm64/GoogleUtilities-Logger.LinkFileList -nostdlib -Xlinker -object_path_lto -Xlinker /Users/maksimkosharny/Library/Developer/Xcode/DerivedData/FootGameScore-flklpgugjzuqjnhfjujkheubgzdj/Build/Intermediates.noindex/GoogleUtilities.build/Debug-iphonesimulator/GoogleUtilities-Logger.build/Objects-normal/arm64/GoogleUtilities-Logger_lto.o -rdynamic -Xlinker -no_deduplicate -Xlinker -objc_abi_version -Xlinker 2 -Xlinker -dependency_info -Xlinker /Users/maksimkosharny/Library/Developer/Xcode/DerivedData/FootGameScore-flklpgugjzuqjnhfjujkheubgzdj/Build/Intermediates.noindex/GoogleUtilities.build/Debug-iphonesimulator/GoogleUtilities-Logger.build/Objects-normal/arm64/GoogleUtilities-Logger_dependency_info.dat -fobjc-arc -fobjc-link-runtime -o /Users/maksimkosharny/Library/Developer/Xcode/DerivedData/FootGameScore-flklpgugjzuqjnhfjujkheubgzdj/Build/Products/Debug-iphonesimulator/GoogleUtilities-Logger.o

RegisterExecutionPolicyException /Users/maksimkosharny/Library/Developer/Xcode/DerivedData/FootGameScore-flklpgugjzuqjnhfjujkheubgzdj/Build/Products/Debug-iphonesimulator/GoogleUtilities-Logger.o (in target 'GoogleUtilities-Logger' from project 'GoogleUtilities')
    cd /Users/maksimkosharny/Library/Developer/Xcode/DerivedData/FootGameScore-flklpgugjzuqjnhfjujkheubgzdj/SourcePackages/checkouts/GoogleUtilities
    builtin-RegisterExecutionPolicyException /Users/maksimkosharny/Library/Developer/Xcode/DerivedData/FootGameScore-flklpgugjzuqjnhfjujkheubgzdj/Build/Products/Debug-iphonesimulator/GoogleUtilities-Logger.o

Ld /Users/maksimkosharny/Library/Developer/Xcode/DerivedData/FootGameScore-flklpgugjzuqjnhfjujkheubgzdj/Build/Products/Debug-iphonesimulator/FirebaseCore.o normal (in target 'FirebaseCore' from project 'Firebase')
    cd /Users/maksimkosharny/Library/Developer/Xcode/DerivedData/FootGameScore-flklpgugjzuqjnhfjujkheubgzdj/SourcePackages/checkouts/firebase-ios-sdk
    /Applications/Xcode.app/Contents/Developer/Toolchains/XcodeDefault.xctoolchain/usr/bin/clang -Xlinker -reproducible -target arm64-apple-ios15.0-simulator -r -isysroot /Applications/Xcode.app/Contents/Developer/Platforms/iPhoneSimulator.platform/Developer/SDKs/iPhoneSimulator26.2.sdk -O0 -w -L/Users/maksimkosharny/Library/Developer/Xcode/DerivedData/FootGameScore-flklpgugjzuqjnhfjujkheubgzdj/Build/Intermediates.noindex/EagerLinkingTBDs/Debug-iphonesimulator -L/Users/maksimkosharny/Library/Developer/Xcode/DerivedData/FootGameScore-flklpgugjzuqjnhfjujkheubgzdj/Build/Products/Debug-iphonesimulator -L/Applications/Xcode.app/Contents/Developer/Platforms/iPhoneSimulator.platform/Developer/usr/lib -F/Users/maksimkosharny/Library/Developer/Xcode/DerivedData/FootGameScore-flklpgugjzuqjnhfjujkheubgzdj/Build/Intermediates.noindex/EagerLinkingTBDs/Debug-iphonesimulator -F/Users/maksimkosharny/Library/Developer/Xcode/DerivedData/FootGameScore-flklpgugjzuqjnhfjujkheubgzdj/Build/Products/Debug-iphonesimulator/PackageFrameworks -F/Users/maksimkosharny/Library/Developer/Xcode/DerivedData/FootGameScore-flklpgugjzuqjnhfjujkheubgzdj/Build/Products/Debug-iphonesimulator/PackageFrameworks -F/Users/maksimkosharny/Library/Developer/Xcode/DerivedData/FootGameScore-flklpgugjzuqjnhfjujkheubgzdj/Build/Products/Debug-iphonesimulator/PackageFrameworks -F/Users/maksimkosharny/Library/Developer/Xcode/DerivedData/FootGameScore-flklpgugjzuqjnhfjujkheubgzdj/Build/Products/Debug-iphonesimulator/PackageFrameworks -F/Users/maksimkosharny/Library/Developer/Xcode/DerivedData/FootGameScore-flklpgugjzuqjnhfjujkheubgzdj/Build/Products/Debug-iphonesimulator/PackageFrameworks -F/Users/maksimkosharny/Library/Developer/Xcode/DerivedData/FootGameScore-flklpgugjzuqjnhfjujkheubgzdj/Build/Products/Debug-iphonesimulator/PackageFrameworks -F/Users/maksimkosharny/Library/Developer/Xcode/DerivedData/FootGameScore-flklpgugjzuqjnhfjujkheubgzdj/Build/Products/Debug-iphonesimulator -iframework /Applications/Xcode.app/Contents/Developer/Platforms/iPhoneSimulator.platform/Developer/Library/Frameworks -iframework /Applications/Xcode.app/Contents/Developer/Platforms/iPhoneSimulator.platform/Developer/SDKs/iPhoneSimulator26.2.sdk/Developer/Library/Frameworks -filelist /Users/maksimkosharny/Library/Developer/Xcode/DerivedData/FootGameScore-flklpgugjzuqjnhfjujkheubgzdj/Build/Intermediates.noindex/Firebase.build/Debug-iphonesimulator/FirebaseCore.build/Objects-normal/arm64/FirebaseCore.LinkFileList -nostdlib -Xlinker -object_path_lto -Xlinker /Users/maksimkosharny/Library/Developer/Xcode/DerivedData/FootGameScore-flklpgugjzuqjnhfjujkheubgzdj/Build/Intermediates.noindex/Firebase.build/Debug-iphonesimulator/FirebaseCore.build/Objects-normal/arm64/FirebaseCore_lto.o -rdynamic -Xlinker -no_deduplicate -Xlinker -objc_abi_version -Xlinker 2 -Xlinker -dependency_info -Xlinker /Users/maksimkosharny/Library/Developer/Xcode/DerivedData/FootGameScore-flklpgugjzuqjnhfjujkheubgzdj/Build/Intermediates.noindex/Firebase.build/Debug-iphonesimulator/FirebaseCore.build/Objects-normal/arm64/FirebaseCore_dependency_info.dat -fobjc-arc -fobjc-link-runtime -o /Users/maksimkosharny/Library/Developer/Xcode/DerivedData/FootGameScore-flklpgugjzuqjnhfjujkheubgzdj/Build/Products/Debug-iphonesimulator/FirebaseCore.o

RegisterExecutionPolicyException /Users/maksimkosharny/Library/Developer/Xcode/DerivedData/FootGameScore-flklpgugjzuqjnhfjujkheubgzdj/Build/Products/Debug-iphonesimulator/FirebaseCore.o (in target 'FirebaseCore' from project 'Firebase')
    cd /Users/maksimkosharny/Library/Developer/Xcode/DerivedData/FootGameScore-flklpgugjzuqjnhfjujkheubgzdj/SourcePackages/checkouts/firebase-ios-sdk
    builtin-RegisterExecutionPolicyException /Users/maksimkosharny/Library/Developer/Xcode/DerivedData/FootGameScore-flklpgugjzuqjnhfjujkheubgzdj/Build/Products/Debug-iphonesimulator/FirebaseCore.o

Ld /Users/maksimkosharny/Library/Developer/Xcode/DerivedData/FootGameScore-flklpgugjzuqjnhfjujkheubgzdj/Build/Products/Debug-iphonesimulator/RecaptchaInterop.o normal (in target 'RecaptchaInterop' from project 'InteropForGoogle')
    cd /Users/maksimkosharny/Library/Developer/Xcode/DerivedData/FootGameScore-flklpgugjzuqjnhfjujkheubgzdj/SourcePackages/checkouts/interop-ios-for-google-sdks
    /Applications/Xcode.app/Contents/Developer/Toolchains/XcodeDefault.xctoolchain/usr/bin/clang -Xlinker -reproducible -target arm64-apple-ios12.0-simulator -r -isysroot /Applications/Xcode.app/Contents/Developer/Platforms/iPhoneSimulator.platform/Developer/SDKs/iPhoneSimulator26.2.sdk -O0 -w -L/Users/maksimkosharny/Library/Developer/Xcode/DerivedData/FootGameScore-flklpgugjzuqjnhfjujkheubgzdj/Build/Intermediates.noindex/EagerLinkingTBDs/Debug-iphonesimulator -L/Users/maksimkosharny/Library/Developer/Xcode/DerivedData/FootGameScore-flklpgugjzuqjnhfjujkheubgzdj/Build/Products/Debug-iphonesimulator -L/Applications/Xcode.app/Contents/Developer/Platforms/iPhoneSimulator.platform/Developer/usr/lib -F/Users/maksimkosharny/Library/Developer/Xcode/DerivedData/FootGameScore-flklpgugjzuqjnhfjujkheubgzdj/Build/Intermediates.noindex/EagerLinkingTBDs/Debug-iphonesimulator -F/Users/maksimkosharny/Library/Developer/Xcode/DerivedData/FootGameScore-flklpgugjzuqjnhfjujkheubgzdj/Build/Products/Debug-iphonesimulator -iframework /Applications/Xcode.app/Contents/Developer/Platforms/iPhoneSimulator.platform/Developer/Library/Frameworks -iframework /Applications/Xcode.app/Contents/Developer/Platforms/iPhoneSimulator.platform/Developer/SDKs/iPhoneSimulator26.2.sdk/Developer/Library/Frameworks -filelist /Users/maksimkosharny/Library/Developer/Xcode/DerivedData/FootGameScore-flklpgugjzuqjnhfjujkheubgzdj/Build/Intermediates.noindex/InteropForGoogle.build/Debug-iphonesimulator/RecaptchaInterop.build/Objects-normal/arm64/RecaptchaInterop.LinkFileList -nostdlib -Xlinker -object_path_lto -Xlinker /Users/maksimkosharny/Library/Developer/Xcode/DerivedData/FootGameScore-flklpgugjzuqjnhfjujkheubgzdj/Build/Intermediates.noindex/InteropForGoogle.build/Debug-iphonesimulator/RecaptchaInterop.build/Objects-normal/arm64/RecaptchaInterop_lto.o -rdynamic -Xlinker -no_deduplicate -Xlinker -objc_abi_version -Xlinker 2 -Xlinker -dependency_info -Xlinker /Users/maksimkosharny/Library/Developer/Xcode/DerivedData/FootGameScore-flklpgugjzuqjnhfjujkheubgzdj/Build/Intermediates.noindex/InteropForGoogle.build/Debug-iphonesimulator/RecaptchaInterop.build/Objects-normal/arm64/RecaptchaInterop_dependency_info.dat -fobjc-arc -fobjc-link-runtime -o /Users/maksimkosharny/Library/Developer/Xcode/DerivedData/FootGameScore-flklpgugjzuqjnhfjujkheubgzdj/Build/Products/Debug-iphonesimulator/RecaptchaInterop.o

RegisterExecutionPolicyException /Users/maksimkosharny/Library/Developer/Xcode/DerivedData/FootGameScore-flklpgugjzuqjnhfjujkheubgzdj/Build/Products/Debug-iphonesimulator/RecaptchaInterop.o (in target 'RecaptchaInterop' from project 'InteropForGoogle')
    cd /Users/maksimkosharny/Library/Developer/Xcode/DerivedData/FootGameScore-flklpgugjzuqjnhfjujkheubgzdj/SourcePackages/checkouts/interop-ios-for-google-sdks
    builtin-RegisterExecutionPolicyException /Users/maksimkosharny/Library/Developer/Xcode/DerivedData/FootGameScore-flklpgugjzuqjnhfjujkheubgzdj/Build/Products/Debug-iphonesimulator/RecaptchaInterop.o

Ld /Users/maksimkosharny/Library/Developer/Xcode/DerivedData/FootGameScore-flklpgugjzuqjnhfjujkheubgzdj/Build/Products/Debug-iphonesimulator/FirebaseAuthInterop.o normal (in target 'FirebaseAuthInterop' from project 'Firebase')
    cd /Users/maksimkosharny/Library/Developer/Xcode/DerivedData/FootGameScore-flklpgugjzuqjnhfjujkheubgzdj/SourcePackages/checkouts/firebase-ios-sdk
    /Applications/Xcode.app/Contents/Developer/Toolchains/XcodeDefault.xctoolchain/usr/bin/clang -Xlinker -reproducible -target arm64-apple-ios15.0-simulator -r -isysroot /Applications/Xcode.app/Contents/Developer/Platforms/iPhoneSimulator.platform/Developer/SDKs/iPhoneSimulator26.2.sdk -O0 -w -L/Users/maksimkosharny/Library/Developer/Xcode/DerivedData/FootGameScore-flklpgugjzuqjnhfjujkheubgzdj/Build/Intermediates.noindex/EagerLinkingTBDs/Debug-iphonesimulator -L/Users/maksimkosharny/Library/Developer/Xcode/DerivedData/FootGameScore-flklpgugjzuqjnhfjujkheubgzdj/Build/Products/Debug-iphonesimulator -L/Applications/Xcode.app/Contents/Developer/Platforms/iPhoneSimulator.platform/Developer/usr/lib -F/Users/maksimkosharny/Library/Developer/Xcode/DerivedData/FootGameScore-flklpgugjzuqjnhfjujkheubgzdj/Build/Intermediates.noindex/EagerLinkingTBDs/Debug-iphonesimulator -F/Users/maksimkosharny/Library/Developer/Xcode/DerivedData/FootGameScore-flklpgugjzuqjnhfjujkheubgzdj/Build/Products/Debug-iphonesimulator -iframework /Applications/Xcode.app/Contents/Developer/Platforms/iPhoneSimulator.platform/Developer/Library/Frameworks -iframework /Applications/Xcode.app/Contents/Developer/Platforms/iPhoneSimulator.platform/Developer/SDKs/iPhoneSimulator26.2.sdk/Developer/Library/Frameworks -filelist /Users/maksimkosharny/Library/Developer/Xcode/DerivedData/FootGameScore-flklpgugjzuqjnhfjujkheubgzdj/Build/Intermediates.noindex/Firebase.build/Debug-iphonesimulator/FirebaseAuthInterop.build/Objects-normal/arm64/FirebaseAuthInterop.LinkFileList -nostdlib -Xlinker -object_path_lto -Xlinker /Users/maksimkosharny/Library/Developer/Xcode/DerivedData/FootGameScore-flklpgugjzuqjnhfjujkheubgzdj/Build/Intermediates.noindex/Firebase.build/Debug-iphonesimulator/FirebaseAuthInterop.build/Objects-normal/arm64/FirebaseAuthInterop_lto.o -rdynamic -Xlinker -no_deduplicate -Xlinker -objc_abi_version -Xlinker 2 -Xlinker -dependency_info -Xlinker /Users/maksimkosharny/Library/Developer/Xcode/DerivedData/FootGameScore-flklpgugjzuqjnhfjujkheubgzdj/Build/Intermediates.noindex/Firebase.build/Debug-iphonesimulator/FirebaseAuthInterop.build/Objects-normal/arm64/FirebaseAuthInterop_dependency_info.dat -fobjc-arc -fobjc-link-runtime -o /Users/maksimkosharny/Library/Developer/Xcode/DerivedData/FootGameScore-flklpgugjzuqjnhfjujkheubgzdj/Build/Products/Debug-iphonesimulator/FirebaseAuthInterop.o

RegisterExecutionPolicyException /Users/maksimkosharny/Library/Developer/Xcode/DerivedData/FootGameScore-flklpgugjzuqjnhfjujkheubgzdj/Build/Products/Debug-iphonesimulator/FirebaseAuthInterop.o (in target 'FirebaseAuthInterop' from project 'Firebase')
    cd /Users/maksimkosharny/Library/Developer/Xcode/DerivedData/FootGameScore-flklpgugjzuqjnhfjujkheubgzdj/SourcePackages/checkouts/firebase-ios-sdk
    builtin-RegisterExecutionPolicyException /Users/maksimkosharny/Library/Developer/Xcode/DerivedData/FootGameScore-flklpgugjzuqjnhfjujkheubgzdj/Build/Products/Debug-iphonesimulator/FirebaseAuthInterop.o

Ld /Users/maksimkosharny/Library/Developer/Xcode/DerivedData/FootGameScore-flklpgugjzuqjnhfjujkheubgzdj/Build/Products/Debug-iphonesimulator/FirebaseAuthInternal.o normal (in target 'FirebaseAuthInternal' from project 'Firebase')
    cd /Users/maksimkosharny/Library/Developer/Xcode/DerivedData/FootGameScore-flklpgugjzuqjnhfjujkheubgzdj/SourcePackages/checkouts/firebase-ios-sdk
    /Applications/Xcode.app/Contents/Developer/Toolchains/XcodeDefault.xctoolchain/usr/bin/clang -Xlinker -reproducible -target arm64-apple-ios15.0-simulator -r -isysroot /Applications/Xcode.app/Contents/Developer/Platforms/iPhoneSimulator.platform/Developer/SDKs/iPhoneSimulator26.2.sdk -O0 -w -L/Users/maksimkosharny/Library/Developer/Xcode/DerivedData/FootGameScore-flklpgugjzuqjnhfjujkheubgzdj/Build/Intermediates.noindex/EagerLinkingTBDs/Debug-iphonesimulator -L/Users/maksimkosharny/Library/Developer/Xcode/DerivedData/FootGameScore-flklpgugjzuqjnhfjujkheubgzdj/Build/Products/Debug-iphonesimulator -L/Applications/Xcode.app/Contents/Developer/Platforms/iPhoneSimulator.platform/Developer/usr/lib -F/Users/maksimkosharny/Library/Developer/Xcode/DerivedData/FootGameScore-flklpgugjzuqjnhfjujkheubgzdj/Build/Intermediates.noindex/EagerLinkingTBDs/Debug-iphonesimulator -F/Users/maksimkosharny/Library/Developer/Xcode/DerivedData/FootGameScore-flklpgugjzuqjnhfjujkheubgzdj/Build/Products/Debug-iphonesimulator/PackageFrameworks -F/Users/maksimkosharny/Library/Developer/Xcode/DerivedData/FootGameScore-flklpgugjzuqjnhfjujkheubgzdj/Build/Products/Debug-iphonesimulator -iframework /Applications/Xcode.app/Contents/Developer/Platforms/iPhoneSimulator.platform/Developer/Library/Frameworks -iframework /Applications/Xcode.app/Contents/Developer/Platforms/iPhoneSimulator.platform/Developer/SDKs/iPhoneSimulator26.2.sdk/Developer/Library/Frameworks -filelist /Users/maksimkosharny/Library/Developer/Xcode/DerivedData/FootGameScore-flklpgugjzuqjnhfjujkheubgzdj/Build/Intermediates.noindex/Firebase.build/Debug-iphonesimulator/FirebaseAuthInternal.build/Objects-normal/arm64/FirebaseAuthInternal.LinkFileList -nostdlib -Xlinker -object_path_lto -Xlinker /Users/maksimkosharny/Library/Developer/Xcode/DerivedData/FootGameScore-flklpgugjzuqjnhfjujkheubgzdj/Build/Intermediates.noindex/Firebase.build/Debug-iphonesimulator/FirebaseAuthInternal.build/Objects-normal/arm64/FirebaseAuthInternal_lto.o -rdynamic -Xlinker -no_deduplicate -Xlinker -objc_abi_version -Xlinker 2 -Xlinker -dependency_info -Xlinker /Users/maksimkosharny/Library/Developer/Xcode/DerivedData/FootGameScore-flklpgugjzuqjnhfjujkheubgzdj/Build/Intermediates.noindex/Firebase.build/Debug-iphonesimulator/FirebaseAuthInternal.build/Objects-normal/arm64/FirebaseAuthInternal_dependency_info.dat -fobjc-arc -fobjc-link-runtime -o /Users/maksimkosharny/Library/Developer/Xcode/DerivedData/FootGameScore-flklpgugjzuqjnhfjujkheubgzdj/Build/Products/Debug-iphonesimulator/FirebaseAuthInternal.o

RegisterExecutionPolicyException /Users/maksimkosharny/Library/Developer/Xcode/DerivedData/FootGameScore-flklpgugjzuqjnhfjujkheubgzdj/Build/Products/Debug-iphonesimulator/FirebaseAuthInternal.o (in target 'FirebaseAuthInternal' from project 'Firebase')
    cd /Users/maksimkosharny/Library/Developer/Xcode/DerivedData/FootGameScore-flklpgugjzuqjnhfjujkheubgzdj/SourcePackages/checkouts/firebase-ios-sdk
    builtin-RegisterExecutionPolicyException /Users/maksimkosharny/Library/Developer/Xcode/DerivedData/FootGameScore-flklpgugjzuqjnhfjujkheubgzdj/Build/Products/Debug-iphonesimulator/FirebaseAuthInternal.o

Ld /Users/maksimkosharny/Library/Developer/Xcode/DerivedData/FootGameScore-flklpgugjzuqjnhfjujkheubgzdj/Build/Products/Debug-iphonesimulator/FirebaseAppCheckInterop.o normal (in target 'FirebaseAppCheckInterop' from project 'Firebase')
    cd /Users/maksimkosharny/Library/Developer/Xcode/DerivedData/FootGameScore-flklpgugjzuqjnhfjujkheubgzdj/SourcePackages/checkouts/firebase-ios-sdk
    /Applications/Xcode.app/Contents/Developer/Toolchains/XcodeDefault.xctoolchain/usr/bin/clang -Xlinker -reproducible -target arm64-apple-ios15.0-simulator -r -isysroot /Applications/Xcode.app/Contents/Developer/Platforms/iPhoneSimulator.platform/Developer/SDKs/iPhoneSimulator26.2.sdk -O0 -w -L/Users/maksimkosharny/Library/Developer/Xcode/DerivedData/FootGameScore-flklpgugjzuqjnhfjujkheubgzdj/Build/Intermediates.noindex/EagerLinkingTBDs/Debug-iphonesimulator -L/Users/maksimkosharny/Library/Developer/Xcode/DerivedData/FootGameScore-flklpgugjzuqjnhfjujkheubgzdj/Build/Products/Debug-iphonesimulator -L/Applications/Xcode.app/Contents/Developer/Platforms/iPhoneSimulator.platform/Developer/usr/lib -F/Users/maksimkosharny/Library/Developer/Xcode/DerivedData/FootGameScore-flklpgugjzuqjnhfjujkheubgzdj/Build/Intermediates.noindex/EagerLinkingTBDs/Debug-iphonesimulator -F/Users/maksimkosharny/Library/Developer/Xcode/DerivedData/FootGameScore-flklpgugjzuqjnhfjujkheubgzdj/Build/Products/Debug-iphonesimulator -iframework /Applications/Xcode.app/Contents/Developer/Platforms/iPhoneSimulator.platform/Developer/Library/Frameworks -iframework /Applications/Xcode.app/Contents/Developer/Platforms/iPhoneSimulator.platform/Developer/SDKs/iPhoneSimulator26.2.sdk/Developer/Library/Frameworks -filelist /Users/maksimkosharny/Library/Developer/Xcode/DerivedData/FootGameScore-flklpgugjzuqjnhfjujkheubgzdj/Build/Intermediates.noindex/Firebase.build/Debug-iphonesimulator/FirebaseAppCheckInterop.build/Objects-normal/arm64/FirebaseAppCheckInterop.LinkFileList -nostdlib -Xlinker -object_path_lto -Xlinker /Users/maksimkosharny/Library/Developer/Xcode/DerivedData/FootGameScore-flklpgugjzuqjnhfjujkheubgzdj/Build/Intermediates.noindex/Firebase.build/Debug-iphonesimulator/FirebaseAppCheckInterop.build/Objects-normal/arm64/FirebaseAppCheckInterop_lto.o -rdynamic -Xlinker -no_deduplicate -Xlinker -objc_abi_version -Xlinker 2 -Xlinker -dependency_info -Xlinker /Users/maksimkosharny/Library/Developer/Xcode/DerivedData/FootGameScore-flklpgugjzuqjnhfjujkheubgzdj/Build/Intermediates.noindex/Firebase.build/Debug-iphonesimulator/FirebaseAppCheckInterop.build/Objects-normal/arm64/FirebaseAppCheckInterop_dependency_info.dat -fobjc-arc -fobjc-link-runtime -o /Users/maksimkosharny/Library/Developer/Xcode/DerivedData/FootGameScore-flklpgugjzuqjnhfjujkheubgzdj/Build/Products/Debug-iphonesimulator/FirebaseAppCheckInterop.o

RegisterExecutionPolicyException /Users/maksimkosharny/Library/Developer/Xcode/DerivedData/FootGameScore-flklpgugjzuqjnhfjujkheubgzdj/Build/Products/Debug-iphonesimulator/FirebaseAppCheckInterop.o (in target 'FirebaseAppCheckInterop' from project 'Firebase')
    cd /Users/maksimkosharny/Library/Developer/Xcode/DerivedData/FootGameScore-flklpgugjzuqjnhfjujkheubgzdj/SourcePackages/checkouts/firebase-ios-sdk
    builtin-RegisterExecutionPolicyException /Users/maksimkosharny/Library/Developer/Xcode/DerivedData/FootGameScore-flklpgugjzuqjnhfjujkheubgzdj/Build/Products/Debug-iphonesimulator/FirebaseAppCheckInterop.o

ProcessInfoPlistFile /Users/maksimkosharny/Library/Developer/Xcode/DerivedData/FootGameScore-flklpgugjzuqjnhfjujkheubgzdj/Build/Products/Debug-iphonesimulator/GoogleUtilities_GoogleUtilities-AppDelegateSwizzler.bundle/Info.plist /Users/maksimkosharny/Library/Developer/Xcode/DerivedData/FootGameScore-flklpgugjzuqjnhfjujkheubgzdj/Build/Intermediates.noindex/GoogleUtilities.build/Debug-iphonesimulator/GoogleUtilities_GoogleUtilities-AppDelegateSwizzler.build/empty-GoogleUtilities_GoogleUtilities-AppDelegateSwizzler.plist (in target 'GoogleUtilities_GoogleUtilities-AppDelegateSwizzler' from project 'GoogleUtilities')
    cd /Users/maksimkosharny/Library/Developer/Xcode/DerivedData/FootGameScore-flklpgugjzuqjnhfjujkheubgzdj/SourcePackages/checkouts/GoogleUtilities
    builtin-infoPlistUtility /Users/maksimkosharny/Library/Developer/Xcode/DerivedData/FootGameScore-flklpgugjzuqjnhfjujkheubgzdj/Build/Intermediates.noindex/GoogleUtilities.build/Debug-iphonesimulator/GoogleUtilities_GoogleUtilities-AppDelegateSwizzler.build/empty-GoogleUtilities_GoogleUtilities-AppDelegateSwizzler.plist -producttype com.apple.product-type.bundle -expandbuildsettings -format binary -platform iphonesimulator -o /Users/maksimkosharny/Library/Developer/Xcode/DerivedData/FootGameScore-flklpgugjzuqjnhfjujkheubgzdj/Build/Products/Debug-iphonesimulator/GoogleUtilities_GoogleUtilities-AppDelegateSwizzler.bundle/Info.plist

ProcessInfoPlistFile /Users/maksimkosharny/Library/Developer/Xcode/DerivedData/FootGameScore-flklpgugjzuqjnhfjujkheubgzdj/Build/Products/Debug-iphonesimulator/GoogleUtilities_GoogleUtilities-Reachability.bundle/Info.plist /Users/maksimkosharny/Library/Developer/Xcode/DerivedData/FootGameScore-flklpgugjzuqjnhfjujkheubgzdj/Build/Intermediates.noindex/GoogleUtilities.build/Debug-iphonesimulator/GoogleUtilities_GoogleUtilities-Reachability.build/empty-GoogleUtilities_GoogleUtilities-Reachability.plist (in target 'GoogleUtilities_GoogleUtilities-Reachability' from project 'GoogleUtilities')
    cd /Users/maksimkosharny/Library/Developer/Xcode/DerivedData/FootGameScore-flklpgugjzuqjnhfjujkheubgzdj/SourcePackages/checkouts/GoogleUtilities
    builtin-infoPlistUtility /Users/maksimkosharny/Library/Developer/Xcode/DerivedData/FootGameScore-flklpgugjzuqjnhfjujkheubgzdj/Build/Intermediates.noindex/GoogleUtilities.build/Debug-iphonesimulator/GoogleUtilities_GoogleUtilities-Reachability.build/empty-GoogleUtilities_GoogleUtilities-Reachability.plist -producttype com.apple.product-type.bundle -expandbuildsettings -format binary -platform iphonesimulator -o /Users/maksimkosharny/Library/Developer/Xcode/DerivedData/FootGameScore-flklpgugjzuqjnhfjujkheubgzdj/Build/Products/Debug-iphonesimulator/GoogleUtilities_GoogleUtilities-Reachability.bundle/Info.plist

Ld /Users/maksimkosharny/Library/Developer/Xcode/DerivedData/FootGameScore-flklpgugjzuqjnhfjujkheubgzdj/Build/Products/Debug-iphonesimulator/GoogleUtilities-Reachability.o normal (in target 'GoogleUtilities-Reachability' from project 'GoogleUtilities')
    cd /Users/maksimkosharny/Library/Developer/Xcode/DerivedData/FootGameScore-flklpgugjzuqjnhfjujkheubgzdj/SourcePackages/checkouts/GoogleUtilities
    /Applications/Xcode.app/Contents/Developer/Toolchains/XcodeDefault.xctoolchain/usr/bin/clang -Xlinker -reproducible -target arm64-apple-ios12.0-simulator -r -isysroot /Applications/Xcode.app/Contents/Developer/Platforms/iPhoneSimulator.platform/Developer/SDKs/iPhoneSimulator26.2.sdk -O0 -w -L/Users/maksimkosharny/Library/Developer/Xcode/DerivedData/FootGameScore-flklpgugjzuqjnhfjujkheubgzdj/Build/Intermediates.noindex/EagerLinkingTBDs/Debug-iphonesimulator -L/Users/maksimkosharny/Library/Developer/Xcode/DerivedData/FootGameScore-flklpgugjzuqjnhfjujkheubgzdj/Build/Products/Debug-iphonesimulator -L/Applications/Xcode.app/Contents/Developer/Platforms/iPhoneSimulator.platform/Developer/usr/lib -F/Users/maksimkosharny/Library/Developer/Xcode/DerivedData/FootGameScore-flklpgugjzuqjnhfjujkheubgzdj/Build/Intermediates.noindex/EagerLinkingTBDs/Debug-iphonesimulator -F/Users/maksimkosharny/Library/Developer/Xcode/DerivedData/FootGameScore-flklpgugjzuqjnhfjujkheubgzdj/Build/Products/Debug-iphonesimulator/PackageFrameworks -F/Users/maksimkosharny/Library/Developer/Xcode/DerivedData/FootGameScore-flklpgugjzuqjnhfjujkheubgzdj/Build/Products/Debug-iphonesimulator/PackageFrameworks -F/Users/maksimkosharny/Library/Developer/Xcode/DerivedData/FootGameScore-flklpgugjzuqjnhfjujkheubgzdj/Build/Products/Debug-iphonesimulator/PackageFrameworks -F/Users/maksimkosharny/Library/Developer/Xcode/DerivedData/FootGameScore-flklpgugjzuqjnhfjujkheubgzdj/Build/Products/Debug-iphonesimulator -iframework /Applications/Xcode.app/Contents/Developer/Platforms/iPhoneSimulator.platform/Developer/Library/Frameworks -iframework /Applications/Xcode.app/Contents/Developer/Platforms/iPhoneSimulator.platform/Developer/SDKs/iPhoneSimulator26.2.sdk/Developer/Library/Frameworks -filelist /Users/maksimkosharny/Library/Developer/Xcode/DerivedData/FootGameScore-flklpgugjzuqjnhfjujkheubgzdj/Build/Intermediates.noindex/GoogleUtilities.build/Debug-iphonesimulator/GoogleUtilities-Reachability.build/Objects-normal/arm64/GoogleUtilities-Reachability.LinkFileList -nostdlib -Xlinker -object_path_lto -Xlinker /Users/maksimkosharny/Library/Developer/Xcode/DerivedData/FootGameScore-flklpgugjzuqjnhfjujkheubgzdj/Build/Intermediates.noindex/GoogleUtilities.build/Debug-iphonesimulator/GoogleUtilities-Reachability.build/Objects-normal/arm64/GoogleUtilities-Reachability_lto.o -rdynamic -Xlinker -no_deduplicate -Xlinker -objc_abi_version -Xlinker 2 -Xlinker -dependency_info -Xlinker /Users/maksimkosharny/Library/Developer/Xcode/DerivedData/FootGameScore-flklpgugjzuqjnhfjujkheubgzdj/Build/Intermediates.noindex/GoogleUtilities.build/Debug-iphonesimulator/GoogleUtilities-Reachability.build/Objects-normal/arm64/GoogleUtilities-Reachability_dependency_info.dat -fobjc-arc -fobjc-link-runtime -o /Users/maksimkosharny/Library/Developer/Xcode/DerivedData/FootGameScore-flklpgugjzuqjnhfjujkheubgzdj/Build/Products/Debug-iphonesimulator/GoogleUtilities-Reachability.o

RegisterExecutionPolicyException /Users/maksimkosharny/Library/Developer/Xcode/DerivedData/FootGameScore-flklpgugjzuqjnhfjujkheubgzdj/Build/Products/Debug-iphonesimulator/GoogleUtilities-Reachability.o (in target 'GoogleUtilities-Reachability' from project 'GoogleUtilities')
    cd /Users/maksimkosharny/Library/Developer/Xcode/DerivedData/FootGameScore-flklpgugjzuqjnhfjujkheubgzdj/SourcePackages/checkouts/GoogleUtilities
    builtin-RegisterExecutionPolicyException /Users/maksimkosharny/Library/Developer/Xcode/DerivedData/FootGameScore-flklpgugjzuqjnhfjujkheubgzdj/Build/Products/Debug-iphonesimulator/GoogleUtilities-Reachability.o

ProcessInfoPlistFile /Users/maksimkosharny/Library/Developer/Xcode/DerivedData/FootGameScore-flklpgugjzuqjnhfjujkheubgzdj/Build/Products/Debug-iphonesimulator/GoogleUtilities_GoogleUtilities-Network.bundle/Info.plist /Users/maksimkosharny/Library/Developer/Xcode/DerivedData/FootGameScore-flklpgugjzuqjnhfjujkheubgzdj/Build/Intermediates.noindex/GoogleUtilities.build/Debug-iphonesimulator/GoogleUtilities_GoogleUtilities-Network.build/empty-GoogleUtilities_GoogleUtilities-Network.plist (in target 'GoogleUtilities_GoogleUtilities-Network' from project 'GoogleUtilities')
    cd /Users/maksimkosharny/Library/Developer/Xcode/DerivedData/FootGameScore-flklpgugjzuqjnhfjujkheubgzdj/SourcePackages/checkouts/GoogleUtilities
    builtin-infoPlistUtility /Users/maksimkosharny/Library/Developer/Xcode/DerivedData/FootGameScore-flklpgugjzuqjnhfjujkheubgzdj/Build/Intermediates.noindex/GoogleUtilities.build/Debug-iphonesimulator/GoogleUtilities_GoogleUtilities-Network.build/empty-GoogleUtilities_GoogleUtilities-Network.plist -producttype com.apple.product-type.bundle -expandbuildsettings -format binary -platform iphonesimulator -o /Users/maksimkosharny/Library/Developer/Xcode/DerivedData/FootGameScore-flklpgugjzuqjnhfjujkheubgzdj/Build/Products/Debug-iphonesimulator/GoogleUtilities_GoogleUtilities-Network.bundle/Info.plist

Ld /Users/maksimkosharny/Library/Developer/Xcode/DerivedData/FootGameScore-flklpgugjzuqjnhfjujkheubgzdj/Build/Products/Debug-iphonesimulator/GoogleUtilities-Network.o normal (in target 'GoogleUtilities-Network' from project 'GoogleUtilities')
    cd /Users/maksimkosharny/Library/Developer/Xcode/DerivedData/FootGameScore-flklpgugjzuqjnhfjujkheubgzdj/SourcePackages/checkouts/GoogleUtilities
    /Applications/Xcode.app/Contents/Developer/Toolchains/XcodeDefault.xctoolchain/usr/bin/clang -Xlinker -reproducible -target arm64-apple-ios12.0-simulator -r -isysroot /Applications/Xcode.app/Contents/Developer/Platforms/iPhoneSimulator.platform/Developer/SDKs/iPhoneSimulator26.2.sdk -O0 -w -L/Users/maksimkosharny/Library/Developer/Xcode/DerivedData/FootGameScore-flklpgugjzuqjnhfjujkheubgzdj/Build/Intermediates.noindex/EagerLinkingTBDs/Debug-iphonesimulator -L/Users/maksimkosharny/Library/Developer/Xcode/DerivedData/FootGameScore-flklpgugjzuqjnhfjujkheubgzdj/Build/Products/Debug-iphonesimulator -L/Applications/Xcode.app/Contents/Developer/Platforms/iPhoneSimulator.platform/Developer/usr/lib -F/Users/maksimkosharny/Library/Developer/Xcode/DerivedData/FootGameScore-flklpgugjzuqjnhfjujkheubgzdj/Build/Intermediates.noindex/EagerLinkingTBDs/Debug-iphonesimulator -F/Users/maksimkosharny/Library/Developer/Xcode/DerivedData/FootGameScore-flklpgugjzuqjnhfjujkheubgzdj/Build/Products/Debug-iphonesimulator/PackageFrameworks -F/Users/maksimkosharny/Library/Developer/Xcode/DerivedData/FootGameScore-flklpgugjzuqjnhfjujkheubgzdj/Build/Products/Debug-iphonesimulator/PackageFrameworks -F/Users/maksimkosharny/Library/Developer/Xcode/DerivedData/FootGameScore-flklpgugjzuqjnhfjujkheubgzdj/Build/Products/Debug-iphonesimulator/PackageFrameworks -F/Users/maksimkosharny/Library/Developer/Xcode/DerivedData/FootGameScore-flklpgugjzuqjnhfjujkheubgzdj/Build/Products/Debug-iphonesimulator/PackageFrameworks -F/Users/maksimkosharny/Library/Developer/Xcode/DerivedData/FootGameScore-flklpgugjzuqjnhfjujkheubgzdj/Build/Products/Debug-iphonesimulator/PackageFrameworks -F/Users/maksimkosharny/Library/Developer/Xcode/DerivedData/FootGameScore-flklpgugjzuqjnhfjujkheubgzdj/Build/Products/Debug-iphonesimulator -iframework /Applications/Xcode.app/Contents/Developer/Platforms/iPhoneSimulator.platform/Developer/Library/Frameworks -iframework /Applications/Xcode.app/Contents/Developer/Platforms/iPhoneSimulator.platform/Developer/SDKs/iPhoneSimulator26.2.sdk/Developer/Library/Frameworks -filelist /Users/maksimkosharny/Library/Developer/Xcode/DerivedData/FootGameScore-flklpgugjzuqjnhfjujkheubgzdj/Build/Intermediates.noindex/GoogleUtilities.build/Debug-iphonesimulator/GoogleUtilities-Network.build/Objects-normal/arm64/GoogleUtilities-Network.LinkFileList -nostdlib -Xlinker -object_path_lto -Xlinker /Users/maksimkosharny/Library/Developer/Xcode/DerivedData/FootGameScore-flklpgugjzuqjnhfjujkheubgzdj/Build/Intermediates.noindex/GoogleUtilities.build/Debug-iphonesimulator/GoogleUtilities-Network.build/Objects-normal/arm64/GoogleUtilities-Network_lto.o -rdynamic -Xlinker -no_deduplicate -Xlinker -objc_abi_version -Xlinker 2 -Xlinker -dependency_info -Xlinker /Users/maksimkosharny/Library/Developer/Xcode/DerivedData/FootGameScore-flklpgugjzuqjnhfjujkheubgzdj/Build/Intermediates.noindex/GoogleUtilities.build/Debug-iphonesimulator/GoogleUtilities-Network.build/Objects-normal/arm64/GoogleUtilities-Network_dependency_info.dat -fobjc-arc -fobjc-link-runtime -o /Users/maksimkosharny/Library/Developer/Xcode/DerivedData/FootGameScore-flklpgugjzuqjnhfjujkheubgzdj/Build/Products/Debug-iphonesimulator/GoogleUtilities-Network.o

RegisterExecutionPolicyException /Users/maksimkosharny/Library/Developer/Xcode/DerivedData/FootGameScore-flklpgugjzuqjnhfjujkheubgzdj/Build/Products/Debug-iphonesimulator/GoogleUtilities-Network.o (in target 'GoogleUtilities-Network' from project 'GoogleUtilities')
    cd /Users/maksimkosharny/Library/Developer/Xcode/DerivedData/FootGameScore-flklpgugjzuqjnhfjujkheubgzdj/SourcePackages/checkouts/GoogleUtilities
    builtin-RegisterExecutionPolicyException /Users/maksimkosharny/Library/Developer/Xcode/DerivedData/FootGameScore-flklpgugjzuqjnhfjujkheubgzdj/Build/Products/Debug-iphonesimulator/GoogleUtilities-Network.o

Ld /Users/maksimkosharny/Library/Developer/Xcode/DerivedData/FootGameScore-flklpgugjzuqjnhfjujkheubgzdj/Build/Products/Debug-iphonesimulator/GoogleUtilities-AppDelegateSwizzler.o normal (in target 'GoogleUtilities-AppDelegateSwizzler' from project 'GoogleUtilities')
    cd /Users/maksimkosharny/Library/Developer/Xcode/DerivedData/FootGameScore-flklpgugjzuqjnhfjujkheubgzdj/SourcePackages/checkouts/GoogleUtilities
    /Applications/Xcode.app/Contents/Developer/Toolchains/XcodeDefault.xctoolchain/usr/bin/clang -Xlinker -reproducible -target arm64-apple-ios12.0-simulator -r -isysroot /Applications/Xcode.app/Contents/Developer/Platforms/iPhoneSimulator.platform/Developer/SDKs/iPhoneSimulator26.2.sdk -O0 -w -L/Users/maksimkosharny/Library/Developer/Xcode/DerivedData/FootGameScore-flklpgugjzuqjnhfjujkheubgzdj/Build/Intermediates.noindex/EagerLinkingTBDs/Debug-iphonesimulator -L/Users/maksimkosharny/Library/Developer/Xcode/DerivedData/FootGameScore-flklpgugjzuqjnhfjujkheubgzdj/Build/Products/Debug-iphonesimulator -L/Applications/Xcode.app/Contents/Developer/Platforms/iPhoneSimulator.platform/Developer/usr/lib -F/Users/maksimkosharny/Library/Developer/Xcode/DerivedData/FootGameScore-flklpgugjzuqjnhfjujkheubgzdj/Build/Intermediates.noindex/EagerLinkingTBDs/Debug-iphonesimulator -F/Users/maksimkosharny/Library/Developer/Xcode/DerivedData/FootGameScore-flklpgugjzuqjnhfjujkheubgzdj/Build/Products/Debug-iphonesimulator/PackageFrameworks -F/Users/maksimkosharny/Library/Developer/Xcode/DerivedData/FootGameScore-flklpgugjzuqjnhfjujkheubgzdj/Build/Products/Debug-iphonesimulator/PackageFrameworks -F/Users/maksimkosharny/Library/Developer/Xcode/DerivedData/FootGameScore-flklpgugjzuqjnhfjujkheubgzdj/Build/Products/Debug-iphonesimulator/PackageFrameworks -F/Users/maksimkosharny/Library/Developer/Xcode/DerivedData/FootGameScore-flklpgugjzuqjnhfjujkheubgzdj/Build/Products/Debug-iphonesimulator/PackageFrameworks -F/Users/maksimkosharny/Library/Developer/Xcode/DerivedData/FootGameScore-flklpgugjzuqjnhfjujkheubgzdj/Build/Products/Debug-iphonesimulator/PackageFrameworks -F/Users/maksimkosharny/Library/Developer/Xcode/DerivedData/FootGameScore-flklpgugjzuqjnhfjujkheubgzdj/Build/Products/Debug-iphonesimulator/PackageFrameworks -F/Users/maksimkosharny/Library/Developer/Xcode/DerivedData/FootGameScore-flklpgugjzuqjnhfjujkheubgzdj/Build/Products/Debug-iphonesimulator -iframework /Applications/Xcode.app/Contents/Developer/Platforms/iPhoneSimulator.platform/Developer/Library/Frameworks -iframework /Applications/Xcode.app/Contents/Developer/Platforms/iPhoneSimulator.platform/Developer/SDKs/iPhoneSimulator26.2.sdk/Developer/Library/Frameworks -filelist /Users/maksimkosharny/Library/Developer/Xcode/DerivedData/FootGameScore-flklpgugjzuqjnhfjujkheubgzdj/Build/Intermediates.noindex/GoogleUtilities.build/Debug-iphonesimulator/GoogleUtilities-AppDelegateSwizzler.build/Objects-normal/arm64/GoogleUtilities-AppDelegateSwizzler.LinkFileList -nostdlib -Xlinker -object_path_lto -Xlinker /Users/maksimkosharny/Library/Developer/Xcode/DerivedData/FootGameScore-flklpgugjzuqjnhfjujkheubgzdj/Build/Intermediates.noindex/GoogleUtilities.build/Debug-iphonesimulator/GoogleUtilities-AppDelegateSwizzler.build/Objects-normal/arm64/GoogleUtilities-AppDelegateSwizzler_lto.o -rdynamic -Xlinker -no_deduplicate -Xlinker -objc_abi_version -Xlinker 2 -Xlinker -dependency_info -Xlinker /Users/maksimkosharny/Library/Developer/Xcode/DerivedData/FootGameScore-flklpgugjzuqjnhfjujkheubgzdj/Build/Intermediates.noindex/GoogleUtilities.build/Debug-iphonesimulator/GoogleUtilities-AppDelegateSwizzler.build/Objects-normal/arm64/GoogleUtilities-AppDelegateSwizzler_dependency_info.dat -fobjc-arc -fobjc-link-runtime -o /Users/maksimkosharny/Library/Developer/Xcode/DerivedData/FootGameScore-flklpgugjzuqjnhfjujkheubgzdj/Build/Products/Debug-iphonesimulator/GoogleUtilities-AppDelegateSwizzler.o

RegisterExecutionPolicyException /Users/maksimkosharny/Library/Developer/Xcode/DerivedData/FootGameScore-flklpgugjzuqjnhfjujkheubgzdj/Build/Products/Debug-iphonesimulator/GoogleUtilities-AppDelegateSwizzler.o (in target 'GoogleUtilities-AppDelegateSwizzler' from project 'GoogleUtilities')
    cd /Users/maksimkosharny/Library/Developer/Xcode/DerivedData/FootGameScore-flklpgugjzuqjnhfjujkheubgzdj/SourcePackages/checkouts/GoogleUtilities
    builtin-RegisterExecutionPolicyException /Users/maksimkosharny/Library/Developer/Xcode/DerivedData/FootGameScore-flklpgugjzuqjnhfjujkheubgzdj/Build/Products/Debug-iphonesimulator/GoogleUtilities-AppDelegateSwizzler.o

ProcessInfoPlistFile /Users/maksimkosharny/Library/Developer/Xcode/DerivedData/FootGameScore-flklpgugjzuqjnhfjujkheubgzdj/Build/Products/Debug-iphonesimulator/GTMSessionFetcher_GTMSessionFetcherCore.bundle/Info.plist /Users/maksimkosharny/Library/Developer/Xcode/DerivedData/FootGameScore-flklpgugjzuqjnhfjujkheubgzdj/Build/Intermediates.noindex/GTMSessionFetcher.build/Debug-iphonesimulator/GTMSessionFetcher_GTMSessionFetcherCore.build/empty-GTMSessionFetcher_GTMSessionFetcherCore.plist (in target 'GTMSessionFetcher_GTMSessionFetcherCore' from project 'GTMSessionFetcher')
    cd /Users/maksimkosharny/Library/Developer/Xcode/DerivedData/FootGameScore-flklpgugjzuqjnhfjujkheubgzdj/SourcePackages/checkouts/gtm-session-fetcher
    builtin-infoPlistUtility /Users/maksimkosharny/Library/Developer/Xcode/DerivedData/FootGameScore-flklpgugjzuqjnhfjujkheubgzdj/Build/Intermediates.noindex/GTMSessionFetcher.build/Debug-iphonesimulator/GTMSessionFetcher_GTMSessionFetcherCore.build/empty-GTMSessionFetcher_GTMSessionFetcherCore.plist -producttype com.apple.product-type.bundle -expandbuildsettings -format binary -platform iphonesimulator -o /Users/maksimkosharny/Library/Developer/Xcode/DerivedData/FootGameScore-flklpgugjzuqjnhfjujkheubgzdj/Build/Products/Debug-iphonesimulator/GTMSessionFetcher_GTMSessionFetcherCore.bundle/Info.plist

Ld /Users/maksimkosharny/Library/Developer/Xcode/DerivedData/FootGameScore-flklpgugjzuqjnhfjujkheubgzdj/Build/Products/Debug-iphonesimulator/GTMSessionFetcherCore.o normal (in target 'GTMSessionFetcherCore' from project 'GTMSessionFetcher')
    cd /Users/maksimkosharny/Library/Developer/Xcode/DerivedData/FootGameScore-flklpgugjzuqjnhfjujkheubgzdj/SourcePackages/checkouts/gtm-session-fetcher
    /Applications/Xcode.app/Contents/Developer/Toolchains/XcodeDefault.xctoolchain/usr/bin/clang -Xlinker -reproducible -target arm64-apple-ios15.0-simulator -r -isysroot /Applications/Xcode.app/Contents/Developer/Platforms/iPhoneSimulator.platform/Developer/SDKs/iPhoneSimulator26.2.sdk -O0 -w -L/Users/maksimkosharny/Library/Developer/Xcode/DerivedData/FootGameScore-flklpgugjzuqjnhfjujkheubgzdj/Build/Intermediates.noindex/EagerLinkingTBDs/Debug-iphonesimulator -L/Users/maksimkosharny/Library/Developer/Xcode/DerivedData/FootGameScore-flklpgugjzuqjnhfjujkheubgzdj/Build/Products/Debug-iphonesimulator -L/Applications/Xcode.app/Contents/Developer/Platforms/iPhoneSimulator.platform/Developer/usr/lib -F/Users/maksimkosharny/Library/Developer/Xcode/DerivedData/FootGameScore-flklpgugjzuqjnhfjujkheubgzdj/Build/Intermediates.noindex/EagerLinkingTBDs/Debug-iphonesimulator -F/Users/maksimkosharny/Library/Developer/Xcode/DerivedData/FootGameScore-flklpgugjzuqjnhfjujkheubgzdj/Build/Products/Debug-iphonesimulator -iframework /Applications/Xcode.app/Contents/Developer/Platforms/iPhoneSimulator.platform/Developer/Library/Frameworks -iframework /Applications/Xcode.app/Contents/Developer/Platforms/iPhoneSimulator.platform/Developer/SDKs/iPhoneSimulator26.2.sdk/Developer/Library/Frameworks -filelist /Users/maksimkosharny/Library/Developer/Xcode/DerivedData/FootGameScore-flklpgugjzuqjnhfjujkheubgzdj/Build/Intermediates.noindex/GTMSessionFetcher.build/Debug-iphonesimulator/GTMSessionFetcherCore.build/Objects-normal/arm64/GTMSessionFetcherCore.LinkFileList -nostdlib -Xlinker -object_path_lto -Xlinker /Users/maksimkosharny/Library/Developer/Xcode/DerivedData/FootGameScore-flklpgugjzuqjnhfjujkheubgzdj/Build/Intermediates.noindex/GTMSessionFetcher.build/Debug-iphonesimulator/GTMSessionFetcherCore.build/Objects-normal/arm64/GTMSessionFetcherCore_lto.o -rdynamic -Xlinker -no_deduplicate -Xlinker -objc_abi_version -Xlinker 2 -Xlinker -dependency_info -Xlinker /Users/maksimkosharny/Library/Developer/Xcode/DerivedData/FootGameScore-flklpgugjzuqjnhfjujkheubgzdj/Build/Intermediates.noindex/GTMSessionFetcher.build/Debug-iphonesimulator/GTMSessionFetcherCore.build/Objects-normal/arm64/GTMSessionFetcherCore_dependency_info.dat -fobjc-arc -fobjc-link-runtime -o /Users/maksimkosharny/Library/Developer/Xcode/DerivedData/FootGameScore-flklpgugjzuqjnhfjujkheubgzdj/Build/Products/Debug-iphonesimulator/GTMSessionFetcherCore.o

RegisterExecutionPolicyException /Users/maksimkosharny/Library/Developer/Xcode/DerivedData/FootGameScore-flklpgugjzuqjnhfjujkheubgzdj/Build/Products/Debug-iphonesimulator/GTMSessionFetcherCore.o (in target 'GTMSessionFetcherCore' from project 'GTMSessionFetcher')
    cd /Users/maksimkosharny/Library/Developer/Xcode/DerivedData/FootGameScore-flklpgugjzuqjnhfjujkheubgzdj/SourcePackages/checkouts/gtm-session-fetcher
    builtin-RegisterExecutionPolicyException /Users/maksimkosharny/Library/Developer/Xcode/DerivedData/FootGameScore-flklpgugjzuqjnhfjujkheubgzdj/Build/Products/Debug-iphonesimulator/GTMSessionFetcherCore.o

ProcessInfoPlistFile /Users/maksimkosharny/Library/Developer/Xcode/DerivedData/FootGameScore-flklpgugjzuqjnhfjujkheubgzdj/Build/Products/Debug-iphonesimulator/Firebase_FirebaseCoreExtension.bundle/Info.plist /Users/maksimkosharny/Library/Developer/Xcode/DerivedData/FootGameScore-flklpgugjzuqjnhfjujkheubgzdj/Build/Intermediates.noindex/Firebase.build/Debug-iphonesimulator/Firebase_FirebaseCoreExtension.build/empty-Firebase_FirebaseCoreExtension.plist (in target 'Firebase_FirebaseCoreExtension' from project 'Firebase')
    cd /Users/maksimkosharny/Library/Developer/Xcode/DerivedData/FootGameScore-flklpgugjzuqjnhfjujkheubgzdj/SourcePackages/checkouts/firebase-ios-sdk
    builtin-infoPlistUtility /Users/maksimkosharny/Library/Developer/Xcode/DerivedData/FootGameScore-flklpgugjzuqjnhfjujkheubgzdj/Build/Intermediates.noindex/Firebase.build/Debug-iphonesimulator/Firebase_FirebaseCoreExtension.build/empty-Firebase_FirebaseCoreExtension.plist -producttype com.apple.product-type.bundle -expandbuildsettings -format binary -platform iphonesimulator -o /Users/maksimkosharny/Library/Developer/Xcode/DerivedData/FootGameScore-flklpgugjzuqjnhfjujkheubgzdj/Build/Products/Debug-iphonesimulator/Firebase_FirebaseCoreExtension.bundle/Info.plist

Ld /Users/maksimkosharny/Library/Developer/Xcode/DerivedData/FootGameScore-flklpgugjzuqjnhfjujkheubgzdj/Build/Products/Debug-iphonesimulator/FirebaseCoreExtension.o normal (in target 'FirebaseCoreExtension' from project 'Firebase')
    cd /Users/maksimkosharny/Library/Developer/Xcode/DerivedData/FootGameScore-flklpgugjzuqjnhfjujkheubgzdj/SourcePackages/checkouts/firebase-ios-sdk
    /Applications/Xcode.app/Contents/Developer/Toolchains/XcodeDefault.xctoolchain/usr/bin/clang -Xlinker -reproducible -target arm64-apple-ios15.0-simulator -r -isysroot /Applications/Xcode.app/Contents/Developer/Platforms/iPhoneSimulator.platform/Developer/SDKs/iPhoneSimulator26.2.sdk -O0 -w -L/Users/maksimkosharny/Library/Developer/Xcode/DerivedData/FootGameScore-flklpgugjzuqjnhfjujkheubgzdj/Build/Intermediates.noindex/EagerLinkingTBDs/Debug-iphonesimulator -L/Users/maksimkosharny/Library/Developer/Xcode/DerivedData/FootGameScore-flklpgugjzuqjnhfjujkheubgzdj/Build/Products/Debug-iphonesimulator -L/Applications/Xcode.app/Contents/Developer/Platforms/iPhoneSimulator.platform/Developer/usr/lib -F/Users/maksimkosharny/Library/Developer/Xcode/DerivedData/FootGameScore-flklpgugjzuqjnhfjujkheubgzdj/Build/Intermediates.noindex/EagerLinkingTBDs/Debug-iphonesimulator -F/Users/maksimkosharny/Library/Developer/Xcode/DerivedData/FootGameScore-flklpgugjzuqjnhfjujkheubgzdj/Build/Products/Debug-iphonesimulator -iframework /Applications/Xcode.app/Contents/Developer/Platforms/iPhoneSimulator.platform/Developer/Library/Frameworks -iframework /Applications/Xcode.app/Contents/Developer/Platforms/iPhoneSimulator.platform/Developer/SDKs/iPhoneSimulator26.2.sdk/Developer/Library/Frameworks -filelist /Users/maksimkosharny/Library/Developer/Xcode/DerivedData/FootGameScore-flklpgugjzuqjnhfjujkheubgzdj/Build/Intermediates.noindex/Firebase.build/Debug-iphonesimulator/FirebaseCoreExtension.build/Objects-normal/arm64/FirebaseCoreExtension.LinkFileList -nostdlib -Xlinker -object_path_lto -Xlinker /Users/maksimkosharny/Library/Developer/Xcode/DerivedData/FootGameScore-flklpgugjzuqjnhfjujkheubgzdj/Build/Intermediates.noindex/Firebase.build/Debug-iphonesimulator/FirebaseCoreExtension.build/Objects-normal/arm64/FirebaseCoreExtension_lto.o -rdynamic -Xlinker -no_deduplicate -Xlinker -objc_abi_version -Xlinker 2 -Xlinker -dependency_info -Xlinker /Users/maksimkosharny/Library/Developer/Xcode/DerivedData/FootGameScore-flklpgugjzuqjnhfjujkheubgzdj/Build/Intermediates.noindex/Firebase.build/Debug-iphonesimulator/FirebaseCoreExtension.build/Objects-normal/arm64/FirebaseCoreExtension_dependency_info.dat -fobjc-arc -fobjc-link-runtime -o /Users/maksimkosharny/Library/Developer/Xcode/DerivedData/FootGameScore-flklpgugjzuqjnhfjujkheubgzdj/Build/Products/Debug-iphonesimulator/FirebaseCoreExtension.o

RegisterExecutionPolicyException /Users/maksimkosharny/Library/Developer/Xcode/DerivedData/FootGameScore-flklpgugjzuqjnhfjujkheubgzdj/Build/Products/Debug-iphonesimulator/FirebaseCoreExtension.o (in target 'FirebaseCoreExtension' from project 'Firebase')
    cd /Users/maksimkosharny/Library/Developer/Xcode/DerivedData/FootGameScore-flklpgugjzuqjnhfjujkheubgzdj/SourcePackages/checkouts/firebase-ios-sdk
    builtin-RegisterExecutionPolicyException /Users/maksimkosharny/Library/Developer/Xcode/DerivedData/FootGameScore-flklpgugjzuqjnhfjujkheubgzdj/Build/Products/Debug-iphonesimulator/FirebaseCoreExtension.o

ProcessInfoPlistFile /Users/maksimkosharny/Library/Developer/Xcode/DerivedData/FootGameScore-flklpgugjzuqjnhfjujkheubgzdj/Build/Products/Debug-iphonesimulator/Firebase_FirebaseAuth.bundle/Info.plist /Users/maksimkosharny/Library/Developer/Xcode/DerivedData/FootGameScore-flklpgugjzuqjnhfjujkheubgzdj/Build/Intermediates.noindex/Firebase.build/Debug-iphonesimulator/Firebase_FirebaseAuth.build/empty-Firebase_FirebaseAuth.plist (in target 'Firebase_FirebaseAuth' from project 'Firebase')
    cd /Users/maksimkosharny/Library/Developer/Xcode/DerivedData/FootGameScore-flklpgugjzuqjnhfjujkheubgzdj/SourcePackages/checkouts/firebase-ios-sdk
    builtin-infoPlistUtility /Users/maksimkosharny/Library/Developer/Xcode/DerivedData/FootGameScore-flklpgugjzuqjnhfjujkheubgzdj/Build/Intermediates.noindex/Firebase.build/Debug-iphonesimulator/Firebase_FirebaseAuth.build/empty-Firebase_FirebaseAuth.plist -producttype com.apple.product-type.bundle -expandbuildsettings -format binary -platform iphonesimulator -o /Users/maksimkosharny/Library/Developer/Xcode/DerivedData/FootGameScore-flklpgugjzuqjnhfjujkheubgzdj/Build/Products/Debug-iphonesimulator/Firebase_FirebaseAuth.bundle/Info.plist

Ld /Users/maksimkosharny/Library/Developer/Xcode/DerivedData/FootGameScore-flklpgugjzuqjnhfjujkheubgzdj/Build/Products/Debug-iphonesimulator/FirebaseAuth.o normal (in target 'FirebaseAuth' from project 'Firebase')
    cd /Users/maksimkosharny/Library/Developer/Xcode/DerivedData/FootGameScore-flklpgugjzuqjnhfjujkheubgzdj/SourcePackages/checkouts/firebase-ios-sdk
    /Applications/Xcode.app/Contents/Developer/Toolchains/XcodeDefault.xctoolchain/usr/bin/clang -Xlinker -reproducible -target arm64-apple-ios15.0-simulator -r -isysroot /Applications/Xcode.app/Contents/Developer/Platforms/iPhoneSimulator.platform/Developer/SDKs/iPhoneSimulator26.2.sdk -O0 -w -L/Users/maksimkosharny/Library/Developer/Xcode/DerivedData/FootGameScore-flklpgugjzuqjnhfjujkheubgzdj/Build/Intermediates.noindex/EagerLinkingTBDs/Debug-iphonesimulator -L/Users/maksimkosharny/Library/Developer/Xcode/DerivedData/FootGameScore-flklpgugjzuqjnhfjujkheubgzdj/Build/Products/Debug-iphonesimulator -L/Applications/Xcode.app/Contents/Developer/Platforms/iPhoneSimulator.platform/Developer/usr/lib -F/Users/maksimkosharny/Library/Developer/Xcode/DerivedData/FootGameScore-flklpgugjzuqjnhfjujkheubgzdj/Build/Intermediates.noindex/EagerLinkingTBDs/Debug-iphonesimulator -F/Users/maksimkosharny/Library/Developer/Xcode/DerivedData/FootGameScore-flklpgugjzuqjnhfjujkheubgzdj/Build/Products/Debug-iphonesimulator/PackageFrameworks -F/Users/maksimkosharny/Library/Developer/Xcode/DerivedData/FootGameScore-flklpgugjzuqjnhfjujkheubgzdj/Build/Products/Debug-iphonesimulator/PackageFrameworks -F/Users/maksimkosharny/Library/Developer/Xcode/DerivedData/FootGameScore-flklpgugjzuqjnhfjujkheubgzdj/Build/Products/Debug-iphonesimulator/PackageFrameworks -F/Users/maksimkosharny/Library/Developer/Xcode/DerivedData/FootGameScore-flklpgugjzuqjnhfjujkheubgzdj/Build/Products/Debug-iphonesimulator/PackageFrameworks -F/Users/maksimkosharny/Library/Developer/Xcode/DerivedData/FootGameScore-flklpgugjzuqjnhfjujkheubgzdj/Build/Products/Debug-iphonesimulator/PackageFrameworks -F/Users/maksimkosharny/Library/Developer/Xcode/DerivedData/FootGameScore-flklpgugjzuqjnhfjujkheubgzdj/Build/Products/Debug-iphonesimulator/PackageFrameworks -F/Users/maksimkosharny/Library/Developer/Xcode/DerivedData/FootGameScore-flklpgugjzuqjnhfjujkheubgzdj/Build/Products/Debug-iphonesimulator/PackageFrameworks -F/Users/maksimkosharny/Library/Developer/Xcode/DerivedData/FootGameScore-flklpgugjzuqjnhfjujkheubgzdj/Build/Products/Debug-iphonesimulator/PackageFrameworks -F/Users/maksimkosharny/Library/Developer/Xcode/DerivedData/FootGameScore-flklpgugjzuqjnhfjujkheubgzdj/Build/Products/Debug-iphonesimulator/PackageFrameworks -F/Users/maksimkosharny/Library/Developer/Xcode/DerivedData/FootGameScore-flklpgugjzuqjnhfjujkheubgzdj/Build/Products/Debug-iphonesimulator/PackageFrameworks -F/Users/maksimkosharny/Library/Developer/Xcode/DerivedData/FootGameScore-flklpgugjzuqjnhfjujkheubgzdj/Build/Products/Debug-iphonesimulator/PackageFrameworks -F/Users/maksimkosharny/Library/Developer/Xcode/DerivedData/FootGameScore-flklpgugjzuqjnhfjujkheubgzdj/Build/Products/Debug-iphonesimulator/PackageFrameworks -F/Users/maksimkosharny/Library/Developer/Xcode/DerivedData/FootGameScore-flklpgugjzuqjnhfjujkheubgzdj/Build/Products/Debug-iphonesimulator/PackageFrameworks -F/Users/maksimkosharny/Library/Developer/Xcode/DerivedData/FootGameScore-flklpgugjzuqjnhfjujkheubgzdj/Build/Products/Debug-iphonesimulator/PackageFrameworks -F/Users/maksimkosharny/Library/Developer/Xcode/DerivedData/FootGameScore-flklpgugjzuqjnhfjujkheubgzdj/Build/Products/Debug-iphonesimulator/PackageFrameworks -F/Users/maksimkosharny/Library/Developer/Xcode/DerivedData/FootGameScore-flklpgugjzuqjnhfjujkheubgzdj/Build/Products/Debug-iphonesimulator/PackageFrameworks -F/Users/maksimkosharny/Library/Developer/Xcode/DerivedData/FootGameScore-flklpgugjzuqjnhfjujkheubgzdj/Build/Products/Debug-iphonesimulator -iframework /Applications/Xcode.app/Contents/Developer/Platforms/iPhoneSimulator.platform/Developer/Library/Frameworks -iframework /Applications/Xcode.app/Contents/Developer/Platforms/iPhoneSimulator.platform/Developer/SDKs/iPhoneSimulator26.2.sdk/Developer/Library/Frameworks -filelist /Users/maksimkosharny/Library/Developer/Xcode/DerivedData/FootGameScore-flklpgugjzuqjnhfjujkheubgzdj/Build/Intermediates.noindex/Firebase.build/Debug-iphonesimulator/FirebaseAuth.build/Objects-normal/arm64/FirebaseAuth.LinkFileList -nostdlib -Xlinker -object_path_lto -Xlinker /Users/maksimkosharny/Library/Developer/Xcode/DerivedData/FootGameScore-flklpgugjzuqjnhfjujkheubgzdj/Build/Intermediates.noindex/Firebase.build/Debug-iphonesimulator/FirebaseAuth.build/Objects-normal/arm64/FirebaseAuth_lto.o -rdynamic -Xlinker -no_deduplicate -Xlinker -objc_abi_version -Xlinker 2 -Xlinker -dependency_info -Xlinker /Users/maksimkosharny/Library/Developer/Xcode/DerivedData/FootGameScore-flklpgugjzuqjnhfjujkheubgzdj/Build/Intermediates.noindex/Firebase.build/Debug-iphonesimulator/FirebaseAuth.build/Objects-normal/arm64/FirebaseAuth_dependency_info.dat -fobjc-link-runtime -L/Applications/Xcode.app/Contents/Developer/Toolchains/XcodeDefault.xctoolchain/usr/lib/swift/iphonesimulator -L/usr/lib/swift -Xlinker -add_ast_path -Xlinker /Users/maksimkosharny/Library/Developer/Xcode/DerivedData/FootGameScore-flklpgugjzuqjnhfjujkheubgzdj/Build/Intermediates.noindex/Firebase.build/Debug-iphonesimulator/FirebaseAuth.build/Objects-normal/arm64/FirebaseAuth.swiftmodule @/Users/maksimkosharny/Library/Developer/Xcode/DerivedData/FootGameScore-flklpgugjzuqjnhfjujkheubgzdj/Build/Intermediates.noindex/Firebase.build/Debug-iphonesimulator/FirebaseAuth.build/Objects-normal/arm64/FirebaseAuth-linker-args.resp -o /Users/maksimkosharny/Library/Developer/Xcode/DerivedData/FootGameScore-flklpgugjzuqjnhfjujkheubgzdj/Build/Products/Debug-iphonesimulator/FirebaseAuth.o

ExtractAppIntentsMetadata (in target 'FirebaseAuth' from project 'Firebase')
    cd /Users/maksimkosharny/Library/Developer/Xcode/DerivedData/FootGameScore-flklpgugjzuqjnhfjujkheubgzdj/SourcePackages/checkouts/firebase-ios-sdk
    /Applications/Xcode.app/Contents/Developer/Toolchains/XcodeDefault.xctoolchain/usr/bin/appintentsmetadataprocessor --toolchain-dir /Applications/Xcode.app/Contents/Developer/Toolchains/XcodeDefault.xctoolchain --module-name FirebaseAuth --sdk-root /Applications/Xcode.app/Contents/Developer/Platforms/iPhoneSimulator.platform/Developer/SDKs/iPhoneSimulator26.2.sdk --xcode-version 17C52 --platform-family iOS --deployment-target 15.0 --bundle-identifier firebase-ios-sdk.FirebaseAuth --output /Users/maksimkosharny/Library/Developer/Xcode/DerivedData/FootGameScore-flklpgugjzuqjnhfjujkheubgzdj/Build/Products/Debug-iphonesimulator/FirebaseAuth.appintents --target-triple arm64-apple-ios15.0-simulator --binary-file /Users/maksimkosharny/Library/Developer/Xcode/DerivedData/FootGameScore-flklpgugjzuqjnhfjujkheubgzdj/Build/Products/Debug-iphonesimulator/FirebaseAuth.o --dependency-file /Users/maksimkosharny/Library/Developer/Xcode/DerivedData/FootGameScore-flklpgugjzuqjnhfjujkheubgzdj/Build/Intermediates.noindex/Firebase.build/Debug-iphonesimulator/FirebaseAuth.build/Objects-normal/arm64/FirebaseAuth_dependency_info.dat --stringsdata-file /Users/maksimkosharny/Library/Developer/Xcode/DerivedData/FootGameScore-flklpgugjzuqjnhfjujkheubgzdj/Build/Intermediates.noindex/Firebase.build/Debug-iphonesimulator/FirebaseAuth.build/Objects-normal/arm64/ExtractedAppShortcutsMetadata.stringsdata --source-file-list /Users/maksimkosharny/Library/Developer/Xcode/DerivedData/FootGameScore-flklpgugjzuqjnhfjujkheubgzdj/Build/Intermediates.noindex/Firebase.build/Debug-iphonesimulator/FirebaseAuth.build/Objects-normal/arm64/FirebaseAuth.SwiftFileList --metadata-file-list /Users/maksimkosharny/Library/Developer/Xcode/DerivedData/FootGameScore-flklpgugjzuqjnhfjujkheubgzdj/Build/Intermediates.noindex/Firebase.build/Debug-iphonesimulator/FirebaseAuth.build/FirebaseAuth.DependencyMetadataFileList --static-metadata-file-list /Users/maksimkosharny/Library/Developer/Xcode/DerivedData/FootGameScore-flklpgugjzuqjnhfjujkheubgzdj/Build/Intermediates.noindex/Firebase.build/Debug-iphonesimulator/FirebaseAuth.build/FirebaseAuth.DependencyStaticMetadataFileList --swift-const-vals-list /Users/maksimkosharny/Library/Developer/Xcode/DerivedData/FootGameScore-flklpgugjzuqjnhfjujkheubgzdj/Build/Intermediates.noindex/Firebase.build/Debug-iphonesimulator/FirebaseAuth.build/Objects-normal/arm64/FirebaseAuth.SwiftConstValuesFileList --force --compile-time-extraction --deployment-aware-processing --validate-assistant-intents --no-app-shortcuts-localization
2026-02-11 17:12:31.993 appintentsmetadataprocessor[79944:3884574] Starting appintentsmetadataprocessor export
2026-02-11 17:12:32.119 appintentsmetadataprocessor[79944:3884574] Extracted no relevant App Intents symbols, skipping writing output

Ld /Users/maksimkosharny/Library/Developer/Xcode/DerivedData/FootGameScore-flklpgugjzuqjnhfjujkheubgzdj/Build/Products/Debug-iphonesimulator/FirebaseFirestoreInternalWrapper.o normal (in target 'FirebaseFirestoreInternalWrapper' from project 'Firebase')
    cd /Users/maksimkosharny/Library/Developer/Xcode/DerivedData/FootGameScore-flklpgugjzuqjnhfjujkheubgzdj/SourcePackages/checkouts/firebase-ios-sdk
    /Applications/Xcode.app/Contents/Developer/Toolchains/XcodeDefault.xctoolchain/usr/bin/clang -Xlinker -reproducible -target arm64-apple-ios15.0-simulator -r -isysroot /Applications/Xcode.app/Contents/Developer/Platforms/iPhoneSimulator.platform/Developer/SDKs/iPhoneSimulator26.2.sdk -O0 -w -L/Users/maksimkosharny/Library/Developer/Xcode/DerivedData/FootGameScore-flklpgugjzuqjnhfjujkheubgzdj/Build/Intermediates.noindex/EagerLinkingTBDs/Debug-iphonesimulator -L/Users/maksimkosharny/Library/Developer/Xcode/DerivedData/FootGameScore-flklpgugjzuqjnhfjujkheubgzdj/Build/Products/Debug-iphonesimulator -L/Applications/Xcode.app/Contents/Developer/Platforms/iPhoneSimulator.platform/Developer/usr/lib -F/Users/maksimkosharny/Library/Developer/Xcode/DerivedData/FootGameScore-flklpgugjzuqjnhfjujkheubgzdj/Build/Intermediates.noindex/EagerLinkingTBDs/Debug-iphonesimulator -F/Users/maksimkosharny/Library/Developer/Xcode/DerivedData/FootGameScore-flklpgugjzuqjnhfjujkheubgzdj/Build/Products/Debug-iphonesimulator -iframework /Applications/Xcode.app/Contents/Developer/Platforms/iPhoneSimulator.platform/Developer/Library/Frameworks -iframework /Applications/Xcode.app/Contents/Developer/Platforms/iPhoneSimulator.platform/Developer/SDKs/iPhoneSimulator26.2.sdk/Developer/Library/Frameworks -filelist /Users/maksimkosharny/Library/Developer/Xcode/DerivedData/FootGameScore-flklpgugjzuqjnhfjujkheubgzdj/Build/Intermediates.noindex/Firebase.build/Debug-iphonesimulator/FirebaseFirestoreInternalWrapper.build/Objects-normal/arm64/FirebaseFirestoreInternalWrapper.LinkFileList -nostdlib -Xlinker -object_path_lto -Xlinker /Users/maksimkosharny/Library/Developer/Xcode/DerivedData/FootGameScore-flklpgugjzuqjnhfjujkheubgzdj/Build/Intermediates.noindex/Firebase.build/Debug-iphonesimulator/FirebaseFirestoreInternalWrapper.build/Objects-normal/arm64/FirebaseFirestoreInternalWrapper_lto.o -rdynamic -Xlinker -no_deduplicate -Xlinker -objc_abi_version -Xlinker 2 -Xlinker -dependency_info -Xlinker /Users/maksimkosharny/Library/Developer/Xcode/DerivedData/FootGameScore-flklpgugjzuqjnhfjujkheubgzdj/Build/Intermediates.noindex/Firebase.build/Debug-iphonesimulator/FirebaseFirestoreInternalWrapper.build/Objects-normal/arm64/FirebaseFirestoreInternalWrapper_dependency_info.dat -fobjc-arc -fobjc-link-runtime -o /Users/maksimkosharny/Library/Developer/Xcode/DerivedData/FootGameScore-flklpgugjzuqjnhfjujkheubgzdj/Build/Products/Debug-iphonesimulator/FirebaseFirestoreInternalWrapper.o

Ld /Users/maksimkosharny/Library/Developer/Xcode/DerivedData/FootGameScore-flklpgugjzuqjnhfjujkheubgzdj/Build/Products/Debug-iphonesimulator/FirebaseSharedSwift.o normal (in target 'FirebaseSharedSwift' from project 'Firebase')
    cd /Users/maksimkosharny/Library/Developer/Xcode/DerivedData/FootGameScore-flklpgugjzuqjnhfjujkheubgzdj/SourcePackages/checkouts/firebase-ios-sdk
    /Applications/Xcode.app/Contents/Developer/Toolchains/XcodeDefault.xctoolchain/usr/bin/clang -Xlinker -reproducible -target arm64-apple-ios15.0-simulator -r -isysroot /Applications/Xcode.app/Contents/Developer/Platforms/iPhoneSimulator.platform/Developer/SDKs/iPhoneSimulator26.2.sdk -O0 -w -L/Users/maksimkosharny/Library/Developer/Xcode/DerivedData/FootGameScore-flklpgugjzuqjnhfjujkheubgzdj/Build/Intermediates.noindex/EagerLinkingTBDs/Debug-iphonesimulator -L/Users/maksimkosharny/Library/Developer/Xcode/DerivedData/FootGameScore-flklpgugjzuqjnhfjujkheubgzdj/Build/Products/Debug-iphonesimulator -L/Applications/Xcode.app/Contents/Developer/Platforms/iPhoneSimulator.platform/Developer/usr/lib -F/Users/maksimkosharny/Library/Developer/Xcode/DerivedData/FootGameScore-flklpgugjzuqjnhfjujkheubgzdj/Build/Intermediates.noindex/EagerLinkingTBDs/Debug-iphonesimulator -F/Users/maksimkosharny/Library/Developer/Xcode/DerivedData/FootGameScore-flklpgugjzuqjnhfjujkheubgzdj/Build/Products/Debug-iphonesimulator -iframework /Applications/Xcode.app/Contents/Developer/Platforms/iPhoneSimulator.platform/Developer/Library/Frameworks -iframework /Applications/Xcode.app/Contents/Developer/Platforms/iPhoneSimulator.platform/Developer/SDKs/iPhoneSimulator26.2.sdk/Developer/Library/Frameworks -filelist /Users/maksimkosharny/Library/Developer/Xcode/DerivedData/FootGameScore-flklpgugjzuqjnhfjujkheubgzdj/Build/Intermediates.noindex/Firebase.build/Debug-iphonesimulator/FirebaseSharedSwift.build/Objects-normal/arm64/FirebaseSharedSwift.LinkFileList -nostdlib -Xlinker -object_path_lto -Xlinker /Users/maksimkosharny/Library/Developer/Xcode/DerivedData/FootGameScore-flklpgugjzuqjnhfjujkheubgzdj/Build/Intermediates.noindex/Firebase.build/Debug-iphonesimulator/FirebaseSharedSwift.build/Objects-normal/arm64/FirebaseSharedSwift_lto.o -rdynamic -Xlinker -no_deduplicate -Xlinker -objc_abi_version -Xlinker 2 -Xlinker -dependency_info -Xlinker /Users/maksimkosharny/Library/Developer/Xcode/DerivedData/FootGameScore-flklpgugjzuqjnhfjujkheubgzdj/Build/Intermediates.noindex/Firebase.build/Debug-iphonesimulator/FirebaseSharedSwift.build/Objects-normal/arm64/FirebaseSharedSwift_dependency_info.dat -fobjc-link-runtime -L/Applications/Xcode.app/Contents/Developer/Toolchains/XcodeDefault.xctoolchain/usr/lib/swift/iphonesimulator -L/usr/lib/swift -Xlinker -add_ast_path -Xlinker /Users/maksimkosharny/Library/Developer/Xcode/DerivedData/FootGameScore-flklpgugjzuqjnhfjujkheubgzdj/Build/Intermediates.noindex/Firebase.build/Debug-iphonesimulator/FirebaseSharedSwift.build/Objects-normal/arm64/FirebaseSharedSwift.swiftmodule @/Users/maksimkosharny/Library/Developer/Xcode/DerivedData/FootGameScore-flklpgugjzuqjnhfjujkheubgzdj/Build/Intermediates.noindex/Firebase.build/Debug-iphonesimulator/FirebaseSharedSwift.build/Objects-normal/arm64/FirebaseSharedSwift-linker-args.resp -o /Users/maksimkosharny/Library/Developer/Xcode/DerivedData/FootGameScore-flklpgugjzuqjnhfjujkheubgzdj/Build/Products/Debug-iphonesimulator/FirebaseSharedSwift.o

ProcessInfoPlistFile /Users/maksimkosharny/Library/Developer/Xcode/DerivedData/FootGameScore-flklpgugjzuqjnhfjujkheubgzdj/Build/Products/Debug-iphonesimulator/nanopb_nanopb.bundle/Info.plist /Users/maksimkosharny/Library/Developer/Xcode/DerivedData/FootGameScore-flklpgugjzuqjnhfjujkheubgzdj/Build/Intermediates.noindex/nanopb.build/Debug-iphonesimulator/nanopb_nanopb.build/empty-nanopb_nanopb.plist (in target 'nanopb_nanopb' from project 'nanopb')
    cd /Users/maksimkosharny/Library/Developer/Xcode/DerivedData/FootGameScore-flklpgugjzuqjnhfjujkheubgzdj/SourcePackages/checkouts/nanopb
    builtin-infoPlistUtility /Users/maksimkosharny/Library/Developer/Xcode/DerivedData/FootGameScore-flklpgugjzuqjnhfjujkheubgzdj/Build/Intermediates.noindex/nanopb.build/Debug-iphonesimulator/nanopb_nanopb.build/empty-nanopb_nanopb.plist -producttype com.apple.product-type.bundle -expandbuildsettings -format binary -platform iphonesimulator -o /Users/maksimkosharny/Library/Developer/Xcode/DerivedData/FootGameScore-flklpgugjzuqjnhfjujkheubgzdj/Build/Products/Debug-iphonesimulator/nanopb_nanopb.bundle/Info.plist

ProcessInfoPlistFile /Users/maksimkosharny/Library/Developer/Xcode/DerivedData/FootGameScore-flklpgugjzuqjnhfjujkheubgzdj/Build/Products/Debug-iphonesimulator/leveldb_leveldb.bundle/Info.plist /Users/maksimkosharny/Library/Developer/Xcode/DerivedData/FootGameScore-flklpgugjzuqjnhfjujkheubgzdj/Build/Intermediates.noindex/leveldb.build/Debug-iphonesimulator/leveldb_leveldb.build/empty-leveldb_leveldb.plist (in target 'leveldb_leveldb' from project 'leveldb')
    cd /Users/maksimkosharny/Library/Developer/Xcode/DerivedData/FootGameScore-flklpgugjzuqjnhfjujkheubgzdj/SourcePackages/checkouts/leveldb
    builtin-infoPlistUtility /Users/maksimkosharny/Library/Developer/Xcode/DerivedData/FootGameScore-flklpgugjzuqjnhfjujkheubgzdj/Build/Intermediates.noindex/leveldb.build/Debug-iphonesimulator/leveldb_leveldb.build/empty-leveldb_leveldb.plist -producttype com.apple.product-type.bundle -expandbuildsettings -format binary -platform iphonesimulator -o /Users/maksimkosharny/Library/Developer/Xcode/DerivedData/FootGameScore-flklpgugjzuqjnhfjujkheubgzdj/Build/Products/Debug-iphonesimulator/leveldb_leveldb.bundle/Info.plist

ProcessInfoPlistFile /Users/maksimkosharny/Library/Developer/Xcode/DerivedData/FootGameScore-flklpgugjzuqjnhfjujkheubgzdj/Build/Products/Debug-iphonesimulator/gRPC_grpcppWrapper.bundle/Info.plist /Users/maksimkosharny/Library/Developer/Xcode/DerivedData/FootGameScore-flklpgugjzuqjnhfjujkheubgzdj/Build/Intermediates.noindex/gRPC.build/Debug-iphonesimulator/gRPC_grpcppWrapper.build/empty-gRPC_grpcppWrapper.plist (in target 'gRPC_grpcppWrapper' from project 'gRPC')
    cd /Users/maksimkosharny/Library/Developer/Xcode/DerivedData/FootGameScore-flklpgugjzuqjnhfjujkheubgzdj/SourcePackages/checkouts/grpc-binary
    builtin-infoPlistUtility /Users/maksimkosharny/Library/Developer/Xcode/DerivedData/FootGameScore-flklpgugjzuqjnhfjujkheubgzdj/Build/Intermediates.noindex/gRPC.build/Debug-iphonesimulator/gRPC_grpcppWrapper.build/empty-gRPC_grpcppWrapper.plist -producttype com.apple.product-type.bundle -expandbuildsettings -format binary -platform iphonesimulator -o /Users/maksimkosharny/Library/Developer/Xcode/DerivedData/FootGameScore-flklpgugjzuqjnhfjujkheubgzdj/Build/Products/Debug-iphonesimulator/gRPC_grpcppWrapper.bundle/Info.plist

ProcessInfoPlistFile /Users/maksimkosharny/Library/Developer/Xcode/DerivedData/FootGameScore-flklpgugjzuqjnhfjujkheubgzdj/Build/Products/Debug-iphonesimulator/gRPC_opensslWrapper.bundle/Info.plist /Users/maksimkosharny/Library/Developer/Xcode/DerivedData/FootGameScore-flklpgugjzuqjnhfjujkheubgzdj/Build/Intermediates.noindex/gRPC.build/Debug-iphonesimulator/gRPC_opensslWrapper.build/empty-gRPC_opensslWrapper.plist (in target 'gRPC_opensslWrapper' from project 'gRPC')
    cd /Users/maksimkosharny/Library/Developer/Xcode/DerivedData/FootGameScore-flklpgugjzuqjnhfjujkheubgzdj/SourcePackages/checkouts/grpc-binary
    builtin-infoPlistUtility /Users/maksimkosharny/Library/Developer/Xcode/DerivedData/FootGameScore-flklpgugjzuqjnhfjujkheubgzdj/Build/Intermediates.noindex/gRPC.build/Debug-iphonesimulator/gRPC_opensslWrapper.build/empty-gRPC_opensslWrapper.plist -producttype com.apple.product-type.bundle -expandbuildsettings -format binary -platform iphonesimulator -o /Users/maksimkosharny/Library/Developer/Xcode/DerivedData/FootGameScore-flklpgugjzuqjnhfjujkheubgzdj/Build/Products/Debug-iphonesimulator/gRPC_opensslWrapper.bundle/Info.plist

ProcessInfoPlistFile /Users/maksimkosharny/Library/Developer/Xcode/DerivedData/FootGameScore-flklpgugjzuqjnhfjujkheubgzdj/Build/Products/Debug-iphonesimulator/gRPC_grpcWrapper.bundle/Info.plist /Users/maksimkosharny/Library/Developer/Xcode/DerivedData/FootGameScore-flklpgugjzuqjnhfjujkheubgzdj/Build/Intermediates.noindex/gRPC.build/Debug-iphonesimulator/gRPC_grpcWrapper.build/empty-gRPC_grpcWrapper.plist (in target 'gRPC_grpcWrapper' from project 'gRPC')
    cd /Users/maksimkosharny/Library/Developer/Xcode/DerivedData/FootGameScore-flklpgugjzuqjnhfjujkheubgzdj/SourcePackages/checkouts/grpc-binary
    builtin-infoPlistUtility /Users/maksimkosharny/Library/Developer/Xcode/DerivedData/FootGameScore-flklpgugjzuqjnhfjujkheubgzdj/Build/Intermediates.noindex/gRPC.build/Debug-iphonesimulator/gRPC_grpcWrapper.build/empty-gRPC_grpcWrapper.plist -producttype com.apple.product-type.bundle -expandbuildsettings -format binary -platform iphonesimulator -o /Users/maksimkosharny/Library/Developer/Xcode/DerivedData/FootGameScore-flklpgugjzuqjnhfjujkheubgzdj/Build/Products/Debug-iphonesimulator/gRPC_grpcWrapper.bundle/Info.plist

ProcessInfoPlistFile /Users/maksimkosharny/Library/Developer/Xcode/DerivedData/FootGameScore-flklpgugjzuqjnhfjujkheubgzdj/Build/Products/Debug-iphonesimulator/abseil_abslWrapper.bundle/Info.plist /Users/maksimkosharny/Library/Developer/Xcode/DerivedData/FootGameScore-flklpgugjzuqjnhfjujkheubgzdj/Build/Intermediates.noindex/abseil.build/Debug-iphonesimulator/abseil_abslWrapper.build/empty-abseil_abslWrapper.plist (in target 'abseil_abslWrapper' from project 'abseil')
    cd /Users/maksimkosharny/Library/Developer/Xcode/DerivedData/FootGameScore-flklpgugjzuqjnhfjujkheubgzdj/SourcePackages/checkouts/abseil-cpp-binary
    builtin-infoPlistUtility /Users/maksimkosharny/Library/Developer/Xcode/DerivedData/FootGameScore-flklpgugjzuqjnhfjujkheubgzdj/Build/Intermediates.noindex/abseil.build/Debug-iphonesimulator/abseil_abslWrapper.build/empty-abseil_abslWrapper.plist -producttype com.apple.product-type.bundle -expandbuildsettings -format binary -platform iphonesimulator -o /Users/maksimkosharny/Library/Developer/Xcode/DerivedData/FootGameScore-flklpgugjzuqjnhfjujkheubgzdj/Build/Products/Debug-iphonesimulator/abseil_abslWrapper.bundle/Info.plist

ProcessInfoPlistFile /Users/maksimkosharny/Library/Developer/Xcode/DerivedData/FootGameScore-flklpgugjzuqjnhfjujkheubgzdj/Build/Products/Debug-iphonesimulator/Promises_FBLPromises.bundle/Info.plist /Users/maksimkosharny/Library/Developer/Xcode/DerivedData/FootGameScore-flklpgugjzuqjnhfjujkheubgzdj/Build/Intermediates.noindex/Promises.build/Debug-iphonesimulator/Promises_FBLPromises.build/empty-Promises_FBLPromises.plist (in target 'Promises_FBLPromises' from project 'Promises')
    cd /Users/maksimkosharny/Library/Developer/Xcode/DerivedData/FootGameScore-flklpgugjzuqjnhfjujkheubgzdj/SourcePackages/checkouts/promises
    builtin-infoPlistUtility /Users/maksimkosharny/Library/Developer/Xcode/DerivedData/FootGameScore-flklpgugjzuqjnhfjujkheubgzdj/Build/Intermediates.noindex/Promises.build/Debug-iphonesimulator/Promises_FBLPromises.build/empty-Promises_FBLPromises.plist -producttype com.apple.product-type.bundle -expandbuildsettings -format binary -platform iphonesimulator -o /Users/maksimkosharny/Library/Developer/Xcode/DerivedData/FootGameScore-flklpgugjzuqjnhfjujkheubgzdj/Build/Products/Debug-iphonesimulator/Promises_FBLPromises.bundle/Info.plist

ProcessInfoPlistFile /Users/maksimkosharny/Library/Developer/Xcode/DerivedData/FootGameScore-flklpgugjzuqjnhfjujkheubgzdj/Build/Products/Debug-iphonesimulator/GoogleUtilities_GoogleUtilities-UserDefaults.bundle/Info.plist /Users/maksimkosharny/Library/Developer/Xcode/DerivedData/FootGameScore-flklpgugjzuqjnhfjujkheubgzdj/Build/Intermediates.noindex/GoogleUtilities.build/Debug-iphonesimulator/GoogleUtilities_GoogleUtilities-UserDefaults.build/empty-GoogleUtilities_GoogleUtilities-UserDefaults.plist (in target 'GoogleUtilities_GoogleUtilities-UserDefaults' from project 'GoogleUtilities')
    cd /Users/maksimkosharny/Library/Developer/Xcode/DerivedData/FootGameScore-flklpgugjzuqjnhfjujkheubgzdj/SourcePackages/checkouts/GoogleUtilities
    builtin-infoPlistUtility /Users/maksimkosharny/Library/Developer/Xcode/DerivedData/FootGameScore-flklpgugjzuqjnhfjujkheubgzdj/Build/Intermediates.noindex/GoogleUtilities.build/Debug-iphonesimulator/GoogleUtilities_GoogleUtilities-UserDefaults.build/empty-GoogleUtilities_GoogleUtilities-UserDefaults.plist -producttype com.apple.product-type.bundle -expandbuildsettings -format binary -platform iphonesimulator -o /Users/maksimkosharny/Library/Developer/Xcode/DerivedData/FootGameScore-flklpgugjzuqjnhfjujkheubgzdj/Build/Products/Debug-iphonesimulator/GoogleUtilities_GoogleUtilities-UserDefaults.bundle/Info.plist

ProcessInfoPlistFile /Users/maksimkosharny/Library/Developer/Xcode/DerivedData/FootGameScore-flklpgugjzuqjnhfjujkheubgzdj/Build/Products/Debug-iphonesimulator/GoogleUtilities_GoogleUtilities-MethodSwizzler.bundle/Info.plist /Users/maksimkosharny/Library/Developer/Xcode/DerivedData/FootGameScore-flklpgugjzuqjnhfjujkheubgzdj/Build/Intermediates.noindex/GoogleUtilities.build/Debug-iphonesimulator/GoogleUtilities_GoogleUtilities-MethodSwizzler.build/empty-GoogleUtilities_GoogleUtilities-MethodSwizzler.plist (in target 'GoogleUtilities_GoogleUtilities-MethodSwizzler' from project 'GoogleUtilities')
    cd /Users/maksimkosharny/Library/Developer/Xcode/DerivedData/FootGameScore-flklpgugjzuqjnhfjujkheubgzdj/SourcePackages/checkouts/GoogleUtilities
    builtin-infoPlistUtility /Users/maksimkosharny/Library/Developer/Xcode/DerivedData/FootGameScore-flklpgugjzuqjnhfjujkheubgzdj/Build/Intermediates.noindex/GoogleUtilities.build/Debug-iphonesimulator/GoogleUtilities_GoogleUtilities-MethodSwizzler.build/empty-GoogleUtilities_GoogleUtilities-MethodSwizzler.plist -producttype com.apple.product-type.bundle -expandbuildsettings -format binary -platform iphonesimulator -o /Users/maksimkosharny/Library/Developer/Xcode/DerivedData/FootGameScore-flklpgugjzuqjnhfjujkheubgzdj/Build/Products/Debug-iphonesimulator/GoogleUtilities_GoogleUtilities-MethodSwizzler.bundle/Info.plist

ProcessInfoPlistFile /Users/maksimkosharny/Library/Developer/Xcode/DerivedData/FootGameScore-flklpgugjzuqjnhfjujkheubgzdj/Build/Products/Debug-iphonesimulator/GoogleDataTransport_GoogleDataTransport.bundle/Info.plist /Users/maksimkosharny/Library/Developer/Xcode/DerivedData/FootGameScore-flklpgugjzuqjnhfjujkheubgzdj/Build/Intermediates.noindex/GoogleDataTransport.build/Debug-iphonesimulator/GoogleDataTransport_GoogleDataTransport.build/empty-GoogleDataTransport_GoogleDataTransport.plist (in target 'GoogleDataTransport_GoogleDataTransport' from project 'GoogleDataTransport')
    cd /Users/maksimkosharny/Library/Developer/Xcode/DerivedData/FootGameScore-flklpgugjzuqjnhfjujkheubgzdj/SourcePackages/checkouts/GoogleDataTransport
    builtin-infoPlistUtility /Users/maksimkosharny/Library/Developer/Xcode/DerivedData/FootGameScore-flklpgugjzuqjnhfjujkheubgzdj/Build/Intermediates.noindex/GoogleDataTransport.build/Debug-iphonesimulator/GoogleDataTransport_GoogleDataTransport.build/empty-GoogleDataTransport_GoogleDataTransport.plist -producttype com.apple.product-type.bundle -expandbuildsettings -format binary -platform iphonesimulator -o /Users/maksimkosharny/Library/Developer/Xcode/DerivedData/FootGameScore-flklpgugjzuqjnhfjujkheubgzdj/Build/Products/Debug-iphonesimulator/GoogleDataTransport_GoogleDataTransport.bundle/Info.plist

Ld /Users/maksimkosharny/Library/Developer/Xcode/DerivedData/FootGameScore-flklpgugjzuqjnhfjujkheubgzdj/Build/Products/Debug-iphonesimulator/opensslWrapper.o normal (in target 'opensslWrapper' from project 'gRPC')
    cd /Users/maksimkosharny/Library/Developer/Xcode/DerivedData/FootGameScore-flklpgugjzuqjnhfjujkheubgzdj/SourcePackages/checkouts/grpc-binary
    /Applications/Xcode.app/Contents/Developer/Toolchains/XcodeDefault.xctoolchain/usr/bin/clang -Xlinker -reproducible -target arm64-apple-ios12.0-simulator -r -isysroot /Applications/Xcode.app/Contents/Developer/Platforms/iPhoneSimulator.platform/Developer/SDKs/iPhoneSimulator26.2.sdk -O0 -w -L/Users/maksimkosharny/Library/Developer/Xcode/DerivedData/FootGameScore-flklpgugjzuqjnhfjujkheubgzdj/Build/Intermediates.noindex/EagerLinkingTBDs/Debug-iphonesimulator -L/Users/maksimkosharny/Library/Developer/Xcode/DerivedData/FootGameScore-flklpgugjzuqjnhfjujkheubgzdj/Build/Products/Debug-iphonesimulator -L/Applications/Xcode.app/Contents/Developer/Platforms/iPhoneSimulator.platform/Developer/usr/lib -F/Users/maksimkosharny/Library/Developer/Xcode/DerivedData/FootGameScore-flklpgugjzuqjnhfjujkheubgzdj/Build/Intermediates.noindex/EagerLinkingTBDs/Debug-iphonesimulator -F/Users/maksimkosharny/Library/Developer/Xcode/DerivedData/FootGameScore-flklpgugjzuqjnhfjujkheubgzdj/Build/Products/Debug-iphonesimulator -iframework /Applications/Xcode.app/Contents/Developer/Platforms/iPhoneSimulator.platform/Developer/Library/Frameworks -iframework /Applications/Xcode.app/Contents/Developer/Platforms/iPhoneSimulator.platform/Developer/SDKs/iPhoneSimulator26.2.sdk/Developer/Library/Frameworks -filelist /Users/maksimkosharny/Library/Developer/Xcode/DerivedData/FootGameScore-flklpgugjzuqjnhfjujkheubgzdj/Build/Intermediates.noindex/gRPC.build/Debug-iphonesimulator/opensslWrapper.build/Objects-normal/arm64/opensslWrapper.LinkFileList -nostdlib -Xlinker -object_path_lto -Xlinker /Users/maksimkosharny/Library/Developer/Xcode/DerivedData/FootGameScore-flklpgugjzuqjnhfjujkheubgzdj/Build/Intermediates.noindex/gRPC.build/Debug-iphonesimulator/opensslWrapper.build/Objects-normal/arm64/opensslWrapper_lto.o -rdynamic -Xlinker -no_deduplicate -Xlinker -objc_abi_version -Xlinker 2 -Xlinker -dependency_info -Xlinker /Users/maksimkosharny/Library/Developer/Xcode/DerivedData/FootGameScore-flklpgugjzuqjnhfjujkheubgzdj/Build/Intermediates.noindex/gRPC.build/Debug-iphonesimulator/opensslWrapper.build/Objects-normal/arm64/opensslWrapper_dependency_info.dat -fobjc-arc -fobjc-link-runtime -o /Users/maksimkosharny/Library/Developer/Xcode/DerivedData/FootGameScore-flklpgugjzuqjnhfjujkheubgzdj/Build/Products/Debug-iphonesimulator/opensslWrapper.o

Ld /Users/maksimkosharny/Library/Developer/Xcode/DerivedData/FootGameScore-flklpgugjzuqjnhfjujkheubgzdj/Build/Products/Debug-iphonesimulator/leveldb.o normal (in target 'leveldb' from project 'leveldb')
    cd /Users/maksimkosharny/Library/Developer/Xcode/DerivedData/FootGameScore-flklpgugjzuqjnhfjujkheubgzdj/SourcePackages/checkouts/leveldb
    /Applications/Xcode.app/Contents/Developer/Toolchains/XcodeDefault.xctoolchain/usr/bin/clang++ -Xlinker -reproducible -target arm64-apple-ios12.0-simulator -r -isysroot /Applications/Xcode.app/Contents/Developer/Platforms/iPhoneSimulator.platform/Developer/SDKs/iPhoneSimulator26.2.sdk -O0 -w -L/Users/maksimkosharny/Library/Developer/Xcode/DerivedData/FootGameScore-flklpgugjzuqjnhfjujkheubgzdj/Build/Intermediates.noindex/EagerLinkingTBDs/Debug-iphonesimulator -L/Users/maksimkosharny/Library/Developer/Xcode/DerivedData/FootGameScore-flklpgugjzuqjnhfjujkheubgzdj/Build/Products/Debug-iphonesimulator -L/Applications/Xcode.app/Contents/Developer/Platforms/iPhoneSimulator.platform/Developer/usr/lib -F/Users/maksimkosharny/Library/Developer/Xcode/DerivedData/FootGameScore-flklpgugjzuqjnhfjujkheubgzdj/Build/Intermediates.noindex/EagerLinkingTBDs/Debug-iphonesimulator -F/Users/maksimkosharny/Library/Developer/Xcode/DerivedData/FootGameScore-flklpgugjzuqjnhfjujkheubgzdj/Build/Products/Debug-iphonesimulator -iframework /Applications/Xcode.app/Contents/Developer/Platforms/iPhoneSimulator.platform/Developer/Library/Frameworks -iframework /Applications/Xcode.app/Contents/Developer/Platforms/iPhoneSimulator.platform/Developer/SDKs/iPhoneSimulator26.2.sdk/Developer/Library/Frameworks -filelist /Users/maksimkosharny/Library/Developer/Xcode/DerivedData/FootGameScore-flklpgugjzuqjnhfjujkheubgzdj/Build/Intermediates.noindex/leveldb.build/Debug-iphonesimulator/leveldb.build/Objects-normal/arm64/leveldb.LinkFileList -nostdlib -Xlinker -object_path_lto -Xlinker /Users/maksimkosharny/Library/Developer/Xcode/DerivedData/FootGameScore-flklpgugjzuqjnhfjujkheubgzdj/Build/Intermediates.noindex/leveldb.build/Debug-iphonesimulator/leveldb.build/Objects-normal/arm64/leveldb_lto.o -rdynamic -Xlinker -no_deduplicate -Xlinker -objc_abi_version -Xlinker 2 -Xlinker -dependency_info -Xlinker /Users/maksimkosharny/Library/Developer/Xcode/DerivedData/FootGameScore-flklpgugjzuqjnhfjujkheubgzdj/Build/Intermediates.noindex/leveldb.build/Debug-iphonesimulator/leveldb.build/Objects-normal/arm64/leveldb_dependency_info.dat -fobjc-arc -fobjc-link-runtime -o /Users/maksimkosharny/Library/Developer/Xcode/DerivedData/FootGameScore-flklpgugjzuqjnhfjujkheubgzdj/Build/Products/Debug-iphonesimulator/leveldb.o

Ld /Users/maksimkosharny/Library/Developer/Xcode/DerivedData/FootGameScore-flklpgugjzuqjnhfjujkheubgzdj/Build/Products/Debug-iphonesimulator/nanopb.o normal (in target 'nanopb' from project 'nanopb')
    cd /Users/maksimkosharny/Library/Developer/Xcode/DerivedData/FootGameScore-flklpgugjzuqjnhfjujkheubgzdj/SourcePackages/checkouts/nanopb
    /Applications/Xcode.app/Contents/Developer/Toolchains/XcodeDefault.xctoolchain/usr/bin/clang -Xlinker -reproducible -target arm64-apple-ios12.0-simulator -r -isysroot /Applications/Xcode.app/Contents/Developer/Platforms/iPhoneSimulator.platform/Developer/SDKs/iPhoneSimulator26.2.sdk -O0 -w -L/Users/maksimkosharny/Library/Developer/Xcode/DerivedData/FootGameScore-flklpgugjzuqjnhfjujkheubgzdj/Build/Intermediates.noindex/EagerLinkingTBDs/Debug-iphonesimulator -L/Users/maksimkosharny/Library/Developer/Xcode/DerivedData/FootGameScore-flklpgugjzuqjnhfjujkheubgzdj/Build/Products/Debug-iphonesimulator -L/Applications/Xcode.app/Contents/Developer/Platforms/iPhoneSimulator.platform/Developer/usr/lib -F/Users/maksimkosharny/Library/Developer/Xcode/DerivedData/FootGameScore-flklpgugjzuqjnhfjujkheubgzdj/Build/Intermediates.noindex/EagerLinkingTBDs/Debug-iphonesimulator -F/Users/maksimkosharny/Library/Developer/Xcode/DerivedData/FootGameScore-flklpgugjzuqjnhfjujkheubgzdj/Build/Products/Debug-iphonesimulator -iframework /Applications/Xcode.app/Contents/Developer/Platforms/iPhoneSimulator.platform/Developer/Library/Frameworks -iframework /Applications/Xcode.app/Contents/Developer/Platforms/iPhoneSimulator.platform/Developer/SDKs/iPhoneSimulator26.2.sdk/Developer/Library/Frameworks -filelist /Users/maksimkosharny/Library/Developer/Xcode/DerivedData/FootGameScore-flklpgugjzuqjnhfjujkheubgzdj/Build/Intermediates.noindex/nanopb.build/Debug-iphonesimulator/nanopb.build/Objects-normal/arm64/nanopb.LinkFileList -nostdlib -Xlinker -object_path_lto -Xlinker /Users/maksimkosharny/Library/Developer/Xcode/DerivedData/FootGameScore-flklpgugjzuqjnhfjujkheubgzdj/Build/Intermediates.noindex/nanopb.build/Debug-iphonesimulator/nanopb.build/Objects-normal/arm64/nanopb_lto.o -rdynamic -Xlinker -no_deduplicate -Xlinker -objc_abi_version -Xlinker 2 -Xlinker -dependency_info -Xlinker /Users/maksimkosharny/Library/Developer/Xcode/DerivedData/FootGameScore-flklpgugjzuqjnhfjujkheubgzdj/Build/Intermediates.noindex/nanopb.build/Debug-iphonesimulator/nanopb.build/Objects-normal/arm64/nanopb_dependency_info.dat -fobjc-arc -fobjc-link-runtime -o /Users/maksimkosharny/Library/Developer/Xcode/DerivedData/FootGameScore-flklpgugjzuqjnhfjujkheubgzdj/Build/Products/Debug-iphonesimulator/nanopb.o

Ld /Users/maksimkosharny/Library/Developer/Xcode/DerivedData/FootGameScore-flklpgugjzuqjnhfjujkheubgzdj/Build/Products/Debug-iphonesimulator/grpcWrapper.o normal (in target 'grpcWrapper' from project 'gRPC')
    cd /Users/maksimkosharny/Library/Developer/Xcode/DerivedData/FootGameScore-flklpgugjzuqjnhfjujkheubgzdj/SourcePackages/checkouts/grpc-binary
    /Applications/Xcode.app/Contents/Developer/Toolchains/XcodeDefault.xctoolchain/usr/bin/clang -Xlinker -reproducible -target arm64-apple-ios12.0-simulator -r -isysroot /Applications/Xcode.app/Contents/Developer/Platforms/iPhoneSimulator.platform/Developer/SDKs/iPhoneSimulator26.2.sdk -O0 -w -L/Users/maksimkosharny/Library/Developer/Xcode/DerivedData/FootGameScore-flklpgugjzuqjnhfjujkheubgzdj/Build/Intermediates.noindex/EagerLinkingTBDs/Debug-iphonesimulator -L/Users/maksimkosharny/Library/Developer/Xcode/DerivedData/FootGameScore-flklpgugjzuqjnhfjujkheubgzdj/Build/Products/Debug-iphonesimulator -L/Applications/Xcode.app/Contents/Developer/Platforms/iPhoneSimulator.platform/Developer/usr/lib -F/Users/maksimkosharny/Library/Developer/Xcode/DerivedData/FootGameScore-flklpgugjzuqjnhfjujkheubgzdj/Build/Intermediates.noindex/EagerLinkingTBDs/Debug-iphonesimulator -F/Users/maksimkosharny/Library/Developer/Xcode/DerivedData/FootGameScore-flklpgugjzuqjnhfjujkheubgzdj/Build/Products/Debug-iphonesimulator -iframework /Applications/Xcode.app/Contents/Developer/Platforms/iPhoneSimulator.platform/Developer/Library/Frameworks -iframework /Applications/Xcode.app/Contents/Developer/Platforms/iPhoneSimulator.platform/Developer/SDKs/iPhoneSimulator26.2.sdk/Developer/Library/Frameworks -filelist /Users/maksimkosharny/Library/Developer/Xcode/DerivedData/FootGameScore-flklpgugjzuqjnhfjujkheubgzdj/Build/Intermediates.noindex/gRPC.build/Debug-iphonesimulator/grpcWrapper.build/Objects-normal/arm64/grpcWrapper.LinkFileList -nostdlib -Xlinker -object_path_lto -Xlinker /Users/maksimkosharny/Library/Developer/Xcode/DerivedData/FootGameScore-flklpgugjzuqjnhfjujkheubgzdj/Build/Intermediates.noindex/gRPC.build/Debug-iphonesimulator/grpcWrapper.build/Objects-normal/arm64/grpcWrapper_lto.o -rdynamic -Xlinker -no_deduplicate -Xlinker -objc_abi_version -Xlinker 2 -Xlinker -dependency_info -Xlinker /Users/maksimkosharny/Library/Developer/Xcode/DerivedData/FootGameScore-flklpgugjzuqjnhfjujkheubgzdj/Build/Intermediates.noindex/gRPC.build/Debug-iphonesimulator/grpcWrapper.build/Objects-normal/arm64/grpcWrapper_dependency_info.dat -fobjc-arc -fobjc-link-runtime -o /Users/maksimkosharny/Library/Developer/Xcode/DerivedData/FootGameScore-flklpgugjzuqjnhfjujkheubgzdj/Build/Products/Debug-iphonesimulator/grpcWrapper.o

Ld /Users/maksimkosharny/Library/Developer/Xcode/DerivedData/FootGameScore-flklpgugjzuqjnhfjujkheubgzdj/Build/Products/Debug-iphonesimulator/abslWrapper.o normal (in target 'abslWrapper' from project 'abseil')
    cd /Users/maksimkosharny/Library/Developer/Xcode/DerivedData/FootGameScore-flklpgugjzuqjnhfjujkheubgzdj/SourcePackages/checkouts/abseil-cpp-binary
    /Applications/Xcode.app/Contents/Developer/Toolchains/XcodeDefault.xctoolchain/usr/bin/clang -Xlinker -reproducible -target arm64-apple-ios12.0-simulator -r -isysroot /Applications/Xcode.app/Contents/Developer/Platforms/iPhoneSimulator.platform/Developer/SDKs/iPhoneSimulator26.2.sdk -O0 -w -L/Users/maksimkosharny/Library/Developer/Xcode/DerivedData/FootGameScore-flklpgugjzuqjnhfjujkheubgzdj/Build/Intermediates.noindex/EagerLinkingTBDs/Debug-iphonesimulator -L/Users/maksimkosharny/Library/Developer/Xcode/DerivedData/FootGameScore-flklpgugjzuqjnhfjujkheubgzdj/Build/Products/Debug-iphonesimulator -L/Applications/Xcode.app/Contents/Developer/Platforms/iPhoneSimulator.platform/Developer/usr/lib -F/Users/maksimkosharny/Library/Developer/Xcode/DerivedData/FootGameScore-flklpgugjzuqjnhfjujkheubgzdj/Build/Intermediates.noindex/EagerLinkingTBDs/Debug-iphonesimulator -F/Users/maksimkosharny/Library/Developer/Xcode/DerivedData/FootGameScore-flklpgugjzuqjnhfjujkheubgzdj/Build/Products/Debug-iphonesimulator -iframework /Applications/Xcode.app/Contents/Developer/Platforms/iPhoneSimulator.platform/Developer/Library/Frameworks -iframework /Applications/Xcode.app/Contents/Developer/Platforms/iPhoneSimulator.platform/Developer/SDKs/iPhoneSimulator26.2.sdk/Developer/Library/Frameworks -filelist /Users/maksimkosharny/Library/Developer/Xcode/DerivedData/FootGameScore-flklpgugjzuqjnhfjujkheubgzdj/Build/Intermediates.noindex/abseil.build/Debug-iphonesimulator/abslWrapper.build/Objects-normal/arm64/abslWrapper.LinkFileList -nostdlib -Xlinker -object_path_lto -Xlinker /Users/maksimkosharny/Library/Developer/Xcode/DerivedData/FootGameScore-flklpgugjzuqjnhfjujkheubgzdj/Build/Intermediates.noindex/abseil.build/Debug-iphonesimulator/abslWrapper.build/Objects-normal/arm64/abslWrapper_lto.o -rdynamic -Xlinker -no_deduplicate -Xlinker -objc_abi_version -Xlinker 2 -Xlinker -dependency_info -Xlinker /Users/maksimkosharny/Library/Developer/Xcode/DerivedData/FootGameScore-flklpgugjzuqjnhfjujkheubgzdj/Build/Intermediates.noindex/abseil.build/Debug-iphonesimulator/abslWrapper.build/Objects-normal/arm64/abslWrapper_dependency_info.dat -fobjc-arc -fobjc-link-runtime -o /Users/maksimkosharny/Library/Developer/Xcode/DerivedData/FootGameScore-flklpgugjzuqjnhfjujkheubgzdj/Build/Products/Debug-iphonesimulator/abslWrapper.o

Ld /Users/maksimkosharny/Library/Developer/Xcode/DerivedData/FootGameScore-flklpgugjzuqjnhfjujkheubgzdj/Build/Products/Debug-iphonesimulator/GoogleUtilities-UserDefaults.o normal (in target 'GoogleUtilities-UserDefaults' from project 'GoogleUtilities')
    cd /Users/maksimkosharny/Library/Developer/Xcode/DerivedData/FootGameScore-flklpgugjzuqjnhfjujkheubgzdj/SourcePackages/checkouts/GoogleUtilities
    /Applications/Xcode.app/Contents/Developer/Toolchains/XcodeDefault.xctoolchain/usr/bin/clang -Xlinker -reproducible -target arm64-apple-ios12.0-simulator -r -isysroot /Applications/Xcode.app/Contents/Developer/Platforms/iPhoneSimulator.platform/Developer/SDKs/iPhoneSimulator26.2.sdk -O0 -w -L/Users/maksimkosharny/Library/Developer/Xcode/DerivedData/FootGameScore-flklpgugjzuqjnhfjujkheubgzdj/Build/Intermediates.noindex/EagerLinkingTBDs/Debug-iphonesimulator -L/Users/maksimkosharny/Library/Developer/Xcode/DerivedData/FootGameScore-flklpgugjzuqjnhfjujkheubgzdj/Build/Products/Debug-iphonesimulator -L/Applications/Xcode.app/Contents/Developer/Platforms/iPhoneSimulator.platform/Developer/usr/lib -F/Users/maksimkosharny/Library/Developer/Xcode/DerivedData/FootGameScore-flklpgugjzuqjnhfjujkheubgzdj/Build/Intermediates.noindex/EagerLinkingTBDs/Debug-iphonesimulator -F/Users/maksimkosharny/Library/Developer/Xcode/DerivedData/FootGameScore-flklpgugjzuqjnhfjujkheubgzdj/Build/Products/Debug-iphonesimulator/PackageFrameworks -F/Users/maksimkosharny/Library/Developer/Xcode/DerivedData/FootGameScore-flklpgugjzuqjnhfjujkheubgzdj/Build/Products/Debug-iphonesimulator/PackageFrameworks -F/Users/maksimkosharny/Library/Developer/Xcode/DerivedData/FootGameScore-flklpgugjzuqjnhfjujkheubgzdj/Build/Products/Debug-iphonesimulator/PackageFrameworks -F/Users/maksimkosharny/Library/Developer/Xcode/DerivedData/FootGameScore-flklpgugjzuqjnhfjujkheubgzdj/Build/Products/Debug-iphonesimulator -iframework /Applications/Xcode.app/Contents/Developer/Platforms/iPhoneSimulator.platform/Developer/Library/Frameworks -iframework /Applications/Xcode.app/Contents/Developer/Platforms/iPhoneSimulator.platform/Developer/SDKs/iPhoneSimulator26.2.sdk/Developer/Library/Frameworks -filelist /Users/maksimkosharny/Library/Developer/Xcode/DerivedData/FootGameScore-flklpgugjzuqjnhfjujkheubgzdj/Build/Intermediates.noindex/GoogleUtilities.build/Debug-iphonesimulator/GoogleUtilities-UserDefaults.build/Objects-normal/arm64/GoogleUtilities-UserDefaults.LinkFileList -nostdlib -Xlinker -object_path_lto -Xlinker /Users/maksimkosharny/Library/Developer/Xcode/DerivedData/FootGameScore-flklpgugjzuqjnhfjujkheubgzdj/Build/Intermediates.noindex/GoogleUtilities.build/Debug-iphonesimulator/GoogleUtilities-UserDefaults.build/Objects-normal/arm64/GoogleUtilities-UserDefaults_lto.o -rdynamic -Xlinker -no_deduplicate -Xlinker -objc_abi_version -Xlinker 2 -Xlinker -dependency_info -Xlinker /Users/maksimkosharny/Library/Developer/Xcode/DerivedData/FootGameScore-flklpgugjzuqjnhfjujkheubgzdj/Build/Intermediates.noindex/GoogleUtilities.build/Debug-iphonesimulator/GoogleUtilities-UserDefaults.build/Objects-normal/arm64/GoogleUtilities-UserDefaults_dependency_info.dat -fobjc-arc -fobjc-link-runtime -o /Users/maksimkosharny/Library/Developer/Xcode/DerivedData/FootGameScore-flklpgugjzuqjnhfjujkheubgzdj/Build/Products/Debug-iphonesimulator/GoogleUtilities-UserDefaults.o

Ld /Users/maksimkosharny/Library/Developer/Xcode/DerivedData/FootGameScore-flklpgugjzuqjnhfjujkheubgzdj/Build/Products/Debug-iphonesimulator/GoogleUtilities-MethodSwizzler.o normal (in target 'GoogleUtilities-MethodSwizzler' from project 'GoogleUtilities')
    cd /Users/maksimkosharny/Library/Developer/Xcode/DerivedData/FootGameScore-flklpgugjzuqjnhfjujkheubgzdj/SourcePackages/checkouts/GoogleUtilities
    /Applications/Xcode.app/Contents/Developer/Toolchains/XcodeDefault.xctoolchain/usr/bin/clang -Xlinker -reproducible -target arm64-apple-ios12.0-simulator -r -isysroot /Applications/Xcode.app/Contents/Developer/Platforms/iPhoneSimulator.platform/Developer/SDKs/iPhoneSimulator26.2.sdk -O0 -w -L/Users/maksimkosharny/Library/Developer/Xcode/DerivedData/FootGameScore-flklpgugjzuqjnhfjujkheubgzdj/Build/Intermediates.noindex/EagerLinkingTBDs/Debug-iphonesimulator -L/Users/maksimkosharny/Library/Developer/Xcode/DerivedData/FootGameScore-flklpgugjzuqjnhfjujkheubgzdj/Build/Products/Debug-iphonesimulator -L/Applications/Xcode.app/Contents/Developer/Platforms/iPhoneSimulator.platform/Developer/usr/lib -F/Users/maksimkosharny/Library/Developer/Xcode/DerivedData/FootGameScore-flklpgugjzuqjnhfjujkheubgzdj/Build/Intermediates.noindex/EagerLinkingTBDs/Debug-iphonesimulator -F/Users/maksimkosharny/Library/Developer/Xcode/DerivedData/FootGameScore-flklpgugjzuqjnhfjujkheubgzdj/Build/Products/Debug-iphonesimulator/PackageFrameworks -F/Users/maksimkosharny/Library/Developer/Xcode/DerivedData/FootGameScore-flklpgugjzuqjnhfjujkheubgzdj/Build/Products/Debug-iphonesimulator/PackageFrameworks -F/Users/maksimkosharny/Library/Developer/Xcode/DerivedData/FootGameScore-flklpgugjzuqjnhfjujkheubgzdj/Build/Products/Debug-iphonesimulator/PackageFrameworks -F/Users/maksimkosharny/Library/Developer/Xcode/DerivedData/FootGameScore-flklpgugjzuqjnhfjujkheubgzdj/Build/Products/Debug-iphonesimulator -iframework /Applications/Xcode.app/Contents/Developer/Platforms/iPhoneSimulator.platform/Developer/Library/Frameworks -iframework /Applications/Xcode.app/Contents/Developer/Platforms/iPhoneSimulator.platform/Developer/SDKs/iPhoneSimulator26.2.sdk/Developer/Library/Frameworks -filelist /Users/maksimkosharny/Library/Developer/Xcode/DerivedData/FootGameScore-flklpgugjzuqjnhfjujkheubgzdj/Build/Intermediates.noindex/GoogleUtilities.build/Debug-iphonesimulator/GoogleUtilities-MethodSwizzler.build/Objects-normal/arm64/GoogleUtilities-MethodSwizzler.LinkFileList -nostdlib -Xlinker -object_path_lto -Xlinker /Users/maksimkosharny/Library/Developer/Xcode/DerivedData/FootGameScore-flklpgugjzuqjnhfjujkheubgzdj/Build/Intermediates.noindex/GoogleUtilities.build/Debug-iphonesimulator/GoogleUtilities-MethodSwizzler.build/Objects-normal/arm64/GoogleUtilities-MethodSwizzler_lto.o -rdynamic -Xlinker -no_deduplicate -Xlinker -objc_abi_version -Xlinker 2 -Xlinker -dependency_info -Xlinker /Users/maksimkosharny/Library/Developer/Xcode/DerivedData/FootGameScore-flklpgugjzuqjnhfjujkheubgzdj/Build/Intermediates.noindex/GoogleUtilities.build/Debug-iphonesimulator/GoogleUtilities-MethodSwizzler.build/Objects-normal/arm64/GoogleUtilities-MethodSwizzler_dependency_info.dat -fobjc-arc -fobjc-link-runtime -o /Users/maksimkosharny/Library/Developer/Xcode/DerivedData/FootGameScore-flklpgugjzuqjnhfjujkheubgzdj/Build/Products/Debug-iphonesimulator/GoogleUtilities-MethodSwizzler.o

WriteAuxiliaryFile /Users/maksimkosharny/Library/Developer/Xcode/DerivedData/FootGameScore-flklpgugjzuqjnhfjujkheubgzdj/Build/Intermediates.noindex/FootGameScore.build/Debug-iphonesimulator/FootGameScore.build/Objects-normal/arm64/FootGameScore.SwiftFileList (in target 'FootGameScore' from project 'FootGameScore')
    cd /Users/maksimkosharny/Desktop/Developer/FootGameScore
    write-file /Users/maksimkosharny/Library/Developer/Xcode/DerivedData/FootGameScore-flklpgugjzuqjnhfjujkheubgzdj/Build/Intermediates.noindex/FootGameScore.build/Debug-iphonesimulator/FootGameScore.build/Objects-normal/arm64/FootGameScore.SwiftFileList

WriteAuxiliaryFile /Users/maksimkosharny/Library/Developer/Xcode/DerivedData/FootGameScore-flklpgugjzuqjnhfjujkheubgzdj/Build/Intermediates.noindex/FootGameScore.build/Debug-iphonesimulator/FootGameScore.build/Objects-normal/arm64/FootGameScore.SwiftConstValuesFileList (in target 'FootGameScore' from project 'FootGameScore')
    cd /Users/maksimkosharny/Desktop/Developer/FootGameScore
    write-file /Users/maksimkosharny/Library/Developer/Xcode/DerivedData/FootGameScore-flklpgugjzuqjnhfjujkheubgzdj/Build/Intermediates.noindex/FootGameScore.build/Debug-iphonesimulator/FootGameScore.build/Objects-normal/arm64/FootGameScore.SwiftConstValuesFileList

WriteAuxiliaryFile /Users/maksimkosharny/Library/Developer/Xcode/DerivedData/FootGameScore-flklpgugjzuqjnhfjujkheubgzdj/Build/Intermediates.noindex/FootGameScore.build/Debug-iphonesimulator/FootGameScore.build/Objects-normal/arm64/FootGameScore.LinkFileList (in target 'FootGameScore' from project 'FootGameScore')
    cd /Users/maksimkosharny/Desktop/Developer/FootGameScore
    write-file /Users/maksimkosharny/Library/Developer/Xcode/DerivedData/FootGameScore-flklpgugjzuqjnhfjujkheubgzdj/Build/Intermediates.noindex/FootGameScore.build/Debug-iphonesimulator/FootGameScore.build/Objects-normal/arm64/FootGameScore.LinkFileList

WriteAuxiliaryFile /Users/maksimkosharny/Library/Developer/Xcode/DerivedData/FootGameScore-flklpgugjzuqjnhfjujkheubgzdj/Build/Intermediates.noindex/FootGameScore.build/Debug-iphonesimulator/FootGameScore.build/Objects-normal/arm64/FootGameScore-OutputFileMap.json (in target 'FootGameScore' from project 'FootGameScore')
    cd /Users/maksimkosharny/Desktop/Developer/FootGameScore
    write-file /Users/maksimkosharny/Library/Developer/Xcode/DerivedData/FootGameScore-flklpgugjzuqjnhfjujkheubgzdj/Build/Intermediates.noindex/FootGameScore.build/Debug-iphonesimulator/FootGameScore.build/Objects-normal/arm64/FootGameScore-OutputFileMap.json

Ld /Users/maksimkosharny/Library/Developer/Xcode/DerivedData/FootGameScore-flklpgugjzuqjnhfjujkheubgzdj/Build/Products/Debug-iphonesimulator/FBLPromises.o normal (in target 'FBLPromises' from project 'Promises')
    cd /Users/maksimkosharny/Library/Developer/Xcode/DerivedData/FootGameScore-flklpgugjzuqjnhfjujkheubgzdj/SourcePackages/checkouts/promises
    /Applications/Xcode.app/Contents/Developer/Toolchains/XcodeDefault.xctoolchain/usr/bin/clang -Xlinker -reproducible -target arm64-apple-ios12.0-simulator -r -isysroot /Applications/Xcode.app/Contents/Developer/Platforms/iPhoneSimulator.platform/Developer/SDKs/iPhoneSimulator26.2.sdk -O0 -w -L/Users/maksimkosharny/Library/Developer/Xcode/DerivedData/FootGameScore-flklpgugjzuqjnhfjujkheubgzdj/Build/Intermediates.noindex/EagerLinkingTBDs/Debug-iphonesimulator -L/Users/maksimkosharny/Library/Developer/Xcode/DerivedData/FootGameScore-flklpgugjzuqjnhfjujkheubgzdj/Build/Products/Debug-iphonesimulator -L/Applications/Xcode.app/Contents/Developer/Platforms/iPhoneSimulator.platform/Developer/usr/lib -F/Users/maksimkosharny/Library/Developer/Xcode/DerivedData/FootGameScore-flklpgugjzuqjnhfjujkheubgzdj/Build/Intermediates.noindex/EagerLinkingTBDs/Debug-iphonesimulator -F/Users/maksimkosharny/Library/Developer/Xcode/DerivedData/FootGameScore-flklpgugjzuqjnhfjujkheubgzdj/Build/Products/Debug-iphonesimulator -iframework /Applications/Xcode.app/Contents/Developer/Platforms/iPhoneSimulator.platform/Developer/Library/Frameworks -iframework /Applications/Xcode.app/Contents/Developer/Platforms/iPhoneSimulator.platform/Developer/SDKs/iPhoneSimulator26.2.sdk/Developer/Library/Frameworks -filelist /Users/maksimkosharny/Library/Developer/Xcode/DerivedData/FootGameScore-flklpgugjzuqjnhfjujkheubgzdj/Build/Intermediates.noindex/Promises.build/Debug-iphonesimulator/FBLPromises.build/Objects-normal/arm64/FBLPromises.LinkFileList -nostdlib -Xlinker -object_path_lto -Xlinker /Users/maksimkosharny/Library/Developer/Xcode/DerivedData/FootGameScore-flklpgugjzuqjnhfjujkheubgzdj/Build/Intermediates.noindex/Promises.build/Debug-iphonesimulator/FBLPromises.build/Objects-normal/arm64/FBLPromises_lto.o -rdynamic -Xlinker -no_deduplicate -Xlinker -objc_abi_version -Xlinker 2 -Xlinker -dependency_info -Xlinker /Users/maksimkosharny/Library/Developer/Xcode/DerivedData/FootGameScore-flklpgugjzuqjnhfjujkheubgzdj/Build/Intermediates.noindex/Promises.build/Debug-iphonesimulator/FBLPromises.build/Objects-normal/arm64/FBLPromises_dependency_info.dat -fobjc-arc -fobjc-link-runtime -o /Users/maksimkosharny/Library/Developer/Xcode/DerivedData/FootGameScore-flklpgugjzuqjnhfjujkheubgzdj/Build/Products/Debug-iphonesimulator/FBLPromises.o

ProcessProductPackaging "" /Users/maksimkosharny/Library/Developer/Xcode/DerivedData/FootGameScore-flklpgugjzuqjnhfjujkheubgzdj/Build/Intermediates.noindex/FootGameScore.build/Debug-iphonesimulator/FootGameScore.build/FootGameScore.app-Simulated.xcent (in target 'FootGameScore' from project 'FootGameScore')
    cd /Users/maksimkosharny/Desktop/Developer/FootGameScore
    
    Entitlements:
    
    {
    "application-identifier" = "7SJ46G89S2.com.kosharny.FootGameScore";
}
    
    builtin-productPackagingUtility -entitlements -format xml -o /Users/maksimkosharny/Library/Developer/Xcode/DerivedData/FootGameScore-flklpgugjzuqjnhfjujkheubgzdj/Build/Intermediates.noindex/FootGameScore.build/Debug-iphonesimulator/FootGameScore.build/FootGameScore.app-Simulated.xcent

RegisterExecutionPolicyException /Users/maksimkosharny/Library/Developer/Xcode/DerivedData/FootGameScore-flklpgugjzuqjnhfjujkheubgzdj/Build/Products/Debug-iphonesimulator/FirebaseAuth.o (in target 'FirebaseAuth' from project 'Firebase')
    cd /Users/maksimkosharny/Library/Developer/Xcode/DerivedData/FootGameScore-flklpgugjzuqjnhfjujkheubgzdj/SourcePackages/checkouts/firebase-ios-sdk
    builtin-RegisterExecutionPolicyException /Users/maksimkosharny/Library/Developer/Xcode/DerivedData/FootGameScore-flklpgugjzuqjnhfjujkheubgzdj/Build/Products/Debug-iphonesimulator/FirebaseAuth.o

ProcessProductPackagingDER /Users/maksimkosharny/Library/Developer/Xcode/DerivedData/FootGameScore-flklpgugjzuqjnhfjujkheubgzdj/Build/Intermediates.noindex/FootGameScore.build/Debug-iphonesimulator/FootGameScore.build/FootGameScore.app-Simulated.xcent /Users/maksimkosharny/Library/Developer/Xcode/DerivedData/FootGameScore-flklpgugjzuqjnhfjujkheubgzdj/Build/Intermediates.noindex/FootGameScore.build/Debug-iphonesimulator/FootGameScore.build/FootGameScore.app-Simulated.xcent.der (in target 'FootGameScore' from project 'FootGameScore')
    cd /Users/maksimkosharny/Desktop/Developer/FootGameScore
    /usr/bin/derq query -f xml -i /Users/maksimkosharny/Library/Developer/Xcode/DerivedData/FootGameScore-flklpgugjzuqjnhfjujkheubgzdj/Build/Intermediates.noindex/FootGameScore.build/Debug-iphonesimulator/FootGameScore.build/FootGameScore.app-Simulated.xcent -o /Users/maksimkosharny/Library/Developer/Xcode/DerivedData/FootGameScore-flklpgugjzuqjnhfjujkheubgzdj/Build/Intermediates.noindex/FootGameScore.build/Debug-iphonesimulator/FootGameScore.build/FootGameScore.app-Simulated.xcent.der --raw

RegisterExecutionPolicyException /Users/maksimkosharny/Library/Developer/Xcode/DerivedData/FootGameScore-flklpgugjzuqjnhfjujkheubgzdj/Build/Products/Debug-iphonesimulator/opensslWrapper.o (in target 'opensslWrapper' from project 'gRPC')
    cd /Users/maksimkosharny/Library/Developer/Xcode/DerivedData/FootGameScore-flklpgugjzuqjnhfjujkheubgzdj/SourcePackages/checkouts/grpc-binary
    builtin-RegisterExecutionPolicyException /Users/maksimkosharny/Library/Developer/Xcode/DerivedData/FootGameScore-flklpgugjzuqjnhfjujkheubgzdj/Build/Products/Debug-iphonesimulator/opensslWrapper.o

RegisterExecutionPolicyException /Users/maksimkosharny/Library/Developer/Xcode/DerivedData/FootGameScore-flklpgugjzuqjnhfjujkheubgzdj/Build/Products/Debug-iphonesimulator/nanopb.o (in target 'nanopb' from project 'nanopb')
    cd /Users/maksimkosharny/Library/Developer/Xcode/DerivedData/FootGameScore-flklpgugjzuqjnhfjujkheubgzdj/SourcePackages/checkouts/nanopb
    builtin-RegisterExecutionPolicyException /Users/maksimkosharny/Library/Developer/Xcode/DerivedData/FootGameScore-flklpgugjzuqjnhfjujkheubgzdj/Build/Products/Debug-iphonesimulator/nanopb.o

RegisterExecutionPolicyException /Users/maksimkosharny/Library/Developer/Xcode/DerivedData/FootGameScore-flklpgugjzuqjnhfjujkheubgzdj/Build/Products/Debug-iphonesimulator/grpcWrapper.o (in target 'grpcWrapper' from project 'gRPC')
    cd /Users/maksimkosharny/Library/Developer/Xcode/DerivedData/FootGameScore-flklpgugjzuqjnhfjujkheubgzdj/SourcePackages/checkouts/grpc-binary
    builtin-RegisterExecutionPolicyException /Users/maksimkosharny/Library/Developer/Xcode/DerivedData/FootGameScore-flklpgugjzuqjnhfjujkheubgzdj/Build/Products/Debug-iphonesimulator/grpcWrapper.o

RegisterExecutionPolicyException /Users/maksimkosharny/Library/Developer/Xcode/DerivedData/FootGameScore-flklpgugjzuqjnhfjujkheubgzdj/Build/Products/Debug-iphonesimulator/abslWrapper.o (in target 'abslWrapper' from project 'abseil')
    cd /Users/maksimkosharny/Library/Developer/Xcode/DerivedData/FootGameScore-flklpgugjzuqjnhfjujkheubgzdj/SourcePackages/checkouts/abseil-cpp-binary
    builtin-RegisterExecutionPolicyException /Users/maksimkosharny/Library/Developer/Xcode/DerivedData/FootGameScore-flklpgugjzuqjnhfjujkheubgzdj/Build/Products/Debug-iphonesimulator/abslWrapper.o

RegisterExecutionPolicyException /Users/maksimkosharny/Library/Developer/Xcode/DerivedData/FootGameScore-flklpgugjzuqjnhfjujkheubgzdj/Build/Products/Debug-iphonesimulator/GoogleUtilities-UserDefaults.o (in target 'GoogleUtilities-UserDefaults' from project 'GoogleUtilities')
    cd /Users/maksimkosharny/Library/Developer/Xcode/DerivedData/FootGameScore-flklpgugjzuqjnhfjujkheubgzdj/SourcePackages/checkouts/GoogleUtilities
    builtin-RegisterExecutionPolicyException /Users/maksimkosharny/Library/Developer/Xcode/DerivedData/FootGameScore-flklpgugjzuqjnhfjujkheubgzdj/Build/Products/Debug-iphonesimulator/GoogleUtilities-UserDefaults.o

ExtractAppIntentsMetadata (in target 'FirebaseSharedSwift' from project 'Firebase')
    cd /Users/maksimkosharny/Library/Developer/Xcode/DerivedData/FootGameScore-flklpgugjzuqjnhfjujkheubgzdj/SourcePackages/checkouts/firebase-ios-sdk
    /Applications/Xcode.app/Contents/Developer/Toolchains/XcodeDefault.xctoolchain/usr/bin/appintentsmetadataprocessor --toolchain-dir /Applications/Xcode.app/Contents/Developer/Toolchains/XcodeDefault.xctoolchain --module-name FirebaseSharedSwift --sdk-root /Applications/Xcode.app/Contents/Developer/Platforms/iPhoneSimulator.platform/Developer/SDKs/iPhoneSimulator26.2.sdk --xcode-version 17C52 --platform-family iOS --deployment-target 15.0 --bundle-identifier firebase-ios-sdk.FirebaseSharedSwift --output /Users/maksimkosharny/Library/Developer/Xcode/DerivedData/FootGameScore-flklpgugjzuqjnhfjujkheubgzdj/Build/Products/Debug-iphonesimulator/FirebaseSharedSwift.appintents --target-triple arm64-apple-ios15.0-simulator --binary-file /Users/maksimkosharny/Library/Developer/Xcode/DerivedData/FootGameScore-flklpgugjzuqjnhfjujkheubgzdj/Build/Products/Debug-iphonesimulator/FirebaseSharedSwift.o --dependency-file /Users/maksimkosharny/Library/Developer/Xcode/DerivedData/FootGameScore-flklpgugjzuqjnhfjujkheubgzdj/Build/Intermediates.noindex/Firebase.build/Debug-iphonesimulator/FirebaseSharedSwift.build/Objects-normal/arm64/FirebaseSharedSwift_dependency_info.dat --stringsdata-file /Users/maksimkosharny/Library/Developer/Xcode/DerivedData/FootGameScore-flklpgugjzuqjnhfjujkheubgzdj/Build/Intermediates.noindex/Firebase.build/Debug-iphonesimulator/FirebaseSharedSwift.build/Objects-normal/arm64/ExtractedAppShortcutsMetadata.stringsdata --source-file-list /Users/maksimkosharny/Library/Developer/Xcode/DerivedData/FootGameScore-flklpgugjzuqjnhfjujkheubgzdj/Build/Intermediates.noindex/Firebase.build/Debug-iphonesimulator/FirebaseSharedSwift.build/Objects-normal/arm64/FirebaseSharedSwift.SwiftFileList --metadata-file-list /Users/maksimkosharny/Library/Developer/Xcode/DerivedData/FootGameScore-flklpgugjzuqjnhfjujkheubgzdj/Build/Intermediates.noindex/Firebase.build/Debug-iphonesimulator/FirebaseSharedSwift.build/FirebaseSharedSwift.DependencyMetadataFileList --static-metadata-file-list /Users/maksimkosharny/Library/Developer/Xcode/DerivedData/FootGameScore-flklpgugjzuqjnhfjujkheubgzdj/Build/Intermediates.noindex/Firebase.build/Debug-iphonesimulator/FirebaseSharedSwift.build/FirebaseSharedSwift.DependencyStaticMetadataFileList --swift-const-vals-list /Users/maksimkosharny/Library/Developer/Xcode/DerivedData/FootGameScore-flklpgugjzuqjnhfjujkheubgzdj/Build/Intermediates.noindex/Firebase.build/Debug-iphonesimulator/FirebaseSharedSwift.build/Objects-normal/arm64/FirebaseSharedSwift.SwiftConstValuesFileList --force --compile-time-extraction --deployment-aware-processing --validate-assistant-intents --no-app-shortcuts-localization
2026-02-11 17:12:34.510 appintentsmetadataprocessor[79971:3884727] Starting appintentsmetadataprocessor export
2026-02-11 17:12:34.760 appintentsmetadataprocessor[79971:3884727] Extracted no relevant App Intents symbols, skipping writing output

RegisterExecutionPolicyException /Users/maksimkosharny/Library/Developer/Xcode/DerivedData/FootGameScore-flklpgugjzuqjnhfjujkheubgzdj/Build/Products/Debug-iphonesimulator/leveldb.o (in target 'leveldb' from project 'leveldb')
    cd /Users/maksimkosharny/Library/Developer/Xcode/DerivedData/FootGameScore-flklpgugjzuqjnhfjujkheubgzdj/SourcePackages/checkouts/leveldb
    builtin-RegisterExecutionPolicyException /Users/maksimkosharny/Library/Developer/Xcode/DerivedData/FootGameScore-flklpgugjzuqjnhfjujkheubgzdj/Build/Products/Debug-iphonesimulator/leveldb.o

Ld /Users/maksimkosharny/Library/Developer/Xcode/DerivedData/FootGameScore-flklpgugjzuqjnhfjujkheubgzdj/Build/Products/Debug-iphonesimulator/grpcppWrapper.o normal (in target 'grpcppWrapper' from project 'gRPC')
    cd /Users/maksimkosharny/Library/Developer/Xcode/DerivedData/FootGameScore-flklpgugjzuqjnhfjujkheubgzdj/SourcePackages/checkouts/grpc-binary
    /Applications/Xcode.app/Contents/Developer/Toolchains/XcodeDefault.xctoolchain/usr/bin/clang -Xlinker -reproducible -target arm64-apple-ios12.0-simulator -r -isysroot /Applications/Xcode.app/Contents/Developer/Platforms/iPhoneSimulator.platform/Developer/SDKs/iPhoneSimulator26.2.sdk -O0 -w -L/Users/maksimkosharny/Library/Developer/Xcode/DerivedData/FootGameScore-flklpgugjzuqjnhfjujkheubgzdj/Build/Intermediates.noindex/EagerLinkingTBDs/Debug-iphonesimulator -L/Users/maksimkosharny/Library/Developer/Xcode/DerivedData/FootGameScore-flklpgugjzuqjnhfjujkheubgzdj/Build/Products/Debug-iphonesimulator -L/Applications/Xcode.app/Contents/Developer/Platforms/iPhoneSimulator.platform/Developer/usr/lib -F/Users/maksimkosharny/Library/Developer/Xcode/DerivedData/FootGameScore-flklpgugjzuqjnhfjujkheubgzdj/Build/Intermediates.noindex/EagerLinkingTBDs/Debug-iphonesimulator -F/Users/maksimkosharny/Library/Developer/Xcode/DerivedData/FootGameScore-flklpgugjzuqjnhfjujkheubgzdj/Build/Products/Debug-iphonesimulator/PackageFrameworks -F/Users/maksimkosharny/Library/Developer/Xcode/DerivedData/FootGameScore-flklpgugjzuqjnhfjujkheubgzdj/Build/Products/Debug-iphonesimulator/PackageFrameworks -F/Users/maksimkosharny/Library/Developer/Xcode/DerivedData/FootGameScore-flklpgugjzuqjnhfjujkheubgzdj/Build/Products/Debug-iphonesimulator/PackageFrameworks -F/Users/maksimkosharny/Library/Developer/Xcode/DerivedData/FootGameScore-flklpgugjzuqjnhfjujkheubgzdj/Build/Products/Debug-iphonesimulator -iframework /Applications/Xcode.app/Contents/Developer/Platforms/iPhoneSimulator.platform/Developer/Library/Frameworks -iframework /Applications/Xcode.app/Contents/Developer/Platforms/iPhoneSimulator.platform/Developer/SDKs/iPhoneSimulator26.2.sdk/Developer/Library/Frameworks -filelist /Users/maksimkosharny/Library/Developer/Xcode/DerivedData/FootGameScore-flklpgugjzuqjnhfjujkheubgzdj/Build/Intermediates.noindex/gRPC.build/Debug-iphonesimulator/grpcppWrapper.build/Objects-normal/arm64/grpcppWrapper.LinkFileList -nostdlib -Xlinker -object_path_lto -Xlinker /Users/maksimkosharny/Library/Developer/Xcode/DerivedData/FootGameScore-flklpgugjzuqjnhfjujkheubgzdj/Build/Intermediates.noindex/gRPC.build/Debug-iphonesimulator/grpcppWrapper.build/Objects-normal/arm64/grpcppWrapper_lto.o -rdynamic -Xlinker -no_deduplicate -Xlinker -objc_abi_version -Xlinker 2 -Xlinker -dependency_info -Xlinker /Users/maksimkosharny/Library/Developer/Xcode/DerivedData/FootGameScore-flklpgugjzuqjnhfjujkheubgzdj/Build/Intermediates.noindex/gRPC.build/Debug-iphonesimulator/grpcppWrapper.build/Objects-normal/arm64/grpcppWrapper_dependency_info.dat -fobjc-arc -fobjc-link-runtime -o /Users/maksimkosharny/Library/Developer/Xcode/DerivedData/FootGameScore-flklpgugjzuqjnhfjujkheubgzdj/Build/Products/Debug-iphonesimulator/grpcppWrapper.o

RegisterExecutionPolicyException /Users/maksimkosharny/Library/Developer/Xcode/DerivedData/FootGameScore-flklpgugjzuqjnhfjujkheubgzdj/Build/Products/Debug-iphonesimulator/FirebaseFirestoreInternalWrapper.o (in target 'FirebaseFirestoreInternalWrapper' from project 'Firebase')
    cd /Users/maksimkosharny/Library/Developer/Xcode/DerivedData/FootGameScore-flklpgugjzuqjnhfjujkheubgzdj/SourcePackages/checkouts/firebase-ios-sdk
    builtin-RegisterExecutionPolicyException /Users/maksimkosharny/Library/Developer/Xcode/DerivedData/FootGameScore-flklpgugjzuqjnhfjujkheubgzdj/Build/Products/Debug-iphonesimulator/FirebaseFirestoreInternalWrapper.o

GenerateAssetSymbols /Users/maksimkosharny/Desktop/Developer/FootGameScore/FootGameScore/Resources/Assets/Assets.xcassets (in target 'FootGameScore' from project 'FootGameScore')
    cd /Users/maksimkosharny/Desktop/Developer/FootGameScore
    /Applications/Xcode.app/Contents/Developer/usr/bin/actool /Users/maksimkosharny/Desktop/Developer/FootGameScore/FootGameScore/Resources/Assets/Assets.xcassets --compile /Users/maksimkosharny/Library/Developer/Xcode/DerivedData/FootGameScore-flklpgugjzuqjnhfjujkheubgzdj/Build/Products/Debug-iphonesimulator/FootGameScore.app --output-format human-readable-text --notices --warnings --export-dependency-info /Users/maksimkosharny/Library/Developer/Xcode/DerivedData/FootGameScore-flklpgugjzuqjnhfjujkheubgzdj/Build/Intermediates.noindex/FootGameScore.build/Debug-iphonesimulator/FootGameScore.build/assetcatalog_dependencies --output-partial-info-plist /Users/maksimkosharny/Library/Developer/Xcode/DerivedData/FootGameScore-flklpgugjzuqjnhfjujkheubgzdj/Build/Intermediates.noindex/FootGameScore.build/Debug-iphonesimulator/FootGameScore.build/assetcatalog_generated_info.plist --app-icon AppIcon --accent-color AccentColor --compress-pngs --enable-on-demand-resources YES --development-region en --target-device iphone --minimum-deployment-target 16.6 --platform iphonesimulator --bundle-identifier com.kosharny.FootGameScore --generate-swift-asset-symbols /Users/maksimkosharny/Library/Developer/Xcode/DerivedData/FootGameScore-flklpgugjzuqjnhfjujkheubgzdj/Build/Intermediates.noindex/FootGameScore.build/Debug-iphonesimulator/FootGameScore.build/DerivedSources/GeneratedAssetSymbols.swift --generate-objc-asset-symbols /Users/maksimkosharny/Library/Developer/Xcode/DerivedData/FootGameScore-flklpgugjzuqjnhfjujkheubgzdj/Build/Intermediates.noindex/FootGameScore.build/Debug-iphonesimulator/FootGameScore.build/DerivedSources/GeneratedAssetSymbols.h --generate-asset-symbol-index /Users/maksimkosharny/Library/Developer/Xcode/DerivedData/FootGameScore-flklpgugjzuqjnhfjujkheubgzdj/Build/Intermediates.noindex/FootGameScore.build/Debug-iphonesimulator/FootGameScore.build/DerivedSources/GeneratedAssetSymbols-Index.plist
/* com.apple.actool.compilation-results */
/Users/maksimkosharny/Library/Developer/Xcode/DerivedData/FootGameScore-flklpgugjzuqjnhfjujkheubgzdj/Build/Intermediates.noindex/FootGameScore.build/Debug-iphonesimulator/FootGameScore.build/DerivedSources/GeneratedAssetSymbols-Index.plist
/Users/maksimkosharny/Library/Developer/Xcode/DerivedData/FootGameScore-flklpgugjzuqjnhfjujkheubgzdj/Build/Intermediates.noindex/FootGameScore.build/Debug-iphonesimulator/FootGameScore.build/DerivedSources/GeneratedAssetSymbols.h
/Users/maksimkosharny/Library/Developer/Xcode/DerivedData/FootGameScore-flklpgugjzuqjnhfjujkheubgzdj/Build/Intermediates.noindex/FootGameScore.build/Debug-iphonesimulator/FootGameScore.build/DerivedSources/GeneratedAssetSymbols.swift


CompileAssetCatalogVariant thinned /Users/maksimkosharny/Library/Developer/Xcode/DerivedData/FootGameScore-flklpgugjzuqjnhfjujkheubgzdj/Build/Products/Debug-iphonesimulator/FootGameScore.app /Users/maksimkosharny/Desktop/Developer/FootGameScore/FootGameScore/Resources/Assets/Assets.xcassets (in target 'FootGameScore' from project 'FootGameScore')
    cd /Users/maksimkosharny/Desktop/Developer/FootGameScore
    /Applications/Xcode.app/Contents/Developer/usr/bin/actool /Users/maksimkosharny/Desktop/Developer/FootGameScore/FootGameScore/Resources/Assets/Assets.xcassets --compile /Users/maksimkosharny/Library/Developer/Xcode/DerivedData/FootGameScore-flklpgugjzuqjnhfjujkheubgzdj/Build/Intermediates.noindex/FootGameScore.build/Debug-iphonesimulator/FootGameScore.build/assetcatalog_output/thinned --output-format human-readable-text --notices --warnings --export-dependency-info /Users/maksimkosharny/Library/Developer/Xcode/DerivedData/FootGameScore-flklpgugjzuqjnhfjujkheubgzdj/Build/Intermediates.noindex/FootGameScore.build/Debug-iphonesimulator/FootGameScore.build/assetcatalog_dependencies_thinned --output-partial-info-plist /Users/maksimkosharny/Library/Developer/Xcode/DerivedData/FootGameScore-flklpgugjzuqjnhfjujkheubgzdj/Build/Intermediates.noindex/FootGameScore.build/Debug-iphonesimulator/FootGameScore.build/assetcatalog_generated_info.plist_thinned --app-icon AppIcon --accent-color AccentColor --compress-pngs --enable-on-demand-resources YES --filter-for-thinning-device-configuration iPhone18,2 --filter-for-device-os-version 26.2 --development-region en --target-device iphone --minimum-deployment-target 16.6 --platform iphonesimulator
/* com.apple.actool.compilation-results */
/Users/maksimkosharny/Library/Developer/Xcode/DerivedData/FootGameScore-flklpgugjzuqjnhfjujkheubgzdj/Build/Intermediates.noindex/FootGameScore.build/Debug-iphonesimulator/FootGameScore.build/assetcatalog_generated_info.plist_thinned
/Users/maksimkosharny/Library/Developer/Xcode/DerivedData/FootGameScore-flklpgugjzuqjnhfjujkheubgzdj/Build/Intermediates.noindex/FootGameScore.build/Debug-iphonesimulator/FootGameScore.build/assetcatalog_output/thinned/Assets.car


RegisterExecutionPolicyException /Users/maksimkosharny/Library/Developer/Xcode/DerivedData/FootGameScore-flklpgugjzuqjnhfjujkheubgzdj/Build/Products/Debug-iphonesimulator/GoogleUtilities-MethodSwizzler.o (in target 'GoogleUtilities-MethodSwizzler' from project 'GoogleUtilities')
    cd /Users/maksimkosharny/Library/Developer/Xcode/DerivedData/FootGameScore-flklpgugjzuqjnhfjujkheubgzdj/SourcePackages/checkouts/GoogleUtilities
    builtin-RegisterExecutionPolicyException /Users/maksimkosharny/Library/Developer/Xcode/DerivedData/FootGameScore-flklpgugjzuqjnhfjujkheubgzdj/Build/Products/Debug-iphonesimulator/GoogleUtilities-MethodSwizzler.o

RegisterExecutionPolicyException /Users/maksimkosharny/Library/Developer/Xcode/DerivedData/FootGameScore-flklpgugjzuqjnhfjujkheubgzdj/Build/Products/Debug-iphonesimulator/FBLPromises.o (in target 'FBLPromises' from project 'Promises')
    cd /Users/maksimkosharny/Library/Developer/Xcode/DerivedData/FootGameScore-flklpgugjzuqjnhfjujkheubgzdj/SourcePackages/checkouts/promises
    builtin-RegisterExecutionPolicyException /Users/maksimkosharny/Library/Developer/Xcode/DerivedData/FootGameScore-flklpgugjzuqjnhfjujkheubgzdj/Build/Products/Debug-iphonesimulator/FBLPromises.o

RegisterExecutionPolicyException /Users/maksimkosharny/Library/Developer/Xcode/DerivedData/FootGameScore-flklpgugjzuqjnhfjujkheubgzdj/Build/Products/Debug-iphonesimulator/grpcppWrapper.o (in target 'grpcppWrapper' from project 'gRPC')
    cd /Users/maksimkosharny/Library/Developer/Xcode/DerivedData/FootGameScore-flklpgugjzuqjnhfjujkheubgzdj/SourcePackages/checkouts/grpc-binary
    builtin-RegisterExecutionPolicyException /Users/maksimkosharny/Library/Developer/Xcode/DerivedData/FootGameScore-flklpgugjzuqjnhfjujkheubgzdj/Build/Products/Debug-iphonesimulator/grpcppWrapper.o

Ld /Users/maksimkosharny/Library/Developer/Xcode/DerivedData/FootGameScore-flklpgugjzuqjnhfjujkheubgzdj/Build/Products/Debug-iphonesimulator/GoogleAppMeasurementCoreTarget.o normal (in target 'GoogleAppMeasurementCoreTarget' from project 'GoogleAppMeasurement')
    cd /Users/maksimkosharny/Library/Developer/Xcode/DerivedData/FootGameScore-flklpgugjzuqjnhfjujkheubgzdj/SourcePackages/checkouts/GoogleAppMeasurement
    /Applications/Xcode.app/Contents/Developer/Toolchains/XcodeDefault.xctoolchain/usr/bin/clang -Xlinker -reproducible -target arm64-apple-ios15.0-simulator -r -isysroot /Applications/Xcode.app/Contents/Developer/Platforms/iPhoneSimulator.platform/Developer/SDKs/iPhoneSimulator26.2.sdk -O0 -w -L/Users/maksimkosharny/Library/Developer/Xcode/DerivedData/FootGameScore-flklpgugjzuqjnhfjujkheubgzdj/Build/Intermediates.noindex/EagerLinkingTBDs/Debug-iphonesimulator -L/Users/maksimkosharny/Library/Developer/Xcode/DerivedData/FootGameScore-flklpgugjzuqjnhfjujkheubgzdj/Build/Products/Debug-iphonesimulator -L/Applications/Xcode.app/Contents/Developer/Platforms/iPhoneSimulator.platform/Developer/usr/lib -F/Users/maksimkosharny/Library/Developer/Xcode/DerivedData/FootGameScore-flklpgugjzuqjnhfjujkheubgzdj/Build/Intermediates.noindex/EagerLinkingTBDs/Debug-iphonesimulator -F/Users/maksimkosharny/Library/Developer/Xcode/DerivedData/FootGameScore-flklpgugjzuqjnhfjujkheubgzdj/Build/Products/Debug-iphonesimulator/PackageFrameworks -F/Users/maksimkosharny/Library/Developer/Xcode/DerivedData/FootGameScore-flklpgugjzuqjnhfjujkheubgzdj/Build/Products/Debug-iphonesimulator/PackageFrameworks -F/Users/maksimkosharny/Library/Developer/Xcode/DerivedData/FootGameScore-flklpgugjzuqjnhfjujkheubgzdj/Build/Products/Debug-iphonesimulator/PackageFrameworks -F/Users/maksimkosharny/Library/Developer/Xcode/DerivedData/FootGameScore-flklpgugjzuqjnhfjujkheubgzdj/Build/Products/Debug-iphonesimulator/PackageFrameworks -F/Users/maksimkosharny/Library/Developer/Xcode/DerivedData/FootGameScore-flklpgugjzuqjnhfjujkheubgzdj/Build/Products/Debug-iphonesimulator/PackageFrameworks -F/Users/maksimkosharny/Library/Developer/Xcode/DerivedData/FootGameScore-flklpgugjzuqjnhfjujkheubgzdj/Build/Products/Debug-iphonesimulator/PackageFrameworks -F/Users/maksimkosharny/Library/Developer/Xcode/DerivedData/FootGameScore-flklpgugjzuqjnhfjujkheubgzdj/Build/Products/Debug-iphonesimulator/PackageFrameworks -F/Users/maksimkosharny/Library/Developer/Xcode/DerivedData/FootGameScore-flklpgugjzuqjnhfjujkheubgzdj/Build/Products/Debug-iphonesimulator/PackageFrameworks -F/Users/maksimkosharny/Library/Developer/Xcode/DerivedData/FootGameScore-flklpgugjzuqjnhfjujkheubgzdj/Build/Products/Debug-iphonesimulator/PackageFrameworks -F/Users/maksimkosharny/Library/Developer/Xcode/DerivedData/FootGameScore-flklpgugjzuqjnhfjujkheubgzdj/Build/Products/Debug-iphonesimulator -iframework /Applications/Xcode.app/Contents/Developer/Platforms/iPhoneSimulator.platform/Developer/Library/Frameworks -iframework /Applications/Xcode.app/Contents/Developer/Platforms/iPhoneSimulator.platform/Developer/SDKs/iPhoneSimulator26.2.sdk/Developer/Library/Frameworks -filelist /Users/maksimkosharny/Library/Developer/Xcode/DerivedData/FootGameScore-flklpgugjzuqjnhfjujkheubgzdj/Build/Intermediates.noindex/GoogleAppMeasurement.build/Debug-iphonesimulator/GoogleAppMeasurementCoreTarget.build/Objects-normal/arm64/GoogleAppMeasurementCoreTarget.LinkFileList -nostdlib -Xlinker -object_path_lto -Xlinker /Users/maksimkosharny/Library/Developer/Xcode/DerivedData/FootGameScore-flklpgugjzuqjnhfjujkheubgzdj/Build/Intermediates.noindex/GoogleAppMeasurement.build/Debug-iphonesimulator/GoogleAppMeasurementCoreTarget.build/Objects-normal/arm64/GoogleAppMeasurementCoreTarget_lto.o -rdynamic -Xlinker -no_deduplicate -Xlinker -objc_abi_version -Xlinker 2 -Xlinker -dependency_info -Xlinker /Users/maksimkosharny/Library/Developer/Xcode/DerivedData/FootGameScore-flklpgugjzuqjnhfjujkheubgzdj/Build/Intermediates.noindex/GoogleAppMeasurement.build/Debug-iphonesimulator/GoogleAppMeasurementCoreTarget.build/Objects-normal/arm64/GoogleAppMeasurementCoreTarget_dependency_info.dat -fobjc-arc -fobjc-link-runtime -o /Users/maksimkosharny/Library/Developer/Xcode/DerivedData/FootGameScore-flklpgugjzuqjnhfjujkheubgzdj/Build/Products/Debug-iphonesimulator/GoogleAppMeasurementCoreTarget.o

Ld /Users/maksimkosharny/Library/Developer/Xcode/DerivedData/FootGameScore-flklpgugjzuqjnhfjujkheubgzdj/Build/Products/Debug-iphonesimulator/GoogleDataTransport.o normal (in target 'GoogleDataTransport' from project 'GoogleDataTransport')
    cd /Users/maksimkosharny/Library/Developer/Xcode/DerivedData/FootGameScore-flklpgugjzuqjnhfjujkheubgzdj/SourcePackages/checkouts/GoogleDataTransport
    /Applications/Xcode.app/Contents/Developer/Toolchains/XcodeDefault.xctoolchain/usr/bin/clang -Xlinker -reproducible -target arm64-apple-ios12.0-simulator -r -isysroot /Applications/Xcode.app/Contents/Developer/Platforms/iPhoneSimulator.platform/Developer/SDKs/iPhoneSimulator26.2.sdk -O0 -w -L/Users/maksimkosharny/Library/Developer/Xcode/DerivedData/FootGameScore-flklpgugjzuqjnhfjujkheubgzdj/Build/Intermediates.noindex/EagerLinkingTBDs/Debug-iphonesimulator -L/Users/maksimkosharny/Library/Developer/Xcode/DerivedData/FootGameScore-flklpgugjzuqjnhfjujkheubgzdj/Build/Products/Debug-iphonesimulator -L/Applications/Xcode.app/Contents/Developer/Platforms/iPhoneSimulator.platform/Developer/usr/lib -F/Users/maksimkosharny/Library/Developer/Xcode/DerivedData/FootGameScore-flklpgugjzuqjnhfjujkheubgzdj/Build/Intermediates.noindex/EagerLinkingTBDs/Debug-iphonesimulator -F/Users/maksimkosharny/Library/Developer/Xcode/DerivedData/FootGameScore-flklpgugjzuqjnhfjujkheubgzdj/Build/Products/Debug-iphonesimulator/PackageFrameworks -F/Users/maksimkosharny/Library/Developer/Xcode/DerivedData/FootGameScore-flklpgugjzuqjnhfjujkheubgzdj/Build/Products/Debug-iphonesimulator/PackageFrameworks -F/Users/maksimkosharny/Library/Developer/Xcode/DerivedData/FootGameScore-flklpgugjzuqjnhfjujkheubgzdj/Build/Products/Debug-iphonesimulator -iframework /Applications/Xcode.app/Contents/Developer/Platforms/iPhoneSimulator.platform/Developer/Library/Frameworks -iframework /Applications/Xcode.app/Contents/Developer/Platforms/iPhoneSimulator.platform/Developer/SDKs/iPhoneSimulator26.2.sdk/Developer/Library/Frameworks -filelist /Users/maksimkosharny/Library/Developer/Xcode/DerivedData/FootGameScore-flklpgugjzuqjnhfjujkheubgzdj/Build/Intermediates.noindex/GoogleDataTransport.build/Debug-iphonesimulator/GoogleDataTransport.build/Objects-normal/arm64/GoogleDataTransport.LinkFileList -nostdlib -Xlinker -object_path_lto -Xlinker /Users/maksimkosharny/Library/Developer/Xcode/DerivedData/FootGameScore-flklpgugjzuqjnhfjujkheubgzdj/Build/Intermediates.noindex/GoogleDataTransport.build/Debug-iphonesimulator/GoogleDataTransport.build/Objects-normal/arm64/GoogleDataTransport_lto.o -rdynamic -Xlinker -no_deduplicate -Xlinker -objc_abi_version -Xlinker 2 -Xlinker -dependency_info -Xlinker /Users/maksimkosharny/Library/Developer/Xcode/DerivedData/FootGameScore-flklpgugjzuqjnhfjujkheubgzdj/Build/Intermediates.noindex/GoogleDataTransport.build/Debug-iphonesimulator/GoogleDataTransport.build/Objects-normal/arm64/GoogleDataTransport_dependency_info.dat -fobjc-arc -fobjc-link-runtime -o /Users/maksimkosharny/Library/Developer/Xcode/DerivedData/FootGameScore-flklpgugjzuqjnhfjujkheubgzdj/Build/Products/Debug-iphonesimulator/GoogleDataTransport.o

ProcessInfoPlistFile /Users/maksimkosharny/Library/Developer/Xcode/DerivedData/FootGameScore-flklpgugjzuqjnhfjujkheubgzdj/Build/Products/Debug-iphonesimulator/Firebase_FirebaseInstallations.bundle/Info.plist /Users/maksimkosharny/Library/Developer/Xcode/DerivedData/FootGameScore-flklpgugjzuqjnhfjujkheubgzdj/Build/Intermediates.noindex/Firebase.build/Debug-iphonesimulator/Firebase_FirebaseInstallations.build/empty-Firebase_FirebaseInstallations.plist (in target 'Firebase_FirebaseInstallations' from project 'Firebase')
    cd /Users/maksimkosharny/Library/Developer/Xcode/DerivedData/FootGameScore-flklpgugjzuqjnhfjujkheubgzdj/SourcePackages/checkouts/firebase-ios-sdk
    builtin-infoPlistUtility /Users/maksimkosharny/Library/Developer/Xcode/DerivedData/FootGameScore-flklpgugjzuqjnhfjujkheubgzdj/Build/Intermediates.noindex/Firebase.build/Debug-iphonesimulator/Firebase_FirebaseInstallations.build/empty-Firebase_FirebaseInstallations.plist -producttype com.apple.product-type.bundle -expandbuildsettings -format binary -platform iphonesimulator -o /Users/maksimkosharny/Library/Developer/Xcode/DerivedData/FootGameScore-flklpgugjzuqjnhfjujkheubgzdj/Build/Products/Debug-iphonesimulator/Firebase_FirebaseInstallations.bundle/Info.plist

Ld /Users/maksimkosharny/Library/Developer/Xcode/DerivedData/FootGameScore-flklpgugjzuqjnhfjujkheubgzdj/Build/Products/Debug-iphonesimulator/FirebaseInstallations.o normal (in target 'FirebaseInstallations' from project 'Firebase')
    cd /Users/maksimkosharny/Library/Developer/Xcode/DerivedData/FootGameScore-flklpgugjzuqjnhfjujkheubgzdj/SourcePackages/checkouts/firebase-ios-sdk
    /Applications/Xcode.app/Contents/Developer/Toolchains/XcodeDefault.xctoolchain/usr/bin/clang -Xlinker -reproducible -target arm64-apple-ios15.0-simulator -r -isysroot /Applications/Xcode.app/Contents/Developer/Platforms/iPhoneSimulator.platform/Developer/SDKs/iPhoneSimulator26.2.sdk -O0 -w -L/Users/maksimkosharny/Library/Developer/Xcode/DerivedData/FootGameScore-flklpgugjzuqjnhfjujkheubgzdj/Build/Intermediates.noindex/EagerLinkingTBDs/Debug-iphonesimulator -L/Users/maksimkosharny/Library/Developer/Xcode/DerivedData/FootGameScore-flklpgugjzuqjnhfjujkheubgzdj/Build/Products/Debug-iphonesimulator -L/Applications/Xcode.app/Contents/Developer/Platforms/iPhoneSimulator.platform/Developer/usr/lib -F/Users/maksimkosharny/Library/Developer/Xcode/DerivedData/FootGameScore-flklpgugjzuqjnhfjujkheubgzdj/Build/Intermediates.noindex/EagerLinkingTBDs/Debug-iphonesimulator -F/Users/maksimkosharny/Library/Developer/Xcode/DerivedData/FootGameScore-flklpgugjzuqjnhfjujkheubgzdj/Build/Products/Debug-iphonesimulator/PackageFrameworks -F/Users/maksimkosharny/Library/Developer/Xcode/DerivedData/FootGameScore-flklpgugjzuqjnhfjujkheubgzdj/Build/Products/Debug-iphonesimulator/PackageFrameworks -F/Users/maksimkosharny/Library/Developer/Xcode/DerivedData/FootGameScore-flklpgugjzuqjnhfjujkheubgzdj/Build/Products/Debug-iphonesimulator/PackageFrameworks -F/Users/maksimkosharny/Library/Developer/Xcode/DerivedData/FootGameScore-flklpgugjzuqjnhfjujkheubgzdj/Build/Products/Debug-iphonesimulator/PackageFrameworks -F/Users/maksimkosharny/Library/Developer/Xcode/DerivedData/FootGameScore-flklpgugjzuqjnhfjujkheubgzdj/Build/Products/Debug-iphonesimulator/PackageFrameworks -F/Users/maksimkosharny/Library/Developer/Xcode/DerivedData/FootGameScore-flklpgugjzuqjnhfjujkheubgzdj/Build/Products/Debug-iphonesimulator/PackageFrameworks -F/Users/maksimkosharny/Library/Developer/Xcode/DerivedData/FootGameScore-flklpgugjzuqjnhfjujkheubgzdj/Build/Products/Debug-iphonesimulator/PackageFrameworks -F/Users/maksimkosharny/Library/Developer/Xcode/DerivedData/FootGameScore-flklpgugjzuqjnhfjujkheubgzdj/Build/Products/Debug-iphonesimulator/PackageFrameworks -F/Users/maksimkosharny/Library/Developer/Xcode/DerivedData/FootGameScore-flklpgugjzuqjnhfjujkheubgzdj/Build/Products/Debug-iphonesimulator/PackageFrameworks -F/Users/maksimkosharny/Library/Developer/Xcode/DerivedData/FootGameScore-flklpgugjzuqjnhfjujkheubgzdj/Build/Products/Debug-iphonesimulator -iframework /Applications/Xcode.app/Contents/Developer/Platforms/iPhoneSimulator.platform/Developer/Library/Frameworks -iframework /Applications/Xcode.app/Contents/Developer/Platforms/iPhoneSimulator.platform/Developer/SDKs/iPhoneSimulator26.2.sdk/Developer/Library/Frameworks -filelist /Users/maksimkosharny/Library/Developer/Xcode/DerivedData/FootGameScore-flklpgugjzuqjnhfjujkheubgzdj/Build/Intermediates.noindex/Firebase.build/Debug-iphonesimulator/FirebaseInstallations.build/Objects-normal/arm64/FirebaseInstallations.LinkFileList -nostdlib -Xlinker -object_path_lto -Xlinker /Users/maksimkosharny/Library/Developer/Xcode/DerivedData/FootGameScore-flklpgugjzuqjnhfjujkheubgzdj/Build/Intermediates.noindex/Firebase.build/Debug-iphonesimulator/FirebaseInstallations.build/Objects-normal/arm64/FirebaseInstallations_lto.o -rdynamic -Xlinker -no_deduplicate -Xlinker -objc_abi_version -Xlinker 2 -Xlinker -dependency_info -Xlinker /Users/maksimkosharny/Library/Developer/Xcode/DerivedData/FootGameScore-flklpgugjzuqjnhfjujkheubgzdj/Build/Intermediates.noindex/Firebase.build/Debug-iphonesimulator/FirebaseInstallations.build/Objects-normal/arm64/FirebaseInstallations_dependency_info.dat -fobjc-arc -fobjc-link-runtime -o /Users/maksimkosharny/Library/Developer/Xcode/DerivedData/FootGameScore-flklpgugjzuqjnhfjujkheubgzdj/Build/Products/Debug-iphonesimulator/FirebaseInstallations.o

RegisterExecutionPolicyException /Users/maksimkosharny/Library/Developer/Xcode/DerivedData/FootGameScore-flklpgugjzuqjnhfjujkheubgzdj/Build/Products/Debug-iphonesimulator/GoogleAppMeasurementCoreTarget.o (in target 'GoogleAppMeasurementCoreTarget' from project 'GoogleAppMeasurement')
    cd /Users/maksimkosharny/Library/Developer/Xcode/DerivedData/FootGameScore-flklpgugjzuqjnhfjujkheubgzdj/SourcePackages/checkouts/GoogleAppMeasurement
    builtin-RegisterExecutionPolicyException /Users/maksimkosharny/Library/Developer/Xcode/DerivedData/FootGameScore-flklpgugjzuqjnhfjujkheubgzdj/Build/Products/Debug-iphonesimulator/GoogleAppMeasurementCoreTarget.o

RegisterExecutionPolicyException /Users/maksimkosharny/Library/Developer/Xcode/DerivedData/FootGameScore-flklpgugjzuqjnhfjujkheubgzdj/Build/Products/Debug-iphonesimulator/GoogleDataTransport.o (in target 'GoogleDataTransport' from project 'GoogleDataTransport')
    cd /Users/maksimkosharny/Library/Developer/Xcode/DerivedData/FootGameScore-flklpgugjzuqjnhfjujkheubgzdj/SourcePackages/checkouts/GoogleDataTransport
    builtin-RegisterExecutionPolicyException /Users/maksimkosharny/Library/Developer/Xcode/DerivedData/FootGameScore-flklpgugjzuqjnhfjujkheubgzdj/Build/Products/Debug-iphonesimulator/GoogleDataTransport.o

RegisterExecutionPolicyException /Users/maksimkosharny/Library/Developer/Xcode/DerivedData/FootGameScore-flklpgugjzuqjnhfjujkheubgzdj/Build/Products/Debug-iphonesimulator/FirebaseInstallations.o (in target 'FirebaseInstallations' from project 'Firebase')
    cd /Users/maksimkosharny/Library/Developer/Xcode/DerivedData/FootGameScore-flklpgugjzuqjnhfjujkheubgzdj/SourcePackages/checkouts/firebase-ios-sdk
    builtin-RegisterExecutionPolicyException /Users/maksimkosharny/Library/Developer/Xcode/DerivedData/FootGameScore-flklpgugjzuqjnhfjujkheubgzdj/Build/Products/Debug-iphonesimulator/FirebaseInstallations.o

Ld /Users/maksimkosharny/Library/Developer/Xcode/DerivedData/FootGameScore-flklpgugjzuqjnhfjujkheubgzdj/Build/Products/Debug-iphonesimulator/FirebaseAnalyticsCoreWrapper.o normal (in target 'FirebaseAnalyticsCoreWrapper' from project 'Firebase')
    cd /Users/maksimkosharny/Library/Developer/Xcode/DerivedData/FootGameScore-flklpgugjzuqjnhfjujkheubgzdj/SourcePackages/checkouts/firebase-ios-sdk
    /Applications/Xcode.app/Contents/Developer/Toolchains/XcodeDefault.xctoolchain/usr/bin/clang -Xlinker -reproducible -target arm64-apple-ios15.0-simulator -r -isysroot /Applications/Xcode.app/Contents/Developer/Platforms/iPhoneSimulator.platform/Developer/SDKs/iPhoneSimulator26.2.sdk -O0 -w -L/Users/maksimkosharny/Library/Developer/Xcode/DerivedData/FootGameScore-flklpgugjzuqjnhfjujkheubgzdj/Build/Intermediates.noindex/EagerLinkingTBDs/Debug-iphonesimulator -L/Users/maksimkosharny/Library/Developer/Xcode/DerivedData/FootGameScore-flklpgugjzuqjnhfjujkheubgzdj/Build/Products/Debug-iphonesimulator -L/Applications/Xcode.app/Contents/Developer/Platforms/iPhoneSimulator.platform/Developer/usr/lib -F/Users/maksimkosharny/Library/Developer/Xcode/DerivedData/FootGameScore-flklpgugjzuqjnhfjujkheubgzdj/Build/Intermediates.noindex/EagerLinkingTBDs/Debug-iphonesimulator -F/Users/maksimkosharny/Library/Developer/Xcode/DerivedData/FootGameScore-flklpgugjzuqjnhfjujkheubgzdj/Build/Products/Debug-iphonesimulator/PackageFrameworks -F/Users/maksimkosharny/Library/Developer/Xcode/DerivedData/FootGameScore-flklpgugjzuqjnhfjujkheubgzdj/Build/Products/Debug-iphonesimulator/PackageFrameworks -F/Users/maksimkosharny/Library/Developer/Xcode/DerivedData/FootGameScore-flklpgugjzuqjnhfjujkheubgzdj/Build/Products/Debug-iphonesimulator/PackageFrameworks -F/Users/maksimkosharny/Library/Developer/Xcode/DerivedData/FootGameScore-flklpgugjzuqjnhfjujkheubgzdj/Build/Products/Debug-iphonesimulator/PackageFrameworks -F/Users/maksimkosharny/Library/Developer/Xcode/DerivedData/FootGameScore-flklpgugjzuqjnhfjujkheubgzdj/Build/Products/Debug-iphonesimulator/PackageFrameworks -F/Users/maksimkosharny/Library/Developer/Xcode/DerivedData/FootGameScore-flklpgugjzuqjnhfjujkheubgzdj/Build/Products/Debug-iphonesimulator/PackageFrameworks -F/Users/maksimkosharny/Library/Developer/Xcode/DerivedData/FootGameScore-flklpgugjzuqjnhfjujkheubgzdj/Build/Products/Debug-iphonesimulator/PackageFrameworks -F/Users/maksimkosharny/Library/Developer/Xcode/DerivedData/FootGameScore-flklpgugjzuqjnhfjujkheubgzdj/Build/Products/Debug-iphonesimulator/PackageFrameworks -F/Users/maksimkosharny/Library/Developer/Xcode/DerivedData/FootGameScore-flklpgugjzuqjnhfjujkheubgzdj/Build/Products/Debug-iphonesimulator/PackageFrameworks -F/Users/maksimkosharny/Library/Developer/Xcode/DerivedData/FootGameScore-flklpgugjzuqjnhfjujkheubgzdj/Build/Products/Debug-iphonesimulator/PackageFrameworks -F/Users/maksimkosharny/Library/Developer/Xcode/DerivedData/FootGameScore-flklpgugjzuqjnhfjujkheubgzdj/Build/Products/Debug-iphonesimulator/PackageFrameworks -F/Users/maksimkosharny/Library/Developer/Xcode/DerivedData/FootGameScore-flklpgugjzuqjnhfjujkheubgzdj/Build/Products/Debug-iphonesimulator/PackageFrameworks -F/Users/maksimkosharny/Library/Developer/Xcode/DerivedData/FootGameScore-flklpgugjzuqjnhfjujkheubgzdj/Build/Products/Debug-iphonesimulator/PackageFrameworks -F/Users/maksimkosharny/Library/Developer/Xcode/DerivedData/FootGameScore-flklpgugjzuqjnhfjujkheubgzdj/Build/Products/Debug-iphonesimulator/PackageFrameworks -F/Users/maksimkosharny/Library/Developer/Xcode/DerivedData/FootGameScore-flklpgugjzuqjnhfjujkheubgzdj/Build/Products/Debug-iphonesimulator/PackageFrameworks -F/Users/maksimkosharny/Library/Developer/Xcode/DerivedData/FootGameScore-flklpgugjzuqjnhfjujkheubgzdj/Build/Products/Debug-iphonesimulator/PackageFrameworks -F/Users/maksimkosharny/Library/Developer/Xcode/DerivedData/FootGameScore-flklpgugjzuqjnhfjujkheubgzdj/Build/Products/Debug-iphonesimulator -iframework /Applications/Xcode.app/Contents/Developer/Platforms/iPhoneSimulator.platform/Developer/Library/Frameworks -iframework /Applications/Xcode.app/Contents/Developer/Platforms/iPhoneSimulator.platform/Developer/SDKs/iPhoneSimulator26.2.sdk/Developer/Library/Frameworks -filelist /Users/maksimkosharny/Library/Developer/Xcode/DerivedData/FootGameScore-flklpgugjzuqjnhfjujkheubgzdj/Build/Intermediates.noindex/Firebase.build/Debug-iphonesimulator/FirebaseAnalyticsCoreWrapper.build/Objects-normal/arm64/FirebaseAnalyticsCoreWrapper.LinkFileList -nostdlib -Xlinker -object_path_lto -Xlinker /Users/maksimkosharny/Library/Developer/Xcode/DerivedData/FootGameScore-flklpgugjzuqjnhfjujkheubgzdj/Build/Intermediates.noindex/Firebase.build/Debug-iphonesimulator/FirebaseAnalyticsCoreWrapper.build/Objects-normal/arm64/FirebaseAnalyticsCoreWrapper_lto.o -rdynamic -Xlinker -no_deduplicate -Xlinker -objc_abi_version -Xlinker 2 -Xlinker -dependency_info -Xlinker /Users/maksimkosharny/Library/Developer/Xcode/DerivedData/FootGameScore-flklpgugjzuqjnhfjujkheubgzdj/Build/Intermediates.noindex/Firebase.build/Debug-iphonesimulator/FirebaseAnalyticsCoreWrapper.build/Objects-normal/arm64/FirebaseAnalyticsCoreWrapper_dependency_info.dat -fobjc-arc -fobjc-link-runtime -o /Users/maksimkosharny/Library/Developer/Xcode/DerivedData/FootGameScore-flklpgugjzuqjnhfjujkheubgzdj/Build/Products/Debug-iphonesimulator/FirebaseAnalyticsCoreWrapper.o

ProcessInfoPlistFile /Users/maksimkosharny/Library/Developer/Xcode/DerivedData/FootGameScore-flklpgugjzuqjnhfjujkheubgzdj/Build/Products/Debug-iphonesimulator/Firebase_FirebaseMessaging.bundle/Info.plist /Users/maksimkosharny/Library/Developer/Xcode/DerivedData/FootGameScore-flklpgugjzuqjnhfjujkheubgzdj/Build/Intermediates.noindex/Firebase.build/Debug-iphonesimulator/Firebase_FirebaseMessaging.build/empty-Firebase_FirebaseMessaging.plist (in target 'Firebase_FirebaseMessaging' from project 'Firebase')
    cd /Users/maksimkosharny/Library/Developer/Xcode/DerivedData/FootGameScore-flklpgugjzuqjnhfjujkheubgzdj/SourcePackages/checkouts/firebase-ios-sdk
    builtin-infoPlistUtility /Users/maksimkosharny/Library/Developer/Xcode/DerivedData/FootGameScore-flklpgugjzuqjnhfjujkheubgzdj/Build/Intermediates.noindex/Firebase.build/Debug-iphonesimulator/Firebase_FirebaseMessaging.build/empty-Firebase_FirebaseMessaging.plist -producttype com.apple.product-type.bundle -expandbuildsettings -format binary -platform iphonesimulator -o /Users/maksimkosharny/Library/Developer/Xcode/DerivedData/FootGameScore-flklpgugjzuqjnhfjujkheubgzdj/Build/Products/Debug-iphonesimulator/Firebase_FirebaseMessaging.bundle/Info.plist

Ld /Users/maksimkosharny/Library/Developer/Xcode/DerivedData/FootGameScore-flklpgugjzuqjnhfjujkheubgzdj/Build/Products/Debug-iphonesimulator/FirebaseMessaging.o normal (in target 'FirebaseMessaging' from project 'Firebase')
    cd /Users/maksimkosharny/Library/Developer/Xcode/DerivedData/FootGameScore-flklpgugjzuqjnhfjujkheubgzdj/SourcePackages/checkouts/firebase-ios-sdk
    /Applications/Xcode.app/Contents/Developer/Toolchains/XcodeDefault.xctoolchain/usr/bin/clang -Xlinker -reproducible -target arm64-apple-ios15.0-simulator -r -isysroot /Applications/Xcode.app/Contents/Developer/Platforms/iPhoneSimulator.platform/Developer/SDKs/iPhoneSimulator26.2.sdk -O0 -w -L/Users/maksimkosharny/Library/Developer/Xcode/DerivedData/FootGameScore-flklpgugjzuqjnhfjujkheubgzdj/Build/Intermediates.noindex/EagerLinkingTBDs/Debug-iphonesimulator -L/Users/maksimkosharny/Library/Developer/Xcode/DerivedData/FootGameScore-flklpgugjzuqjnhfjujkheubgzdj/Build/Products/Debug-iphonesimulator -L/Applications/Xcode.app/Contents/Developer/Platforms/iPhoneSimulator.platform/Developer/usr/lib -F/Users/maksimkosharny/Library/Developer/Xcode/DerivedData/FootGameScore-flklpgugjzuqjnhfjujkheubgzdj/Build/Intermediates.noindex/EagerLinkingTBDs/Debug-iphonesimulator -F/Users/maksimkosharny/Library/Developer/Xcode/DerivedData/FootGameScore-flklpgugjzuqjnhfjujkheubgzdj/Build/Products/Debug-iphonesimulator/PackageFrameworks -F/Users/maksimkosharny/Library/Developer/Xcode/DerivedData/FootGameScore-flklpgugjzuqjnhfjujkheubgzdj/Build/Products/Debug-iphonesimulator/PackageFrameworks -F/Users/maksimkosharny/Library/Developer/Xcode/DerivedData/FootGameScore-flklpgugjzuqjnhfjujkheubgzdj/Build/Products/Debug-iphonesimulator/PackageFrameworks -F/Users/maksimkosharny/Library/Developer/Xcode/DerivedData/FootGameScore-flklpgugjzuqjnhfjujkheubgzdj/Build/Products/Debug-iphonesimulator/PackageFrameworks -F/Users/maksimkosharny/Library/Developer/Xcode/DerivedData/FootGameScore-flklpgugjzuqjnhfjujkheubgzdj/Build/Products/Debug-iphonesimulator/PackageFrameworks -F/Users/maksimkosharny/Library/Developer/Xcode/DerivedData/FootGameScore-flklpgugjzuqjnhfjujkheubgzdj/Build/Products/Debug-iphonesimulator/PackageFrameworks -F/Users/maksimkosharny/Library/Developer/Xcode/DerivedData/FootGameScore-flklpgugjzuqjnhfjujkheubgzdj/Build/Products/Debug-iphonesimulator/PackageFrameworks -F/Users/maksimkosharny/Library/Developer/Xcode/DerivedData/FootGameScore-flklpgugjzuqjnhfjujkheubgzdj/Build/Products/Debug-iphonesimulator/PackageFrameworks -F/Users/maksimkosharny/Library/Developer/Xcode/DerivedData/FootGameScore-flklpgugjzuqjnhfjujkheubgzdj/Build/Products/Debug-iphonesimulator/PackageFrameworks -F/Users/maksimkosharny/Library/Developer/Xcode/DerivedData/FootGameScore-flklpgugjzuqjnhfjujkheubgzdj/Build/Products/Debug-iphonesimulator/PackageFrameworks -F/Users/maksimkosharny/Library/Developer/Xcode/DerivedData/FootGameScore-flklpgugjzuqjnhfjujkheubgzdj/Build/Products/Debug-iphonesimulator/PackageFrameworks -F/Users/maksimkosharny/Library/Developer/Xcode/DerivedData/FootGameScore-flklpgugjzuqjnhfjujkheubgzdj/Build/Products/Debug-iphonesimulator/PackageFrameworks -F/Users/maksimkosharny/Library/Developer/Xcode/DerivedData/FootGameScore-flklpgugjzuqjnhfjujkheubgzdj/Build/Products/Debug-iphonesimulator/PackageFrameworks -F/Users/maksimkosharny/Library/Developer/Xcode/DerivedData/FootGameScore-flklpgugjzuqjnhfjujkheubgzdj/Build/Products/Debug-iphonesimulator/PackageFrameworks -F/Users/maksimkosharny/Library/Developer/Xcode/DerivedData/FootGameScore-flklpgugjzuqjnhfjujkheubgzdj/Build/Products/Debug-iphonesimulator/PackageFrameworks -F/Users/maksimkosharny/Library/Developer/Xcode/DerivedData/FootGameScore-flklpgugjzuqjnhfjujkheubgzdj/Build/Products/Debug-iphonesimulator -iframework /Applications/Xcode.app/Contents/Developer/Platforms/iPhoneSimulator.platform/Developer/Library/Frameworks -iframework /Applications/Xcode.app/Contents/Developer/Platforms/iPhoneSimulator.platform/Developer/SDKs/iPhoneSimulator26.2.sdk/Developer/Library/Frameworks -filelist /Users/maksimkosharny/Library/Developer/Xcode/DerivedData/FootGameScore-flklpgugjzuqjnhfjujkheubgzdj/Build/Intermediates.noindex/Firebase.build/Debug-iphonesimulator/FirebaseMessaging.build/Objects-normal/arm64/FirebaseMessaging.LinkFileList -nostdlib -Xlinker -object_path_lto -Xlinker /Users/maksimkosharny/Library/Developer/Xcode/DerivedData/FootGameScore-flklpgugjzuqjnhfjujkheubgzdj/Build/Intermediates.noindex/Firebase.build/Debug-iphonesimulator/FirebaseMessaging.build/Objects-normal/arm64/FirebaseMessaging_lto.o -rdynamic -Xlinker -no_deduplicate -Xlinker -objc_abi_version -Xlinker 2 -Xlinker -dependency_info -Xlinker /Users/maksimkosharny/Library/Developer/Xcode/DerivedData/FootGameScore-flklpgugjzuqjnhfjujkheubgzdj/Build/Intermediates.noindex/Firebase.build/Debug-iphonesimulator/FirebaseMessaging.build/Objects-normal/arm64/FirebaseMessaging_dependency_info.dat -fobjc-arc -fobjc-link-runtime -o /Users/maksimkosharny/Library/Developer/Xcode/DerivedData/FootGameScore-flklpgugjzuqjnhfjujkheubgzdj/Build/Products/Debug-iphonesimulator/FirebaseMessaging.o

RegisterExecutionPolicyException /Users/maksimkosharny/Library/Developer/Xcode/DerivedData/FootGameScore-flklpgugjzuqjnhfjujkheubgzdj/Build/Products/Debug-iphonesimulator/FirebaseAnalyticsCoreWrapper.o (in target 'FirebaseAnalyticsCoreWrapper' from project 'Firebase')
    cd /Users/maksimkosharny/Library/Developer/Xcode/DerivedData/FootGameScore-flklpgugjzuqjnhfjujkheubgzdj/SourcePackages/checkouts/firebase-ios-sdk
    builtin-RegisterExecutionPolicyException /Users/maksimkosharny/Library/Developer/Xcode/DerivedData/FootGameScore-flklpgugjzuqjnhfjujkheubgzdj/Build/Products/Debug-iphonesimulator/FirebaseAnalyticsCoreWrapper.o

RegisterExecutionPolicyException /Users/maksimkosharny/Library/Developer/Xcode/DerivedData/FootGameScore-flklpgugjzuqjnhfjujkheubgzdj/Build/Products/Debug-iphonesimulator/FirebaseMessaging.o (in target 'FirebaseMessaging' from project 'Firebase')
    cd /Users/maksimkosharny/Library/Developer/Xcode/DerivedData/FootGameScore-flklpgugjzuqjnhfjujkheubgzdj/SourcePackages/checkouts/firebase-ios-sdk
    builtin-RegisterExecutionPolicyException /Users/maksimkosharny/Library/Developer/Xcode/DerivedData/FootGameScore-flklpgugjzuqjnhfjujkheubgzdj/Build/Products/Debug-iphonesimulator/FirebaseMessaging.o

Ld /Users/maksimkosharny/Library/Developer/Xcode/DerivedData/FootGameScore-flklpgugjzuqjnhfjujkheubgzdj/Build/Products/Debug-iphonesimulator/FirebaseAnalyticsCoreTarget.o normal (in target 'FirebaseAnalyticsCoreTarget' from project 'Firebase')
    cd /Users/maksimkosharny/Library/Developer/Xcode/DerivedData/FootGameScore-flklpgugjzuqjnhfjujkheubgzdj/SourcePackages/checkouts/firebase-ios-sdk
    /Applications/Xcode.app/Contents/Developer/Toolchains/XcodeDefault.xctoolchain/usr/bin/clang -Xlinker -reproducible -target arm64-apple-ios15.0-simulator -r -isysroot /Applications/Xcode.app/Contents/Developer/Platforms/iPhoneSimulator.platform/Developer/SDKs/iPhoneSimulator26.2.sdk -O0 -w -L/Users/maksimkosharny/Library/Developer/Xcode/DerivedData/FootGameScore-flklpgugjzuqjnhfjujkheubgzdj/Build/Intermediates.noindex/EagerLinkingTBDs/Debug-iphonesimulator -L/Users/maksimkosharny/Library/Developer/Xcode/DerivedData/FootGameScore-flklpgugjzuqjnhfjujkheubgzdj/Build/Products/Debug-iphonesimulator -L/Applications/Xcode.app/Contents/Developer/Platforms/iPhoneSimulator.platform/Developer/usr/lib -F/Users/maksimkosharny/Library/Developer/Xcode/DerivedData/FootGameScore-flklpgugjzuqjnhfjujkheubgzdj/Build/Intermediates.noindex/EagerLinkingTBDs/Debug-iphonesimulator -F/Users/maksimkosharny/Library/Developer/Xcode/DerivedData/FootGameScore-flklpgugjzuqjnhfjujkheubgzdj/Build/Products/Debug-iphonesimulator/PackageFrameworks -F/Users/maksimkosharny/Library/Developer/Xcode/DerivedData/FootGameScore-flklpgugjzuqjnhfjujkheubgzdj/Build/Products/Debug-iphonesimulator/PackageFrameworks -F/Users/maksimkosharny/Library/Developer/Xcode/DerivedData/FootGameScore-flklpgugjzuqjnhfjujkheubgzdj/Build/Products/Debug-iphonesimulator/PackageFrameworks -F/Users/maksimkosharny/Library/Developer/Xcode/DerivedData/FootGameScore-flklpgugjzuqjnhfjujkheubgzdj/Build/Products/Debug-iphonesimulator/PackageFrameworks -F/Users/maksimkosharny/Library/Developer/Xcode/DerivedData/FootGameScore-flklpgugjzuqjnhfjujkheubgzdj/Build/Products/Debug-iphonesimulator/PackageFrameworks -F/Users/maksimkosharny/Library/Developer/Xcode/DerivedData/FootGameScore-flklpgugjzuqjnhfjujkheubgzdj/Build/Products/Debug-iphonesimulator/PackageFrameworks -F/Users/maksimkosharny/Library/Developer/Xcode/DerivedData/FootGameScore-flklpgugjzuqjnhfjujkheubgzdj/Build/Products/Debug-iphonesimulator/PackageFrameworks -F/Users/maksimkosharny/Library/Developer/Xcode/DerivedData/FootGameScore-flklpgugjzuqjnhfjujkheubgzdj/Build/Products/Debug-iphonesimulator/PackageFrameworks -F/Users/maksimkosharny/Library/Developer/Xcode/DerivedData/FootGameScore-flklpgugjzuqjnhfjujkheubgzdj/Build/Products/Debug-iphonesimulator/PackageFrameworks -F/Users/maksimkosharny/Library/Developer/Xcode/DerivedData/FootGameScore-flklpgugjzuqjnhfjujkheubgzdj/Build/Products/Debug-iphonesimulator/PackageFrameworks -F/Users/maksimkosharny/Library/Developer/Xcode/DerivedData/FootGameScore-flklpgugjzuqjnhfjujkheubgzdj/Build/Products/Debug-iphonesimulator/PackageFrameworks -F/Users/maksimkosharny/Library/Developer/Xcode/DerivedData/FootGameScore-flklpgugjzuqjnhfjujkheubgzdj/Build/Products/Debug-iphonesimulator/PackageFrameworks -F/Users/maksimkosharny/Library/Developer/Xcode/DerivedData/FootGameScore-flklpgugjzuqjnhfjujkheubgzdj/Build/Products/Debug-iphonesimulator/PackageFrameworks -F/Users/maksimkosharny/Library/Developer/Xcode/DerivedData/FootGameScore-flklpgugjzuqjnhfjujkheubgzdj/Build/Products/Debug-iphonesimulator/PackageFrameworks -F/Users/maksimkosharny/Library/Developer/Xcode/DerivedData/FootGameScore-flklpgugjzuqjnhfjujkheubgzdj/Build/Products/Debug-iphonesimulator/PackageFrameworks -F/Users/maksimkosharny/Library/Developer/Xcode/DerivedData/FootGameScore-flklpgugjzuqjnhfjujkheubgzdj/Build/Products/Debug-iphonesimulator/PackageFrameworks -F/Users/maksimkosharny/Library/Developer/Xcode/DerivedData/FootGameScore-flklpgugjzuqjnhfjujkheubgzdj/Build/Products/Debug-iphonesimulator/PackageFrameworks -F/Users/maksimkosharny/Library/Developer/Xcode/DerivedData/FootGameScore-flklpgugjzuqjnhfjujkheubgzdj/Build/Products/Debug-iphonesimulator -iframework /Applications/Xcode.app/Contents/Developer/Platforms/iPhoneSimulator.platform/Developer/Library/Frameworks -iframework /Applications/Xcode.app/Contents/Developer/Platforms/iPhoneSimulator.platform/Developer/SDKs/iPhoneSimulator26.2.sdk/Developer/Library/Frameworks -filelist /Users/maksimkosharny/Library/Developer/Xcode/DerivedData/FootGameScore-flklpgugjzuqjnhfjujkheubgzdj/Build/Intermediates.noindex/Firebase.build/Debug-iphonesimulator/FirebaseAnalyticsCoreTarget.build/Objects-normal/arm64/FirebaseAnalyticsCoreTarget.LinkFileList -nostdlib -Xlinker -object_path_lto -Xlinker /Users/maksimkosharny/Library/Developer/Xcode/DerivedData/FootGameScore-flklpgugjzuqjnhfjujkheubgzdj/Build/Intermediates.noindex/Firebase.build/Debug-iphonesimulator/FirebaseAnalyticsCoreTarget.build/Objects-normal/arm64/FirebaseAnalyticsCoreTarget_lto.o -rdynamic -Xlinker -no_deduplicate -Xlinker -objc_abi_version -Xlinker 2 -Xlinker -dependency_info -Xlinker /Users/maksimkosharny/Library/Developer/Xcode/DerivedData/FootGameScore-flklpgugjzuqjnhfjujkheubgzdj/Build/Intermediates.noindex/Firebase.build/Debug-iphonesimulator/FirebaseAnalyticsCoreTarget.build/Objects-normal/arm64/FirebaseAnalyticsCoreTarget_dependency_info.dat -fobjc-arc -fobjc-link-runtime -o /Users/maksimkosharny/Library/Developer/Xcode/DerivedData/FootGameScore-flklpgugjzuqjnhfjujkheubgzdj/Build/Products/Debug-iphonesimulator/FirebaseAnalyticsCoreTarget.o

RegisterExecutionPolicyException /Users/maksimkosharny/Library/Developer/Xcode/DerivedData/FootGameScore-flklpgugjzuqjnhfjujkheubgzdj/Build/Products/Debug-iphonesimulator/FirebaseSharedSwift.o (in target 'FirebaseSharedSwift' from project 'Firebase')
    cd /Users/maksimkosharny/Library/Developer/Xcode/DerivedData/FootGameScore-flklpgugjzuqjnhfjujkheubgzdj/SourcePackages/checkouts/firebase-ios-sdk
    builtin-RegisterExecutionPolicyException /Users/maksimkosharny/Library/Developer/Xcode/DerivedData/FootGameScore-flklpgugjzuqjnhfjujkheubgzdj/Build/Products/Debug-iphonesimulator/FirebaseSharedSwift.o

ProcessInfoPlistFile /Users/maksimkosharny/Library/Developer/Xcode/DerivedData/FootGameScore-flklpgugjzuqjnhfjujkheubgzdj/Build/Products/Debug-iphonesimulator/Firebase_FirebaseFirestore.bundle/Info.plist /Users/maksimkosharny/Library/Developer/Xcode/DerivedData/FootGameScore-flklpgugjzuqjnhfjujkheubgzdj/Build/Intermediates.noindex/Firebase.build/Debug-iphonesimulator/Firebase_FirebaseFirestore.build/empty-Firebase_FirebaseFirestore.plist (in target 'Firebase_FirebaseFirestore' from project 'Firebase')
    cd /Users/maksimkosharny/Library/Developer/Xcode/DerivedData/FootGameScore-flklpgugjzuqjnhfjujkheubgzdj/SourcePackages/checkouts/firebase-ios-sdk
    builtin-infoPlistUtility /Users/maksimkosharny/Library/Developer/Xcode/DerivedData/FootGameScore-flklpgugjzuqjnhfjujkheubgzdj/Build/Intermediates.noindex/Firebase.build/Debug-iphonesimulator/Firebase_FirebaseFirestore.build/empty-Firebase_FirebaseFirestore.plist -producttype com.apple.product-type.bundle -expandbuildsettings -format binary -platform iphonesimulator -o /Users/maksimkosharny/Library/Developer/Xcode/DerivedData/FootGameScore-flklpgugjzuqjnhfjujkheubgzdj/Build/Products/Debug-iphonesimulator/Firebase_FirebaseFirestore.bundle/Info.plist

RegisterExecutionPolicyException /Users/maksimkosharny/Library/Developer/Xcode/DerivedData/FootGameScore-flklpgugjzuqjnhfjujkheubgzdj/Build/Products/Debug-iphonesimulator/FirebaseAnalyticsCoreTarget.o (in target 'FirebaseAnalyticsCoreTarget' from project 'Firebase')
    cd /Users/maksimkosharny/Library/Developer/Xcode/DerivedData/FootGameScore-flklpgugjzuqjnhfjujkheubgzdj/SourcePackages/checkouts/firebase-ios-sdk
    builtin-RegisterExecutionPolicyException /Users/maksimkosharny/Library/Developer/Xcode/DerivedData/FootGameScore-flklpgugjzuqjnhfjujkheubgzdj/Build/Products/Debug-iphonesimulator/FirebaseAnalyticsCoreTarget.o

Ld /Users/maksimkosharny/Library/Developer/Xcode/DerivedData/FootGameScore-flklpgugjzuqjnhfjujkheubgzdj/Build/Products/Debug-iphonesimulator/FirebaseFirestore.o normal (in target 'FirebaseFirestore' from project 'Firebase')
    cd /Users/maksimkosharny/Library/Developer/Xcode/DerivedData/FootGameScore-flklpgugjzuqjnhfjujkheubgzdj/SourcePackages/checkouts/firebase-ios-sdk
    /Applications/Xcode.app/Contents/Developer/Toolchains/XcodeDefault.xctoolchain/usr/bin/clang -Xlinker -reproducible -target arm64-apple-ios15.0-simulator -r -isysroot /Applications/Xcode.app/Contents/Developer/Platforms/iPhoneSimulator.platform/Developer/SDKs/iPhoneSimulator26.2.sdk -O0 -w -L/Users/maksimkosharny/Library/Developer/Xcode/DerivedData/FootGameScore-flklpgugjzuqjnhfjujkheubgzdj/Build/Intermediates.noindex/EagerLinkingTBDs/Debug-iphonesimulator -L/Users/maksimkosharny/Library/Developer/Xcode/DerivedData/FootGameScore-flklpgugjzuqjnhfjujkheubgzdj/Build/Products/Debug-iphonesimulator -L/Applications/Xcode.app/Contents/Developer/Platforms/iPhoneSimulator.platform/Developer/usr/lib -F/Users/maksimkosharny/Library/Developer/Xcode/DerivedData/FootGameScore-flklpgugjzuqjnhfjujkheubgzdj/Build/Intermediates.noindex/EagerLinkingTBDs/Debug-iphonesimulator -F/Users/maksimkosharny/Library/Developer/Xcode/DerivedData/FootGameScore-flklpgugjzuqjnhfjujkheubgzdj/Build/Products/Debug-iphonesimulator/PackageFrameworks -F/Users/maksimkosharny/Library/Developer/Xcode/DerivedData/FootGameScore-flklpgugjzuqjnhfjujkheubgzdj/Build/Products/Debug-iphonesimulator/PackageFrameworks -F/Users/maksimkosharny/Library/Developer/Xcode/DerivedData/FootGameScore-flklpgugjzuqjnhfjujkheubgzdj/Build/Products/Debug-iphonesimulator/PackageFrameworks -F/Users/maksimkosharny/Library/Developer/Xcode/DerivedData/FootGameScore-flklpgugjzuqjnhfjujkheubgzdj/Build/Products/Debug-iphonesimulator/PackageFrameworks -F/Users/maksimkosharny/Library/Developer/Xcode/DerivedData/FootGameScore-flklpgugjzuqjnhfjujkheubgzdj/Build/Products/Debug-iphonesimulator/PackageFrameworks -F/Users/maksimkosharny/Library/Developer/Xcode/DerivedData/FootGameScore-flklpgugjzuqjnhfjujkheubgzdj/Build/Products/Debug-iphonesimulator/PackageFrameworks -F/Users/maksimkosharny/Library/Developer/Xcode/DerivedData/FootGameScore-flklpgugjzuqjnhfjujkheubgzdj/Build/Products/Debug-iphonesimulator/PackageFrameworks -F/Users/maksimkosharny/Library/Developer/Xcode/DerivedData/FootGameScore-flklpgugjzuqjnhfjujkheubgzdj/Build/Products/Debug-iphonesimulator/PackageFrameworks -F/Users/maksimkosharny/Library/Developer/Xcode/DerivedData/FootGameScore-flklpgugjzuqjnhfjujkheubgzdj/Build/Products/Debug-iphonesimulator/PackageFrameworks -F/Users/maksimkosharny/Library/Developer/Xcode/DerivedData/FootGameScore-flklpgugjzuqjnhfjujkheubgzdj/Build/Products/Debug-iphonesimulator/PackageFrameworks -F/Users/maksimkosharny/Library/Developer/Xcode/DerivedData/FootGameScore-flklpgugjzuqjnhfjujkheubgzdj/Build/Products/Debug-iphonesimulator/PackageFrameworks -F/Users/maksimkosharny/Library/Developer/Xcode/DerivedData/FootGameScore-flklpgugjzuqjnhfjujkheubgzdj/Build/Products/Debug-iphonesimulator/PackageFrameworks -F/Users/maksimkosharny/Library/Developer/Xcode/DerivedData/FootGameScore-flklpgugjzuqjnhfjujkheubgzdj/Build/Products/Debug-iphonesimulator/PackageFrameworks -F/Users/maksimkosharny/Library/Developer/Xcode/DerivedData/FootGameScore-flklpgugjzuqjnhfjujkheubgzdj/Build/Products/Debug-iphonesimulator/PackageFrameworks -F/Users/maksimkosharny/Library/Developer/Xcode/DerivedData/FootGameScore-flklpgugjzuqjnhfjujkheubgzdj/Build/Products/Debug-iphonesimulator/PackageFrameworks -F/Users/maksimkosharny/Library/Developer/Xcode/DerivedData/FootGameScore-flklpgugjzuqjnhfjujkheubgzdj/Build/Products/Debug-iphonesimulator/PackageFrameworks -F/Users/maksimkosharny/Library/Developer/Xcode/DerivedData/FootGameScore-flklpgugjzuqjnhfjujkheubgzdj/Build/Products/Debug-iphonesimulator/PackageFrameworks -F/Users/maksimkosharny/Library/Developer/Xcode/DerivedData/FootGameScore-flklpgugjzuqjnhfjujkheubgzdj/Build/Products/Debug-iphonesimulator -iframework /Applications/Xcode.app/Contents/Developer/Platforms/iPhoneSimulator.platform/Developer/Library/Frameworks -iframework /Applications/Xcode.app/Contents/Developer/Platforms/iPhoneSimulator.platform/Developer/SDKs/iPhoneSimulator26.2.sdk/Developer/Library/Frameworks -filelist /Users/maksimkosharny/Library/Developer/Xcode/DerivedData/FootGameScore-flklpgugjzuqjnhfjujkheubgzdj/Build/Intermediates.noindex/Firebase.build/Debug-iphonesimulator/FirebaseFirestore.build/Objects-normal/arm64/FirebaseFirestore.LinkFileList -nostdlib -Xlinker -object_path_lto -Xlinker /Users/maksimkosharny/Library/Developer/Xcode/DerivedData/FootGameScore-flklpgugjzuqjnhfjujkheubgzdj/Build/Intermediates.noindex/Firebase.build/Debug-iphonesimulator/FirebaseFirestore.build/Objects-normal/arm64/FirebaseFirestore_lto.o -rdynamic -Xlinker -no_deduplicate -Xlinker -objc_abi_version -Xlinker 2 -Xlinker -dependency_info -Xlinker /Users/maksimkosharny/Library/Developer/Xcode/DerivedData/FootGameScore-flklpgugjzuqjnhfjujkheubgzdj/Build/Intermediates.noindex/Firebase.build/Debug-iphonesimulator/FirebaseFirestore.build/Objects-normal/arm64/FirebaseFirestore_dependency_info.dat -fobjc-link-runtime -L/Applications/Xcode.app/Contents/Developer/Toolchains/XcodeDefault.xctoolchain/usr/lib/swift/iphonesimulator -L/usr/lib/swift -Xlinker -add_ast_path -Xlinker /Users/maksimkosharny/Library/Developer/Xcode/DerivedData/FootGameScore-flklpgugjzuqjnhfjujkheubgzdj/Build/Intermediates.noindex/Firebase.build/Debug-iphonesimulator/FirebaseFirestore.build/Objects-normal/arm64/FirebaseFirestore.swiftmodule @/Users/maksimkosharny/Library/Developer/Xcode/DerivedData/FootGameScore-flklpgugjzuqjnhfjujkheubgzdj/Build/Intermediates.noindex/Firebase.build/Debug-iphonesimulator/FirebaseFirestore.build/Objects-normal/arm64/FirebaseFirestore-linker-args.resp -o /Users/maksimkosharny/Library/Developer/Xcode/DerivedData/FootGameScore-flklpgugjzuqjnhfjujkheubgzdj/Build/Products/Debug-iphonesimulator/FirebaseFirestore.o

ExtractAppIntentsMetadata (in target 'FirebaseFirestore' from project 'Firebase')
    cd /Users/maksimkosharny/Library/Developer/Xcode/DerivedData/FootGameScore-flklpgugjzuqjnhfjujkheubgzdj/SourcePackages/checkouts/firebase-ios-sdk
    /Applications/Xcode.app/Contents/Developer/Toolchains/XcodeDefault.xctoolchain/usr/bin/appintentsmetadataprocessor --toolchain-dir /Applications/Xcode.app/Contents/Developer/Toolchains/XcodeDefault.xctoolchain --module-name FirebaseFirestore --sdk-root /Applications/Xcode.app/Contents/Developer/Platforms/iPhoneSimulator.platform/Developer/SDKs/iPhoneSimulator26.2.sdk --xcode-version 17C52 --platform-family iOS --deployment-target 15.0 --bundle-identifier firebase-ios-sdk.FirebaseFirestore --output /Users/maksimkosharny/Library/Developer/Xcode/DerivedData/FootGameScore-flklpgugjzuqjnhfjujkheubgzdj/Build/Products/Debug-iphonesimulator/FirebaseFirestore.appintents --target-triple arm64-apple-ios15.0-simulator --binary-file /Users/maksimkosharny/Library/Developer/Xcode/DerivedData/FootGameScore-flklpgugjzuqjnhfjujkheubgzdj/Build/Products/Debug-iphonesimulator/FirebaseFirestore.o --dependency-file /Users/maksimkosharny/Library/Developer/Xcode/DerivedData/FootGameScore-flklpgugjzuqjnhfjujkheubgzdj/Build/Intermediates.noindex/Firebase.build/Debug-iphonesimulator/FirebaseFirestore.build/Objects-normal/arm64/FirebaseFirestore_dependency_info.dat --stringsdata-file /Users/maksimkosharny/Library/Developer/Xcode/DerivedData/FootGameScore-flklpgugjzuqjnhfjujkheubgzdj/Build/Intermediates.noindex/Firebase.build/Debug-iphonesimulator/FirebaseFirestore.build/Objects-normal/arm64/ExtractedAppShortcutsMetadata.stringsdata --source-file-list /Users/maksimkosharny/Library/Developer/Xcode/DerivedData/FootGameScore-flklpgugjzuqjnhfjujkheubgzdj/Build/Intermediates.noindex/Firebase.build/Debug-iphonesimulator/FirebaseFirestore.build/Objects-normal/arm64/FirebaseFirestore.SwiftFileList --metadata-file-list /Users/maksimkosharny/Library/Developer/Xcode/DerivedData/FootGameScore-flklpgugjzuqjnhfjujkheubgzdj/Build/Intermediates.noindex/Firebase.build/Debug-iphonesimulator/FirebaseFirestore.build/FirebaseFirestore.DependencyMetadataFileList --static-metadata-file-list /Users/maksimkosharny/Library/Developer/Xcode/DerivedData/FootGameScore-flklpgugjzuqjnhfjujkheubgzdj/Build/Intermediates.noindex/Firebase.build/Debug-iphonesimulator/FirebaseFirestore.build/FirebaseFirestore.DependencyStaticMetadataFileList --swift-const-vals-list /Users/maksimkosharny/Library/Developer/Xcode/DerivedData/FootGameScore-flklpgugjzuqjnhfjujkheubgzdj/Build/Intermediates.noindex/Firebase.build/Debug-iphonesimulator/FirebaseFirestore.build/Objects-normal/arm64/FirebaseFirestore.SwiftConstValuesFileList --force --compile-time-extraction --deployment-aware-processing --validate-assistant-intents --no-app-shortcuts-localization
2026-02-11 17:12:34.885 appintentsmetadataprocessor[79991:3884836] Starting appintentsmetadataprocessor export
2026-02-11 17:12:35.070 appintentsmetadataprocessor[79991:3884836] Extracted no relevant App Intents symbols, skipping writing output

SwiftDriver FootGameScore normal arm64 com.apple.xcode.tools.swift.compiler (in target 'FootGameScore' from project 'FootGameScore')
    cd /Users/maksimkosharny/Desktop/Developer/FootGameScore
    builtin-SwiftDriver -- /Applications/Xcode.app/Contents/Developer/Toolchains/XcodeDefault.xctoolchain/usr/bin/swiftc -module-name FootGameScore -Onone -enforce-exclusivity\=checked @/Users/maksimkosharny/Library/Developer/Xcode/DerivedData/FootGameScore-flklpgugjzuqjnhfjujkheubgzdj/Build/Intermediates.noindex/FootGameScore.build/Debug-iphonesimulator/FootGameScore.build/Objects-normal/arm64/FootGameScore.SwiftFileList -DDEBUG -Xcc -fmodule-map-file\=/Users/maksimkosharny/Library/Developer/Xcode/DerivedData/FootGameScore-flklpgugjzuqjnhfjujkheubgzdj/Build/Intermediates.noindex/GeneratedModuleMaps-iphonesimulator/GoogleDataTransport.modulemap -Xcc -fmodule-map-file\=/Users/maksimkosharny/Library/Developer/Xcode/DerivedData/FootGameScore-flklpgugjzuqjnhfjujkheubgzdj/Build/Intermediates.noindex/GeneratedModuleMaps-iphonesimulator/FirebaseMessaging.modulemap -Xcc -fmodule-map-file\=/Users/maksimkosharny/Library/Developer/Xcode/DerivedData/FootGameScore-flklpgugjzuqjnhfjujkheubgzdj/Build/Intermediates.noindex/GeneratedModuleMaps-iphonesimulator/GoogleUtilities-UserDefaults.modulemap -Xcc -fmodule-map-file\=/Users/maksimkosharny/Library/Developer/Xcode/DerivedData/FootGameScore-flklpgugjzuqjnhfjujkheubgzdj/Build/Intermediates.noindex/GeneratedModuleMaps-iphonesimulator/GoogleAppMeasurementCoreTarget.modulemap -Xcc -fmodule-map-file\=/Users/maksimkosharny/Library/Developer/Xcode/DerivedData/FootGameScore-flklpgugjzuqjnhfjujkheubgzdj/Build/Intermediates.noindex/GeneratedModuleMaps-iphonesimulator/GoogleUtilities-MethodSwizzler.modulemap -Xcc -fmodule-map-file\=/Users/maksimkosharny/Library/Developer/Xcode/DerivedData/FootGameScore-flklpgugjzuqjnhfjujkheubgzdj/Build/Intermediates.noindex/GeneratedModuleMaps-iphonesimulator/FirebaseAnalyticsCoreWrapper.modulemap -Xcc -fmodule-map-file\=/Users/maksimkosharny/Library/Developer/Xcode/DerivedData/FootGameScore-flklpgugjzuqjnhfjujkheubgzdj/Build/Intermediates.noindex/GeneratedModuleMaps-iphonesimulator/FirebaseInstallations.modulemap -Xcc -fmodule-map-file\=/Users/maksimkosharny/Library/Developer/Xcode/DerivedData/FootGameScore-flklpgugjzuqjnhfjujkheubgzdj/Build/Intermediates.noindex/GeneratedModuleMaps-iphonesimulator/FirebaseAnalyticsCoreTarget.modulemap -Xcc -fmodule-map-file\=/Users/maksimkosharny/Library/Developer/Xcode/DerivedData/FootGameScore-flklpgugjzuqjnhfjujkheubgzdj/Build/Intermediates.noindex/GeneratedModuleMaps-iphonesimulator/RecaptchaInterop.modulemap -Xcc -fmodule-map-file\=/Users/maksimkosharny/Library/Developer/Xcode/DerivedData/FootGameScore-flklpgugjzuqjnhfjujkheubgzdj/Build/Intermediates.noindex/GeneratedModuleMaps-iphonesimulator/GoogleUtilities-Network.modulemap -Xcc -fmodule-map-file\=/Users/maksimkosharny/Library/Developer/Xcode/DerivedData/FootGameScore-flklpgugjzuqjnhfjujkheubgzdj/Build/Intermediates.noindex/GeneratedModuleMaps-iphonesimulator/GoogleUtilities-Reachability.modulemap -Xcc -fmodule-map-file\=/Users/maksimkosharny/Library/Developer/Xcode/DerivedData/FootGameScore-flklpgugjzuqjnhfjujkheubgzdj/Build/Intermediates.noindex/GeneratedModuleMaps-iphonesimulator/GoogleUtilities-AppDelegateSwizzler.modulemap -Xcc -fmodule-map-file\=/Users/maksimkosharny/Library/Developer/Xcode/DerivedData/FootGameScore-flklpgugjzuqjnhfjujkheubgzdj/Build/Intermediates.noindex/GeneratedModuleMaps-iphonesimulator/GTMSessionFetcherCore.modulemap -Xcc -fmodule-map-file\=/Users/maksimkosharny/Library/Developer/Xcode/DerivedData/FootGameScore-flklpgugjzuqjnhfjujkheubgzdj/Build/Intermediates.noindex/GeneratedModuleMaps-iphonesimulator/FirebaseAuthInternal.modulemap -Xcc -fmodule-map-file\=/Users/maksimkosharny/Library/Developer/Xcode/DerivedData/FootGameScore-flklpgugjzuqjnhfjujkheubgzdj/Build/Intermediates.noindex/GeneratedModuleMaps-iphonesimulator/FirebaseAuthInterop.modulemap -Xcc -fmodule-map-file\=/Users/maksimkosharny/Library/Developer/Xcode/DerivedData/FootGameScore-flklpgugjzuqjnhfjujkheubgzdj/Build/Intermediates.noindex/GeneratedModuleMaps-iphonesimulator/GoogleUtilities-NSData.modulemap -Xcc -fmodule-map-file\=/Users/maksimkosharny/Library/Developer/Xcode/DerivedData/FootGameScore-flklpgugjzuqjnhfjujkheubgzdj/Build/Intermediates.noindex/GeneratedModuleMaps-iphonesimulator/GoogleUtilities-Environment.modulemap -Xcc -fmodule-map-file\=/Users/maksimkosharny/Library/Developer/Xcode/DerivedData/FootGameScore-flklpgugjzuqjnhfjujkheubgzdj/Build/Intermediates.noindex/GeneratedModuleMaps-iphonesimulator/third-party-IsAppEncrypted.modulemap -Xcc -fmodule-map-file\=/Users/maksimkosharny/Library/Developer/Xcode/DerivedData/FootGameScore-flklpgugjzuqjnhfjujkheubgzdj/Build/Intermediates.noindex/GeneratedModuleMaps-iphonesimulator/GoogleUtilities-Logger.modulemap -Xcc -fmodule-map-file\=/Users/maksimkosharny/Library/Developer/Xcode/DerivedData/FootGameScore-flklpgugjzuqjnhfjujkheubgzdj/Build/Intermediates.noindex/GeneratedModuleMaps-iphonesimulator/abslWrapper.modulemap -Xcc -fmodule-map-file\=/Users/maksimkosharny/Library/Developer/Xcode/DerivedData/FootGameScore-flklpgugjzuqjnhfjujkheubgzdj/Build/Intermediates.noindex/GeneratedModuleMaps-iphonesimulator/opensslWrapper.modulemap -Xcc -fmodule-map-file\=/Users/maksimkosharny/Library/Developer/Xcode/DerivedData/FootGameScore-flklpgugjzuqjnhfjujkheubgzdj/Build/Intermediates.noindex/GeneratedModuleMaps-iphonesimulator/grpcWrapper.modulemap -Xcc -fmodule-map-file\=/Users/maksimkosharny/Library/Developer/Xcode/DerivedData/FootGameScore-flklpgugjzuqjnhfjujkheubgzdj/Build/Intermediates.noindex/GeneratedModuleMaps-iphonesimulator/grpcppWrapper.modulemap -Xcc -fmodule-map-file\=/Users/maksimkosharny/Library/Developer/Xcode/DerivedData/FootGameScore-flklpgugjzuqjnhfjujkheubgzdj/Build/Intermediates.noindex/GeneratedModuleMaps-iphonesimulator/nanopb.modulemap -Xcc -fmodule-map-file\=/Users/maksimkosharny/Library/Developer/Xcode/DerivedData/FootGameScore-flklpgugjzuqjnhfjujkheubgzdj/Build/Intermediates.noindex/GeneratedModuleMaps-iphonesimulator/leveldb.modulemap -Xcc -fmodule-map-file\=/Users/maksimkosharny/Library/Developer/Xcode/DerivedData/FootGameScore-flklpgugjzuqjnhfjujkheubgzdj/Build/Intermediates.noindex/GeneratedModuleMaps-iphonesimulator/FirebaseCoreExtension.modulemap -Xcc -fmodule-map-file\=/Users/maksimkosharny/Library/Developer/Xcode/DerivedData/FootGameScore-flklpgugjzuqjnhfjujkheubgzdj/Build/Intermediates.noindex/GeneratedModuleMaps-iphonesimulator/FirebaseCore.modulemap -Xcc -fmodule-map-file\=/Users/maksimkosharny/Library/Developer/Xcode/DerivedData/FootGameScore-flklpgugjzuqjnhfjujkheubgzdj/Build/Intermediates.noindex/GeneratedModuleMaps-iphonesimulator/FirebaseAppCheckInterop.modulemap -Xcc -fmodule-map-file\=/Users/maksimkosharny/Library/Developer/Xcode/DerivedData/FootGameScore-flklpgugjzuqjnhfjujkheubgzdj/Build/Intermediates.noindex/GeneratedModuleMaps-iphonesimulator/FirebaseFirestoreInternalWrapper.modulemap -Xcc -fmodule-map-file\=/Users/maksimkosharny/Library/Developer/Xcode/DerivedData/FootGameScore-flklpgugjzuqjnhfjujkheubgzdj/Build/Intermediates.noindex/GeneratedModuleMaps-iphonesimulator/FirebaseFirestoreTarget.modulemap -default-isolation\=MainActor -enable-bare-slash-regex -enable-upcoming-feature DisableOutwardActorInference -enable-upcoming-feature InferSendableFromCaptures -enable-upcoming-feature GlobalActorIsolatedTypesUsability -enable-upcoming-feature MemberImportVisibility -enable-upcoming-feature InferIsolatedConformances -enable-upcoming-feature NonisolatedNonsendingByDefault -enable-experimental-feature DebugDescriptionMacro -sdk /Applications/Xcode.app/Contents/Developer/Platforms/iPhoneSimulator.platform/Developer/SDKs/iPhoneSimulator26.2.sdk -target arm64-apple-ios16.6-simulator -g -module-cache-path /Users/maksimkosharny/Library/Developer/Xcode/DerivedData/ModuleCache.noindex -Xfrontend -serialize-debugging-options -enable-testing -index-store-path /Users/maksimkosharny/Library/Developer/Xcode/DerivedData/FootGameScore-flklpgugjzuqjnhfjujkheubgzdj/Index.noindex/DataStore -Xcc -D_LIBCPP_HARDENING_MODE\=_LIBCPP_HARDENING_MODE_DEBUG -swift-version 5 -I /Users/maksimkosharny/Library/Developer/Xcode/DerivedData/FootGameScore-flklpgugjzuqjnhfjujkheubgzdj/Build/Products/Debug-iphonesimulator -F /Users/maksimkosharny/Library/Developer/Xcode/DerivedData/FootGameScore-flklpgugjzuqjnhfjujkheubgzdj/Build/Products/Debug-iphonesimulator/PackageFrameworks -F /Users/maksimkosharny/Library/Developer/Xcode/DerivedData/FootGameScore-flklpgugjzuqjnhfjujkheubgzdj/Build/Products/Debug-iphonesimulator/PackageFrameworks -F /Users/maksimkosharny/Library/Developer/Xcode/DerivedData/FootGameScore-flklpgugjzuqjnhfjujkheubgzdj/Build/Products/Debug-iphonesimulator/PackageFrameworks -F /Users/maksimkosharny/Library/Developer/Xcode/DerivedData/FootGameScore-flklpgugjzuqjnhfjujkheubgzdj/Build/Products/Debug-iphonesimulator/PackageFrameworks -F /Users/maksimkosharny/Library/Developer/Xcode/DerivedData/FootGameScore-flklpgugjzuqjnhfjujkheubgzdj/Build/Products/Debug-iphonesimulator/PackageFrameworks -F /Users/maksimkosharny/Library/Developer/Xcode/DerivedData/FootGameScore-flklpgugjzuqjnhfjujkheubgzdj/Build/Products/Debug-iphonesimulator/PackageFrameworks -F /Users/maksimkosharny/Library/Developer/Xcode/DerivedData/FootGameScore-flklpgugjzuqjnhfjujkheubgzdj/Build/Products/Debug-iphonesimulator/PackageFrameworks -F /Users/maksimkosharny/Library/Developer/Xcode/DerivedData/FootGameScore-flklpgugjzuqjnhfjujkheubgzdj/Build/Products/Debug-iphonesimulator/PackageFrameworks -F /Users/maksimkosharny/Library/Developer/Xcode/DerivedData/FootGameScore-flklpgugjzuqjnhfjujkheubgzdj/Build/Products/Debug-iphonesimulator/PackageFrameworks -F /Users/maksimkosharny/Library/Developer/Xcode/DerivedData/FootGameScore-flklpgugjzuqjnhfjujkheubgzdj/Build/Products/Debug-iphonesimulator/PackageFrameworks -F /Users/maksimkosharny/Library/Developer/Xcode/DerivedData/FootGameScore-flklpgugjzuqjnhfjujkheubgzdj/Build/Products/Debug-iphonesimulator/PackageFrameworks -F /Users/maksimkosharny/Library/Developer/Xcode/DerivedData/FootGameScore-flklpgugjzuqjnhfjujkheubgzdj/Build/Products/Debug-iphonesimulator/PackageFrameworks -F /Users/maksimkosharny/Library/Developer/Xcode/DerivedData/FootGameScore-flklpgugjzuqjnhfjujkheubgzdj/Build/Products/Debug-iphonesimulator/PackageFrameworks -F /Users/maksimkosharny/Library/Developer/Xcode/DerivedData/FootGameScore-flklpgugjzuqjnhfjujkheubgzdj/Build/Products/Debug-iphonesimulator/PackageFrameworks -F /Users/maksimkosharny/Library/Developer/Xcode/DerivedData/FootGameScore-flklpgugjzuqjnhfjujkheubgzdj/Build/Products/Debug-iphonesimulator/PackageFrameworks -F /Users/maksimkosharny/Library/Developer/Xcode/DerivedData/FootGameScore-flklpgugjzuqjnhfjujkheubgzdj/Build/Products/Debug-iphonesimulator/PackageFrameworks -F /Users/maksimkosharny/Library/Developer/Xcode/DerivedData/FootGameScore-flklpgugjzuqjnhfjujkheubgzdj/Build/Products/Debug-iphonesimulator/PackageFrameworks -F /Users/maksimkosharny/Library/Developer/Xcode/DerivedData/FootGameScore-flklpgugjzuqjnhfjujkheubgzdj/Build/Products/Debug-iphonesimulator/PackageFrameworks -F /Users/maksimkosharny/Library/Developer/Xcode/DerivedData/FootGameScore-flklpgugjzuqjnhfjujkheubgzdj/Build/Products/Debug-iphonesimulator/PackageFrameworks -F /Users/maksimkosharny/Library/Developer/Xcode/DerivedData/FootGameScore-flklpgugjzuqjnhfjujkheubgzdj/Build/Products/Debug-iphonesimulator/PackageFrameworks -F /Users/maksimkosharny/Library/Developer/Xcode/DerivedData/FootGameScore-flklpgugjzuqjnhfjujkheubgzdj/Build/Products/Debug-iphonesimulator/PackageFrameworks -F /Users/maksimkosharny/Library/Developer/Xcode/DerivedData/FootGameScore-flklpgugjzuqjnhfjujkheubgzdj/Build/Products/Debug-iphonesimulator/PackageFrameworks -F /Users/maksimkosharny/Library/Developer/Xcode/DerivedData/FootGameScore-flklpgugjzuqjnhfjujkheubgzdj/Build/Products/Debug-iphonesimulator/PackageFrameworks -F /Users/maksimkosharny/Library/Developer/Xcode/DerivedData/FootGameScore-flklpgugjzuqjnhfjujkheubgzdj/Build/Products/Debug-iphonesimulator/PackageFrameworks -F /Users/maksimkosharny/Library/Developer/Xcode/DerivedData/FootGameScore-flklpgugjzuqjnhfjujkheubgzdj/Build/Products/Debug-iphonesimulator/PackageFrameworks -F /Users/maksimkosharny/Library/Developer/Xcode/DerivedData/FootGameScore-flklpgugjzuqjnhfjujkheubgzdj/Build/Products/Debug-iphonesimulator/PackageFrameworks -F /Users/maksimkosharny/Library/Developer/Xcode/DerivedData/FootGameScore-flklpgugjzuqjnhfjujkheubgzdj/Build/Products/Debug-iphonesimulator/PackageFrameworks -F /Users/maksimkosharny/Library/Developer/Xcode/DerivedData/FootGameScore-flklpgugjzuqjnhfjujkheubgzdj/Build/Products/Debug-iphonesimulator/PackageFrameworks -F /Users/maksimkosharny/Library/Developer/Xcode/DerivedData/FootGameScore-flklpgugjzuqjnhfjujkheubgzdj/Build/Products/Debug-iphonesimulator/PackageFrameworks -F /Users/maksimkosharny/Library/Developer/Xcode/DerivedData/FootGameScore-flklpgugjzuqjnhfjujkheubgzdj/Build/Products/Debug-iphonesimulator/PackageFrameworks -F /Users/maksimkosharny/Library/Developer/Xcode/DerivedData/FootGameScore-flklpgugjzuqjnhfjujkheubgzdj/Build/Products/Debug-iphonesimulator/PackageFrameworks -F /Users/maksimkosharny/Library/Developer/Xcode/DerivedData/FootGameScore-flklpgugjzuqjnhfjujkheubgzdj/Build/Products/Debug-iphonesimulator/PackageFrameworks -F /Users/maksimkosharny/Library/Developer/Xcode/DerivedData/FootGameScore-flklpgugjzuqjnhfjujkheubgzdj/Build/Products/Debug-iphonesimulator/PackageFrameworks -F /Users/maksimkosharny/Library/Developer/Xcode/DerivedData/FootGameScore-flklpgugjzuqjnhfjujkheubgzdj/Build/Products/Debug-iphonesimulator/PackageFrameworks -F /Users/maksimkosharny/Library/Developer/Xcode/DerivedData/FootGameScore-flklpgugjzuqjnhfjujkheubgzdj/Build/Products/Debug-iphonesimulator/PackageFrameworks -F /Users/maksimkosharny/Library/Developer/Xcode/DerivedData/FootGameScore-flklpgugjzuqjnhfjujkheubgzdj/Build/Products/Debug-iphonesimulator/PackageFrameworks -F /Users/maksimkosharny/Library/Developer/Xcode/DerivedData/FootGameScore-flklpgugjzuqjnhfjujkheubgzdj/Build/Products/Debug-iphonesimulator -emit-localized-strings -emit-localized-strings-path /Users/maksimkosharny/Library/Developer/Xcode/DerivedData/FootGameScore-flklpgugjzuqjnhfjujkheubgzdj/Build/Intermediates.noindex/FootGameScore.build/Debug-iphonesimulator/FootGameScore.build/Objects-normal/arm64 -c -j8 -enable-batch-mode -incremental -Xcc -ivfsstatcache -Xcc /Users/maksimkosharny/Library/Developer/Xcode/DerivedData/SDKStatCaches.noindex/iphonesimulator26.2-23C53-7d00a8b37fbd7999ea79df8ebc024bf0.sdkstatcache -output-file-map /Users/maksimkosharny/Library/Developer/Xcode/DerivedData/FootGameScore-flklpgugjzuqjnhfjujkheubgzdj/Build/Intermediates.noindex/FootGameScore.build/Debug-iphonesimulator/FootGameScore.build/Objects-normal/arm64/FootGameScore-OutputFileMap.json -use-frontend-parseable-output -save-temps -no-color-diagnostics -explicit-module-build -module-cache-path /Users/maksimkosharny/Library/Developer/Xcode/DerivedData/FootGameScore-flklpgugjzuqjnhfjujkheubgzdj/Build/Intermediates.noindex/SwiftExplicitPrecompiledModules -clang-scanner-module-cache-path /Users/maksimkosharny/Library/Developer/Xcode/DerivedData/ModuleCache.noindex -sdk-module-cache-path /Users/maksimkosharny/Library/Developer/Xcode/DerivedData/ModuleCache.noindex -serialize-diagnostics -emit-dependencies -emit-module -emit-module-path /Users/maksimkosharny/Library/Developer/Xcode/DerivedData/FootGameScore-flklpgugjzuqjnhfjujkheubgzdj/Build/Intermediates.noindex/FootGameScore.build/Debug-iphonesimulator/FootGameScore.build/Objects-normal/arm64/FootGameScore.swiftmodule -validate-clang-modules-once -clang-build-session-file /Users/maksimkosharny/Library/Developer/Xcode/DerivedData/ModuleCache.noindex/Session.modulevalidation -Xcc -I/Users/maksimkosharny/Library/Developer/Xcode/DerivedData/FootGameScore-flklpgugjzuqjnhfjujkheubgzdj/Build/Intermediates.noindex/FootGameScore.build/Debug-iphonesimulator/FootGameScore.build/swift-overrides.hmap -emit-const-values -Xfrontend -const-gather-protocols-file -Xfrontend /Users/maksimkosharny/Library/Developer/Xcode/DerivedData/FootGameScore-flklpgugjzuqjnhfjujkheubgzdj/Build/Intermediates.noindex/FootGameScore.build/Debug-iphonesimulator/FootGameScore.build/Objects-normal/arm64/FootGameScore_const_extract_protocols.json -Xcc -iquote -Xcc /Users/maksimkosharny/Library/Developer/Xcode/DerivedData/FootGameScore-flklpgugjzuqjnhfjujkheubgzdj/Build/Intermediates.noindex/FootGameScore.build/Debug-iphonesimulator/FootGameScore.build/FootGameScore-generated-files.hmap -Xcc -I/Users/maksimkosharny/Library/Developer/Xcode/DerivedData/FootGameScore-flklpgugjzuqjnhfjujkheubgzdj/Build/Intermediates.noindex/FootGameScore.build/Debug-iphonesimulator/FootGameScore.build/FootGameScore-own-target-headers.hmap -Xcc -I/Users/maksimkosharny/Library/Developer/Xcode/DerivedData/FootGameScore-flklpgugjzuqjnhfjujkheubgzdj/Build/Intermediates.noindex/FootGameScore.build/Debug-iphonesimulator/FootGameScore.build/FootGameScore-all-non-framework-target-headers.hmap -Xcc -ivfsoverlay -Xcc /Users/maksimkosharny/Library/Developer/Xcode/DerivedData/FootGameScore-flklpgugjzuqjnhfjujkheubgzdj/Build/Intermediates.noindex/FootGameScore.build/Debug-iphonesimulator/FootGameScore-55613305b72115e5bacf88d6408d133a-VFS-iphonesimulator/all-product-headers.yaml -Xcc -iquote -Xcc /Users/maksimkosharny/Library/Developer/Xcode/DerivedData/FootGameScore-flklpgugjzuqjnhfjujkheubgzdj/Build/Intermediates.noindex/FootGameScore.build/Debug-iphonesimulator/FootGameScore.build/FootGameScore-project-headers.hmap -Xcc -I/Users/maksimkosharny/Library/Developer/Xcode/DerivedData/FootGameScore-flklpgugjzuqjnhfjujkheubgzdj/SourcePackages/checkouts/GoogleDataTransport/GoogleDataTransport/GDTCORLibrary/Public -Xcc -I/Users/maksimkosharny/Library/Developer/Xcode/DerivedData/FootGameScore-flklpgugjzuqjnhfjujkheubgzdj/SourcePackages/checkouts/firebase-ios-sdk/FirebaseMessaging/Sources/Public -Xcc -I/Users/maksimkosharny/Library/Developer/Xcode/DerivedData/FootGameScore-flklpgugjzuqjnhfjujkheubgzdj/SourcePackages/checkouts/promises/Sources/FBLPromises/include -Xcc -I/Users/maksimkosharny/Library/Developer/Xcode/DerivedData/FootGameScore-flklpgugjzuqjnhfjujkheubgzdj/SourcePackages/checkouts/GoogleUtilities/GoogleUtilities/UserDefaults/Public -Xcc -I/Users/maksimkosharny/Library/Developer/Xcode/DerivedData/FootGameScore-flklpgugjzuqjnhfjujkheubgzdj/SourcePackages/checkouts/GoogleAppMeasurement/GoogleAppMeasurementCoreWrapper/include -Xcc -I/Users/maksimkosharny/Library/Developer/Xcode/DerivedData/FootGameScore-flklpgugjzuqjnhfjujkheubgzdj/SourcePackages/checkouts/GoogleUtilities/GoogleUtilities/MethodSwizzler/Public -Xcc -I/Users/maksimkosharny/Library/Developer/Xcode/DerivedData/FootGameScore-flklpgugjzuqjnhfjujkheubgzdj/SourcePackages/checkouts/firebase-ios-sdk/FirebaseAnalyticsCoreWrapper/include -Xcc -I/Users/maksimkosharny/Library/Developer/Xcode/DerivedData/FootGameScore-flklpgugjzuqjnhfjujkheubgzdj/SourcePackages/checkouts/firebase-ios-sdk/FirebaseInstallations/Source/Library/Public -Xcc -I/Users/maksimkosharny/Library/Developer/Xcode/DerivedData/FootGameScore-flklpgugjzuqjnhfjujkheubgzdj/SourcePackages/checkouts/firebase-ios-sdk/SwiftPM-PlatformExclude/FirebaseAnalyticsCoreWrap/include -Xcc -I/Users/maksimkosharny/Library/Developer/Xcode/DerivedData/FootGameScore-flklpgugjzuqjnhfjujkheubgzdj/SourcePackages/checkouts/interop-ios-for-google-sdks/RecaptchaEnterprise/RecaptchaInterop/Public -Xcc -I/Users/maksimkosharny/Library/Developer/Xcode/DerivedData/FootGameScore-flklpgugjzuqjnhfjujkheubgzdj/SourcePackages/checkouts/GoogleUtilities/GoogleUtilities/Network/Public -Xcc -I/Users/maksimkosharny/Library/Developer/Xcode/DerivedData/FootGameScore-flklpgugjzuqjnhfjujkheubgzdj/SourcePackages/checkouts/GoogleUtilities/GoogleUtilities/Reachability/Public -Xcc -I/Users/maksimkosharny/Library/Developer/Xcode/DerivedData/FootGameScore-flklpgugjzuqjnhfjujkheubgzdj/SourcePackages/checkouts/GoogleUtilities/GoogleUtilities/AppDelegateSwizzler/Public -Xcc -I/Users/maksimkosharny/Library/Developer/Xcode/DerivedData/FootGameScore-flklpgugjzuqjnhfjujkheubgzdj/SourcePackages/checkouts/gtm-session-fetcher/Sources/Core/Public -Xcc -I/Users/maksimkosharny/Library/Developer/Xcode/DerivedData/FootGameScore-flklpgugjzuqjnhfjujkheubgzdj/SourcePackages/checkouts/firebase-ios-sdk/FirebaseAuth/Sources/Public -Xcc -I/Users/maksimkosharny/Library/Developer/Xcode/DerivedData/FootGameScore-flklpgugjzuqjnhfjujkheubgzdj/SourcePackages/checkouts/firebase-ios-sdk/FirebaseAuth/Interop/Public -Xcc -I/Users/maksimkosharny/Library/Developer/Xcode/DerivedData/FootGameScore-flklpgugjzuqjnhfjujkheubgzdj/SourcePackages/checkouts/GoogleUtilities/GoogleUtilities/NSData+zlib/Public -Xcc -I/Users/maksimkosharny/Library/Developer/Xcode/DerivedData/FootGameScore-flklpgugjzuqjnhfjujkheubgzdj/SourcePackages/checkouts/GoogleUtilities/GoogleUtilities/Environment/Public -Xcc -I/Users/maksimkosharny/Library/Developer/Xcode/DerivedData/FootGameScore-flklpgugjzuqjnhfjujkheubgzdj/SourcePackages/checkouts/GoogleUtilities/third_party/IsAppEncrypted/Public -Xcc -I/Users/maksimkosharny/Library/Developer/Xcode/DerivedData/FootGameScore-flklpgugjzuqjnhfjujkheubgzdj/SourcePackages/checkouts/GoogleUtilities/GoogleUtilities/Logger/Public -Xcc -I/Users/maksimkosharny/Library/Developer/Xcode/DerivedData/FootGameScore-flklpgugjzuqjnhfjujkheubgzdj/SourcePackages/checkouts/abseil-cpp-binary/absl-Wrapper/include -Xcc -I/Users/maksimkosharny/Library/Developer/Xcode/DerivedData/FootGameScore-flklpgugjzuqjnhfjujkheubgzdj/SourcePackages/checkouts/grpc-binary/openssl-grpc-Wrapper/include -Xcc -I/Users/maksimkosharny/Library/Developer/Xcode/DerivedData/FootGameScore-flklpgugjzuqjnhfjujkheubgzdj/SourcePackages/checkouts/grpc-binary/grpc-Wrapper/include -Xcc -I/Users/maksimkosharny/Library/Developer/Xcode/DerivedData/FootGameScore-flklpgugjzuqjnhfjujkheubgzdj/SourcePackages/checkouts/grpc-binary/grpcpp-Wrapper/include -Xcc -I/Users/maksimkosharny/Library/Developer/Xcode/DerivedData/FootGameScore-flklpgugjzuqjnhfjujkheubgzdj/SourcePackages/checkouts/nanopb/spm_headers -Xcc -I/Users/maksimkosharny/Library/Developer/Xcode/DerivedData/FootGameScore-flklpgugjzuqjnhfjujkheubgzdj/SourcePackages/checkouts/leveldb/include -Xcc -I/Users/maksimkosharny/Library/Developer/Xcode/DerivedData/FootGameScore-flklpgugjzuqjnhfjujkheubgzdj/SourcePackages/checkouts/firebase-ios-sdk/FirebaseCore/Extension -Xcc -I/Users/maksimkosharny/Library/Developer/Xcode/DerivedData/FootGameScore-flklpgugjzuqjnhfjujkheubgzdj/SourcePackages/checkouts/firebase-ios-sdk/FirebaseCore/Sources/Public -Xcc -I/Users/maksimkosharny/Library/Developer/Xcode/DerivedData/FootGameScore-flklpgugjzuqjnhfjujkheubgzdj/SourcePackages/checkouts/firebase-ios-sdk/CoreOnly/Sources -Xcc -I/Users/maksimkosharny/Library/Developer/Xcode/DerivedData/FootGameScore-flklpgugjzuqjnhfjujkheubgzdj/SourcePackages/checkouts/firebase-ios-sdk/FirebaseAppCheck/Interop/Public -Xcc -I/Users/maksimkosharny/Library/Developer/Xcode/DerivedData/FootGameScore-flklpgugjzuqjnhfjujkheubgzdj/SourcePackages/checkouts/firebase-ios-sdk/FirebaseFirestoreInternal -Xcc -I/Users/maksimkosharny/Library/Developer/Xcode/DerivedData/FootGameScore-flklpgugjzuqjnhfjujkheubgzdj/SourcePackages/checkouts/firebase-ios-sdk/SwiftPM-PlatformExclude/FirebaseFirestoreWrap/include -Xcc -I/Users/maksimkosharny/Library/Developer/Xcode/DerivedData/FootGameScore-flklpgugjzuqjnhfjujkheubgzdj/Build/Products/Debug-iphonesimulator/include -Xcc -I/Users/maksimkosharny/Library/Developer/Xcode/DerivedData/FootGameScore-flklpgugjzuqjnhfjujkheubgzdj/Build/Intermediates.noindex/FootGameScore.build/Debug-iphonesimulator/FootGameScore.build/DerivedSources-normal/arm64 -Xcc -I/Users/maksimkosharny/Library/Developer/Xcode/DerivedData/FootGameScore-flklpgugjzuqjnhfjujkheubgzdj/Build/Intermediates.noindex/FootGameScore.build/Debug-iphonesimulator/FootGameScore.build/DerivedSources/arm64 -Xcc -I/Users/maksimkosharny/Library/Developer/Xcode/DerivedData/FootGameScore-flklpgugjzuqjnhfjujkheubgzdj/Build/Intermediates.noindex/FootGameScore.build/Debug-iphonesimulator/FootGameScore.build/DerivedSources -Xcc -DDEBUG\=1 -emit-objc-header -emit-objc-header-path /Users/maksimkosharny/Library/Developer/Xcode/DerivedData/FootGameScore-flklpgugjzuqjnhfjujkheubgzdj/Build/Intermediates.noindex/FootGameScore.build/Debug-iphonesimulator/FootGameScore.build/Objects-normal/arm64/FootGameScore-Swift.h -working-directory /Users/maksimkosharny/Desktop/Developer/FootGameScore -experimental-emit-module-separately -disable-cmo

RegisterExecutionPolicyException /Users/maksimkosharny/Library/Developer/Xcode/DerivedData/FootGameScore-flklpgugjzuqjnhfjujkheubgzdj/Build/Products/Debug-iphonesimulator/FirebaseFirestore.o (in target 'FirebaseFirestore' from project 'Firebase')
    cd /Users/maksimkosharny/Library/Developer/Xcode/DerivedData/FootGameScore-flklpgugjzuqjnhfjujkheubgzdj/SourcePackages/checkouts/firebase-ios-sdk
    builtin-RegisterExecutionPolicyException /Users/maksimkosharny/Library/Developer/Xcode/DerivedData/FootGameScore-flklpgugjzuqjnhfjujkheubgzdj/Build/Products/Debug-iphonesimulator/FirebaseFirestore.o

Ld /Users/maksimkosharny/Library/Developer/Xcode/DerivedData/FootGameScore-flklpgugjzuqjnhfjujkheubgzdj/Build/Products/Debug-iphonesimulator/FirebaseFirestoreTarget.o normal (in target 'FirebaseFirestoreTarget' from project 'Firebase')
    cd /Users/maksimkosharny/Library/Developer/Xcode/DerivedData/FootGameScore-flklpgugjzuqjnhfjujkheubgzdj/SourcePackages/checkouts/firebase-ios-sdk
    /Applications/Xcode.app/Contents/Developer/Toolchains/XcodeDefault.xctoolchain/usr/bin/clang -Xlinker -reproducible -target arm64-apple-ios15.0-simulator -r -isysroot /Applications/Xcode.app/Contents/Developer/Platforms/iPhoneSimulator.platform/Developer/SDKs/iPhoneSimulator26.2.sdk -O0 -w -L/Users/maksimkosharny/Library/Developer/Xcode/DerivedData/FootGameScore-flklpgugjzuqjnhfjujkheubgzdj/Build/Intermediates.noindex/EagerLinkingTBDs/Debug-iphonesimulator -L/Users/maksimkosharny/Library/Developer/Xcode/DerivedData/FootGameScore-flklpgugjzuqjnhfjujkheubgzdj/Build/Products/Debug-iphonesimulator -L/Applications/Xcode.app/Contents/Developer/Platforms/iPhoneSimulator.platform/Developer/usr/lib -F/Users/maksimkosharny/Library/Developer/Xcode/DerivedData/FootGameScore-flklpgugjzuqjnhfjujkheubgzdj/Build/Intermediates.noindex/EagerLinkingTBDs/Debug-iphonesimulator -F/Users/maksimkosharny/Library/Developer/Xcode/DerivedData/FootGameScore-flklpgugjzuqjnhfjujkheubgzdj/Build/Products/Debug-iphonesimulator/PackageFrameworks -F/Users/maksimkosharny/Library/Developer/Xcode/DerivedData/FootGameScore-flklpgugjzuqjnhfjujkheubgzdj/Build/Products/Debug-iphonesimulator/PackageFrameworks -F/Users/maksimkosharny/Library/Developer/Xcode/DerivedData/FootGameScore-flklpgugjzuqjnhfjujkheubgzdj/Build/Products/Debug-iphonesimulator/PackageFrameworks -F/Users/maksimkosharny/Library/Developer/Xcode/DerivedData/FootGameScore-flklpgugjzuqjnhfjujkheubgzdj/Build/Products/Debug-iphonesimulator/PackageFrameworks -F/Users/maksimkosharny/Library/Developer/Xcode/DerivedData/FootGameScore-flklpgugjzuqjnhfjujkheubgzdj/Build/Products/Debug-iphonesimulator/PackageFrameworks -F/Users/maksimkosharny/Library/Developer/Xcode/DerivedData/FootGameScore-flklpgugjzuqjnhfjujkheubgzdj/Build/Products/Debug-iphonesimulator/PackageFrameworks -F/Users/maksimkosharny/Library/Developer/Xcode/DerivedData/FootGameScore-flklpgugjzuqjnhfjujkheubgzdj/Build/Products/Debug-iphonesimulator/PackageFrameworks -F/Users/maksimkosharny/Library/Developer/Xcode/DerivedData/FootGameScore-flklpgugjzuqjnhfjujkheubgzdj/Build/Products/Debug-iphonesimulator/PackageFrameworks -F/Users/maksimkosharny/Library/Developer/Xcode/DerivedData/FootGameScore-flklpgugjzuqjnhfjujkheubgzdj/Build/Products/Debug-iphonesimulator/PackageFrameworks -F/Users/maksimkosharny/Library/Developer/Xcode/DerivedData/FootGameScore-flklpgugjzuqjnhfjujkheubgzdj/Build/Products/Debug-iphonesimulator/PackageFrameworks -F/Users/maksimkosharny/Library/Developer/Xcode/DerivedData/FootGameScore-flklpgugjzuqjnhfjujkheubgzdj/Build/Products/Debug-iphonesimulator/PackageFrameworks -F/Users/maksimkosharny/Library/Developer/Xcode/DerivedData/FootGameScore-flklpgugjzuqjnhfjujkheubgzdj/Build/Products/Debug-iphonesimulator/PackageFrameworks -F/Users/maksimkosharny/Library/Developer/Xcode/DerivedData/FootGameScore-flklpgugjzuqjnhfjujkheubgzdj/Build/Products/Debug-iphonesimulator/PackageFrameworks -F/Users/maksimkosharny/Library/Developer/Xcode/DerivedData/FootGameScore-flklpgugjzuqjnhfjujkheubgzdj/Build/Products/Debug-iphonesimulator/PackageFrameworks -F/Users/maksimkosharny/Library/Developer/Xcode/DerivedData/FootGameScore-flklpgugjzuqjnhfjujkheubgzdj/Build/Products/Debug-iphonesimulator/PackageFrameworks -F/Users/maksimkosharny/Library/Developer/Xcode/DerivedData/FootGameScore-flklpgugjzuqjnhfjujkheubgzdj/Build/Products/Debug-iphonesimulator/PackageFrameworks -F/Users/maksimkosharny/Library/Developer/Xcode/DerivedData/FootGameScore-flklpgugjzuqjnhfjujkheubgzdj/Build/Products/Debug-iphonesimulator/PackageFrameworks -F/Users/maksimkosharny/Library/Developer/Xcode/DerivedData/FootGameScore-flklpgugjzuqjnhfjujkheubgzdj/Build/Products/Debug-iphonesimulator/PackageFrameworks -F/Users/maksimkosharny/Library/Developer/Xcode/DerivedData/FootGameScore-flklpgugjzuqjnhfjujkheubgzdj/Build/Products/Debug-iphonesimulator -iframework /Applications/Xcode.app/Contents/Developer/Platforms/iPhoneSimulator.platform/Developer/Library/Frameworks -iframework /Applications/Xcode.app/Contents/Developer/Platforms/iPhoneSimulator.platform/Developer/SDKs/iPhoneSimulator26.2.sdk/Developer/Library/Frameworks -filelist /Users/maksimkosharny/Library/Developer/Xcode/DerivedData/FootGameScore-flklpgugjzuqjnhfjujkheubgzdj/Build/Intermediates.noindex/Firebase.build/Debug-iphonesimulator/FirebaseFirestoreTarget.build/Objects-normal/arm64/FirebaseFirestoreTarget.LinkFileList -nostdlib -Xlinker -object_path_lto -Xlinker /Users/maksimkosharny/Library/Developer/Xcode/DerivedData/FootGameScore-flklpgugjzuqjnhfjujkheubgzdj/Build/Intermediates.noindex/Firebase.build/Debug-iphonesimulator/FirebaseFirestoreTarget.build/Objects-normal/arm64/FirebaseFirestoreTarget_lto.o -rdynamic -Xlinker -no_deduplicate -Xlinker -objc_abi_version -Xlinker 2 -Xlinker -dependency_info -Xlinker /Users/maksimkosharny/Library/Developer/Xcode/DerivedData/FootGameScore-flklpgugjzuqjnhfjujkheubgzdj/Build/Intermediates.noindex/Firebase.build/Debug-iphonesimulator/FirebaseFirestoreTarget.build/Objects-normal/arm64/FirebaseFirestoreTarget_dependency_info.dat -fobjc-arc -fobjc-link-runtime -o /Users/maksimkosharny/Library/Developer/Xcode/DerivedData/FootGameScore-flklpgugjzuqjnhfjujkheubgzdj/Build/Products/Debug-iphonesimulator/FirebaseFirestoreTarget.o

RegisterExecutionPolicyException /Users/maksimkosharny/Library/Developer/Xcode/DerivedData/FootGameScore-flklpgugjzuqjnhfjujkheubgzdj/Build/Products/Debug-iphonesimulator/FirebaseFirestoreTarget.o (in target 'FirebaseFirestoreTarget' from project 'Firebase')
    cd /Users/maksimkosharny/Library/Developer/Xcode/DerivedData/FootGameScore-flklpgugjzuqjnhfjujkheubgzdj/SourcePackages/checkouts/firebase-ios-sdk
    builtin-RegisterExecutionPolicyException /Users/maksimkosharny/Library/Developer/Xcode/DerivedData/FootGameScore-flklpgugjzuqjnhfjujkheubgzdj/Build/Products/Debug-iphonesimulator/FirebaseFirestoreTarget.o

Ld /Users/maksimkosharny/Library/Developer/Xcode/DerivedData/FootGameScore-flklpgugjzuqjnhfjujkheubgzdj/Build/Products/Debug-iphonesimulator/FootGameScore.app/__preview.dylib normal (in target 'FootGameScore' from project 'FootGameScore')
    cd /Users/maksimkosharny/Desktop/Developer/FootGameScore
    /Applications/Xcode.app/Contents/Developer/Toolchains/XcodeDefault.xctoolchain/usr/bin/clang -Xlinker -reproducible -target arm64-apple-ios16.6-simulator -dynamiclib -isysroot /Applications/Xcode.app/Contents/Developer/Platforms/iPhoneSimulator.platform/Developer/SDKs/iPhoneSimulator26.2.sdk -O0 -L/Users/maksimkosharny/Library/Developer/Xcode/DerivedData/FootGameScore-flklpgugjzuqjnhfjujkheubgzdj/Build/Products/Debug-iphonesimulator -F/Users/maksimkosharny/Library/Developer/Xcode/DerivedData/FootGameScore-flklpgugjzuqjnhfjujkheubgzdj/Build/Products/Debug-iphonesimulator/PackageFrameworks -F/Users/maksimkosharny/Library/Developer/Xcode/DerivedData/FootGameScore-flklpgugjzuqjnhfjujkheubgzdj/Build/Products/Debug-iphonesimulator/PackageFrameworks -F/Users/maksimkosharny/Library/Developer/Xcode/DerivedData/FootGameScore-flklpgugjzuqjnhfjujkheubgzdj/Build/Products/Debug-iphonesimulator/PackageFrameworks -F/Users/maksimkosharny/Library/Developer/Xcode/DerivedData/FootGameScore-flklpgugjzuqjnhfjujkheubgzdj/Build/Products/Debug-iphonesimulator/PackageFrameworks -F/Users/maksimkosharny/Library/Developer/Xcode/DerivedData/FootGameScore-flklpgugjzuqjnhfjujkheubgzdj/Build/Products/Debug-iphonesimulator/PackageFrameworks -F/Users/maksimkosharny/Library/Developer/Xcode/DerivedData/FootGameScore-flklpgugjzuqjnhfjujkheubgzdj/Build/Products/Debug-iphonesimulator/PackageFrameworks -F/Users/maksimkosharny/Library/Developer/Xcode/DerivedData/FootGameScore-flklpgugjzuqjnhfjujkheubgzdj/Build/Products/Debug-iphonesimulator/PackageFrameworks -F/Users/maksimkosharny/Library/Developer/Xcode/DerivedData/FootGameScore-flklpgugjzuqjnhfjujkheubgzdj/Build/Products/Debug-iphonesimulator/PackageFrameworks -F/Users/maksimkosharny/Library/Developer/Xcode/DerivedData/FootGameScore-flklpgugjzuqjnhfjujkheubgzdj/Build/Products/Debug-iphonesimulator/PackageFrameworks -F/Users/maksimkosharny/Library/Developer/Xcode/DerivedData/FootGameScore-flklpgugjzuqjnhfjujkheubgzdj/Build/Products/Debug-iphonesimulator/PackageFrameworks -F/Users/maksimkosharny/Library/Developer/Xcode/DerivedData/FootGameScore-flklpgugjzuqjnhfjujkheubgzdj/Build/Products/Debug-iphonesimulator/PackageFrameworks -F/Users/maksimkosharny/Library/Developer/Xcode/DerivedData/FootGameScore-flklpgugjzuqjnhfjujkheubgzdj/Build/Products/Debug-iphonesimulator/PackageFrameworks -F/Users/maksimkosharny/Library/Developer/Xcode/DerivedData/FootGameScore-flklpgugjzuqjnhfjujkheubgzdj/Build/Products/Debug-iphonesimulator/PackageFrameworks -F/Users/maksimkosharny/Library/Developer/Xcode/DerivedData/FootGameScore-flklpgugjzuqjnhfjujkheubgzdj/Build/Products/Debug-iphonesimulator/PackageFrameworks -F/Users/maksimkosharny/Library/Developer/Xcode/DerivedData/FootGameScore-flklpgugjzuqjnhfjujkheubgzdj/Build/Products/Debug-iphonesimulator/PackageFrameworks -F/Users/maksimkosharny/Library/Developer/Xcode/DerivedData/FootGameScore-flklpgugjzuqjnhfjujkheubgzdj/Build/Products/Debug-iphonesimulator/PackageFrameworks -F/Users/maksimkosharny/Library/Developer/Xcode/DerivedData/FootGameScore-flklpgugjzuqjnhfjujkheubgzdj/Build/Products/Debug-iphonesimulator/PackageFrameworks -F/Users/maksimkosharny/Library/Developer/Xcode/DerivedData/FootGameScore-flklpgugjzuqjnhfjujkheubgzdj/Build/Products/Debug-iphonesimulator/PackageFrameworks -F/Users/maksimkosharny/Library/Developer/Xcode/DerivedData/FootGameScore-flklpgugjzuqjnhfjujkheubgzdj/Build/Products/Debug-iphonesimulator/PackageFrameworks -F/Users/maksimkosharny/Library/Developer/Xcode/DerivedData/FootGameScore-flklpgugjzuqjnhfjujkheubgzdj/Build/Products/Debug-iphonesimulator/PackageFrameworks -F/Users/maksimkosharny/Library/Developer/Xcode/DerivedData/FootGameScore-flklpgugjzuqjnhfjujkheubgzdj/Build/Products/Debug-iphonesimulator/PackageFrameworks -F/Users/maksimkosharny/Library/Developer/Xcode/DerivedData/FootGameScore-flklpgugjzuqjnhfjujkheubgzdj/Build/Products/Debug-iphonesimulator/PackageFrameworks -F/Users/maksimkosharny/Library/Developer/Xcode/DerivedData/FootGameScore-flklpgugjzuqjnhfjujkheubgzdj/Build/Products/Debug-iphonesimulator/PackageFrameworks -F/Users/maksimkosharny/Library/Developer/Xcode/DerivedData/FootGameScore-flklpgugjzuqjnhfjujkheubgzdj/Build/Products/Debug-iphonesimulator/PackageFrameworks -F/Users/maksimkosharny/Library/Developer/Xcode/DerivedData/FootGameScore-flklpgugjzuqjnhfjujkheubgzdj/Build/Products/Debug-iphonesimulator/PackageFrameworks -F/Users/maksimkosharny/Library/Developer/Xcode/DerivedData/FootGameScore-flklpgugjzuqjnhfjujkheubgzdj/Build/Products/Debug-iphonesimulator/PackageFrameworks -F/Users/maksimkosharny/Library/Developer/Xcode/DerivedData/FootGameScore-flklpgugjzuqjnhfjujkheubgzdj/Build/Products/Debug-iphonesimulator/PackageFrameworks -F/Users/maksimkosharny/Library/Developer/Xcode/DerivedData/FootGameScore-flklpgugjzuqjnhfjujkheubgzdj/Build/Products/Debug-iphonesimulator/PackageFrameworks -F/Users/maksimkosharny/Library/Developer/Xcode/DerivedData/FootGameScore-flklpgugjzuqjnhfjujkheubgzdj/Build/Products/Debug-iphonesimulator/PackageFrameworks -F/Users/maksimkosharny/Library/Developer/Xcode/DerivedData/FootGameScore-flklpgugjzuqjnhfjujkheubgzdj/Build/Products/Debug-iphonesimulator/PackageFrameworks -F/Users/maksimkosharny/Library/Developer/Xcode/DerivedData/FootGameScore-flklpgugjzuqjnhfjujkheubgzdj/Build/Products/Debug-iphonesimulator/PackageFrameworks -F/Users/maksimkosharny/Library/Developer/Xcode/DerivedData/FootGameScore-flklpgugjzuqjnhfjujkheubgzdj/Build/Products/Debug-iphonesimulator/PackageFrameworks -F/Users/maksimkosharny/Library/Developer/Xcode/DerivedData/FootGameScore-flklpgugjzuqjnhfjujkheubgzdj/Build/Products/Debug-iphonesimulator/PackageFrameworks -F/Users/maksimkosharny/Library/Developer/Xcode/DerivedData/FootGameScore-flklpgugjzuqjnhfjujkheubgzdj/Build/Products/Debug-iphonesimulator/PackageFrameworks -F/Users/maksimkosharny/Library/Developer/Xcode/DerivedData/FootGameScore-flklpgugjzuqjnhfjujkheubgzdj/Build/Products/Debug-iphonesimulator/PackageFrameworks -F/Users/maksimkosharny/Library/Developer/Xcode/DerivedData/FootGameScore-flklpgugjzuqjnhfjujkheubgzdj/Build/Products/Debug-iphonesimulator/PackageFrameworks -F/Users/maksimkosharny/Library/Developer/Xcode/DerivedData/FootGameScore-flklpgugjzuqjnhfjujkheubgzdj/Build/Products/Debug-iphonesimulator -install_name @rpath/FootGameScore.debug.dylib -dead_strip -rdynamic -Xlinker -no_deduplicate -Xlinker -objc_abi_version -Xlinker 2 -Xlinker -dependency_info -Xlinker /Users/maksimkosharny/Library/Developer/Xcode/DerivedData/FootGameScore-flklpgugjzuqjnhfjujkheubgzdj/Build/Intermediates.noindex/FootGameScore.build/Debug-iphonesimulator/FootGameScore.build/Objects-normal/arm64/FootGameScore_dependency_info.dat -Xlinker -sectcreate -Xlinker __TEXT -Xlinker __entitlements -Xlinker /Users/maksimkosharny/Library/Developer/Xcode/DerivedData/FootGameScore-flklpgugjzuqjnhfjujkheubgzdj/Build/Intermediates.noindex/FootGameScore.build/Debug-iphonesimulator/FootGameScore.build/FootGameScore.app-Simulated.xcent -Xlinker -sectcreate -Xlinker __TEXT -Xlinker __ents_der -Xlinker /Users/maksimkosharny/Library/Developer/Xcode/DerivedData/FootGameScore-flklpgugjzuqjnhfjujkheubgzdj/Build/Intermediates.noindex/FootGameScore.build/Debug-iphonesimulator/FootGameScore.build/FootGameScore.app-Simulated.xcent.der -Xlinker -no_adhoc_codesign -o /Users/maksimkosharny/Library/Developer/Xcode/DerivedData/FootGameScore-flklpgugjzuqjnhfjujkheubgzdj/Build/Products/Debug-iphonesimulator/FootGameScore.app/__preview.dylib

SwiftCompile normal arm64 Compiling\ HomeViewFG.swift /Users/maksimkosharny/Desktop/Developer/FootGameScore/FootGameScore/Views/Home/HomeViewFG.swift (in target 'FootGameScore' from project 'FootGameScore')

SwiftCompile normal arm64 /Users/maksimkosharny/Desktop/Developer/FootGameScore/FootGameScore/Views/Home/HomeViewFG.swift (in target 'FootGameScore' from project 'FootGameScore')
    cd /Users/maksimkosharny/Desktop/Developer/FootGameScore
    

SwiftEmitModule normal arm64 Emitting\ module\ for\ FootGameScore (in target 'FootGameScore' from project 'FootGameScore')

EmitSwiftModule normal arm64 (in target 'FootGameScore' from project 'FootGameScore')
    cd /Users/maksimkosharny/Desktop/Developer/FootGameScore
    

SwiftCompile normal arm64 Compiling\ GeneratedAssetSymbols.swift /Users/maksimkosharny/Library/Developer/Xcode/DerivedData/FootGameScore-flklpgugjzuqjnhfjujkheubgzdj/Build/Intermediates.noindex/FootGameScore.build/Debug-iphonesimulator/FootGameScore.build/DerivedSources/GeneratedAssetSymbols.swift (in target 'FootGameScore' from project 'FootGameScore')

SwiftCompile normal arm64 /Users/maksimkosharny/Library/Developer/Xcode/DerivedData/FootGameScore-flklpgugjzuqjnhfjujkheubgzdj/Build/Intermediates.noindex/FootGameScore.build/Debug-iphonesimulator/FootGameScore.build/DerivedSources/GeneratedAssetSymbols.swift (in target 'FootGameScore' from project 'FootGameScore')
    cd /Users/maksimkosharny/Desktop/Developer/FootGameScore
    

SwiftCompile normal arm64 Compiling\ OnboardingViewFG.swift /Users/maksimkosharny/Desktop/Developer/FootGameScore/FootGameScore/Views/Core/OnboardingViewFG.swift (in target 'FootGameScore' from project 'FootGameScore')

SwiftCompile normal arm64 /Users/maksimkosharny/Desktop/Developer/FootGameScore/FootGameScore/Views/Core/OnboardingViewFG.swift (in target 'FootGameScore' from project 'FootGameScore')
    cd /Users/maksimkosharny/Desktop/Developer/FootGameScore
    

SwiftCompile normal arm64 Compiling\ OnboardingImageFG.swift /Users/maksimkosharny/Desktop/Developer/FootGameScore/FootGameScore/Core/OnboardingImageFG.swift (in target 'FootGameScore' from project 'FootGameScore')

SwiftCompile normal arm64 /Users/maksimkosharny/Desktop/Developer/FootGameScore/FootGameScore/Core/OnboardingImageFG.swift (in target 'FootGameScore' from project 'FootGameScore')
    cd /Users/maksimkosharny/Desktop/Developer/FootGameScore
    

SwiftDriverJobDiscovery normal arm64 Compiling OnboardingImageFG.swift (in target 'FootGameScore' from project 'FootGameScore')

SwiftDriverJobDiscovery normal arm64 Compiling GeneratedAssetSymbols.swift (in target 'FootGameScore' from project 'FootGameScore')

SwiftDriverJobDiscovery normal arm64 Emitting module for FootGameScore (in target 'FootGameScore' from project 'FootGameScore')

SwiftDriver\ Compilation\ Requirements FootGameScore normal arm64 com.apple.xcode.tools.swift.compiler (in target 'FootGameScore' from project 'FootGameScore')
    cd /Users/maksimkosharny/Desktop/Developer/FootGameScore
    builtin-Swift-Compilation-Requirements -- /Applications/Xcode.app/Contents/Developer/Toolchains/XcodeDefault.xctoolchain/usr/bin/swiftc -module-name FootGameScore -Onone -enforce-exclusivity\=checked @/Users/maksimkosharny/Library/Developer/Xcode/DerivedData/FootGameScore-flklpgugjzuqjnhfjujkheubgzdj/Build/Intermediates.noindex/FootGameScore.build/Debug-iphonesimulator/FootGameScore.build/Objects-normal/arm64/FootGameScore.SwiftFileList -DDEBUG -Xcc -fmodule-map-file\=/Users/maksimkosharny/Library/Developer/Xcode/DerivedData/FootGameScore-flklpgugjzuqjnhfjujkheubgzdj/Build/Intermediates.noindex/GeneratedModuleMaps-iphonesimulator/GoogleDataTransport.modulemap -Xcc -fmodule-map-file\=/Users/maksimkosharny/Library/Developer/Xcode/DerivedData/FootGameScore-flklpgugjzuqjnhfjujkheubgzdj/Build/Intermediates.noindex/GeneratedModuleMaps-iphonesimulator/FirebaseMessaging.modulemap -Xcc -fmodule-map-file\=/Users/maksimkosharny/Library/Developer/Xcode/DerivedData/FootGameScore-flklpgugjzuqjnhfjujkheubgzdj/Build/Intermediates.noindex/GeneratedModuleMaps-iphonesimulator/GoogleUtilities-UserDefaults.modulemap -Xcc -fmodule-map-file\=/Users/maksimkosharny/Library/Developer/Xcode/DerivedData/FootGameScore-flklpgugjzuqjnhfjujkheubgzdj/Build/Intermediates.noindex/GeneratedModuleMaps-iphonesimulator/GoogleAppMeasurementCoreTarget.modulemap -Xcc -fmodule-map-file\=/Users/maksimkosharny/Library/Developer/Xcode/DerivedData/FootGameScore-flklpgugjzuqjnhfjujkheubgzdj/Build/Intermediates.noindex/GeneratedModuleMaps-iphonesimulator/GoogleUtilities-MethodSwizzler.modulemap -Xcc -fmodule-map-file\=/Users/maksimkosharny/Library/Developer/Xcode/DerivedData/FootGameScore-flklpgugjzuqjnhfjujkheubgzdj/Build/Intermediates.noindex/GeneratedModuleMaps-iphonesimulator/FirebaseAnalyticsCoreWrapper.modulemap -Xcc -fmodule-map-file\=/Users/maksimkosharny/Library/Developer/Xcode/DerivedData/FootGameScore-flklpgugjzuqjnhfjujkheubgzdj/Build/Intermediates.noindex/GeneratedModuleMaps-iphonesimulator/FirebaseInstallations.modulemap -Xcc -fmodule-map-file\=/Users/maksimkosharny/Library/Developer/Xcode/DerivedData/FootGameScore-flklpgugjzuqjnhfjujkheubgzdj/Build/Intermediates.noindex/GeneratedModuleMaps-iphonesimulator/FirebaseAnalyticsCoreTarget.modulemap -Xcc -fmodule-map-file\=/Users/maksimkosharny/Library/Developer/Xcode/DerivedData/FootGameScore-flklpgugjzuqjnhfjujkheubgzdj/Build/Intermediates.noindex/GeneratedModuleMaps-iphonesimulator/RecaptchaInterop.modulemap -Xcc -fmodule-map-file\=/Users/maksimkosharny/Library/Developer/Xcode/DerivedData/FootGameScore-flklpgugjzuqjnhfjujkheubgzdj/Build/Intermediates.noindex/GeneratedModuleMaps-iphonesimulator/GoogleUtilities-Network.modulemap -Xcc -fmodule-map-file\=/Users/maksimkosharny/Library/Developer/Xcode/DerivedData/FootGameScore-flklpgugjzuqjnhfjujkheubgzdj/Build/Intermediates.noindex/GeneratedModuleMaps-iphonesimulator/GoogleUtilities-Reachability.modulemap -Xcc -fmodule-map-file\=/Users/maksimkosharny/Library/Developer/Xcode/DerivedData/FootGameScore-flklpgugjzuqjnhfjujkheubgzdj/Build/Intermediates.noindex/GeneratedModuleMaps-iphonesimulator/GoogleUtilities-AppDelegateSwizzler.modulemap -Xcc -fmodule-map-file\=/Users/maksimkosharny/Library/Developer/Xcode/DerivedData/FootGameScore-flklpgugjzuqjnhfjujkheubgzdj/Build/Intermediates.noindex/GeneratedModuleMaps-iphonesimulator/GTMSessionFetcherCore.modulemap -Xcc -fmodule-map-file\=/Users/maksimkosharny/Library/Developer/Xcode/DerivedData/FootGameScore-flklpgugjzuqjnhfjujkheubgzdj/Build/Intermediates.noindex/GeneratedModuleMaps-iphonesimulator/FirebaseAuthInternal.modulemap -Xcc -fmodule-map-file\=/Users/maksimkosharny/Library/Developer/Xcode/DerivedData/FootGameScore-flklpgugjzuqjnhfjujkheubgzdj/Build/Intermediates.noindex/GeneratedModuleMaps-iphonesimulator/FirebaseAuthInterop.modulemap -Xcc -fmodule-map-file\=/Users/maksimkosharny/Library/Developer/Xcode/DerivedData/FootGameScore-flklpgugjzuqjnhfjujkheubgzdj/Build/Intermediates.noindex/GeneratedModuleMaps-iphonesimulator/GoogleUtilities-NSData.modulemap -Xcc -fmodule-map-file\=/Users/maksimkosharny/Library/Developer/Xcode/DerivedData/FootGameScore-flklpgugjzuqjnhfjujkheubgzdj/Build/Intermediates.noindex/GeneratedModuleMaps-iphonesimulator/GoogleUtilities-Environment.modulemap -Xcc -fmodule-map-file\=/Users/maksimkosharny/Library/Developer/Xcode/DerivedData/FootGameScore-flklpgugjzuqjnhfjujkheubgzdj/Build/Intermediates.noindex/GeneratedModuleMaps-iphonesimulator/third-party-IsAppEncrypted.modulemap -Xcc -fmodule-map-file\=/Users/maksimkosharny/Library/Developer/Xcode/DerivedData/FootGameScore-flklpgugjzuqjnhfjujkheubgzdj/Build/Intermediates.noindex/GeneratedModuleMaps-iphonesimulator/GoogleUtilities-Logger.modulemap -Xcc -fmodule-map-file\=/Users/maksimkosharny/Library/Developer/Xcode/DerivedData/FootGameScore-flklpgugjzuqjnhfjujkheubgzdj/Build/Intermediates.noindex/GeneratedModuleMaps-iphonesimulator/abslWrapper.modulemap -Xcc -fmodule-map-file\=/Users/maksimkosharny/Library/Developer/Xcode/DerivedData/FootGameScore-flklpgugjzuqjnhfjujkheubgzdj/Build/Intermediates.noindex/GeneratedModuleMaps-iphonesimulator/opensslWrapper.modulemap -Xcc -fmodule-map-file\=/Users/maksimkosharny/Library/Developer/Xcode/DerivedData/FootGameScore-flklpgugjzuqjnhfjujkheubgzdj/Build/Intermediates.noindex/GeneratedModuleMaps-iphonesimulator/grpcWrapper.modulemap -Xcc -fmodule-map-file\=/Users/maksimkosharny/Library/Developer/Xcode/DerivedData/FootGameScore-flklpgugjzuqjnhfjujkheubgzdj/Build/Intermediates.noindex/GeneratedModuleMaps-iphonesimulator/grpcppWrapper.modulemap -Xcc -fmodule-map-file\=/Users/maksimkosharny/Library/Developer/Xcode/DerivedData/FootGameScore-flklpgugjzuqjnhfjujkheubgzdj/Build/Intermediates.noindex/GeneratedModuleMaps-iphonesimulator/nanopb.modulemap -Xcc -fmodule-map-file\=/Users/maksimkosharny/Library/Developer/Xcode/DerivedData/FootGameScore-flklpgugjzuqjnhfjujkheubgzdj/Build/Intermediates.noindex/GeneratedModuleMaps-iphonesimulator/leveldb.modulemap -Xcc -fmodule-map-file\=/Users/maksimkosharny/Library/Developer/Xcode/DerivedData/FootGameScore-flklpgugjzuqjnhfjujkheubgzdj/Build/Intermediates.noindex/GeneratedModuleMaps-iphonesimulator/FirebaseCoreExtension.modulemap -Xcc -fmodule-map-file\=/Users/maksimkosharny/Library/Developer/Xcode/DerivedData/FootGameScore-flklpgugjzuqjnhfjujkheubgzdj/Build/Intermediates.noindex/GeneratedModuleMaps-iphonesimulator/FirebaseCore.modulemap -Xcc -fmodule-map-file\=/Users/maksimkosharny/Library/Developer/Xcode/DerivedData/FootGameScore-flklpgugjzuqjnhfjujkheubgzdj/Build/Intermediates.noindex/GeneratedModuleMaps-iphonesimulator/FirebaseAppCheckInterop.modulemap -Xcc -fmodule-map-file\=/Users/maksimkosharny/Library/Developer/Xcode/DerivedData/FootGameScore-flklpgugjzuqjnhfjujkheubgzdj/Build/Intermediates.noindex/GeneratedModuleMaps-iphonesimulator/FirebaseFirestoreInternalWrapper.modulemap -Xcc -fmodule-map-file\=/Users/maksimkosharny/Library/Developer/Xcode/DerivedData/FootGameScore-flklpgugjzuqjnhfjujkheubgzdj/Build/Intermediates.noindex/GeneratedModuleMaps-iphonesimulator/FirebaseFirestoreTarget.modulemap -default-isolation\=MainActor -enable-bare-slash-regex -enable-upcoming-feature DisableOutwardActorInference -enable-upcoming-feature InferSendableFromCaptures -enable-upcoming-feature GlobalActorIsolatedTypesUsability -enable-upcoming-feature MemberImportVisibility -enable-upcoming-feature InferIsolatedConformances -enable-upcoming-feature NonisolatedNonsendingByDefault -enable-experimental-feature DebugDescriptionMacro -sdk /Applications/Xcode.app/Contents/Developer/Platforms/iPhoneSimulator.platform/Developer/SDKs/iPhoneSimulator26.2.sdk -target arm64-apple-ios16.6-simulator -g -module-cache-path /Users/maksimkosharny/Library/Developer/Xcode/DerivedData/ModuleCache.noindex -Xfrontend -serialize-debugging-options -enable-testing -index-store-path /Users/maksimkosharny/Library/Developer/Xcode/DerivedData/FootGameScore-flklpgugjzuqjnhfjujkheubgzdj/Index.noindex/DataStore -Xcc -D_LIBCPP_HARDENING_MODE\=_LIBCPP_HARDENING_MODE_DEBUG -swift-version 5 -I /Users/maksimkosharny/Library/Developer/Xcode/DerivedData/FootGameScore-flklpgugjzuqjnhfjujkheubgzdj/Build/Products/Debug-iphonesimulator -F /Users/maksimkosharny/Library/Developer/Xcode/DerivedData/FootGameScore-flklpgugjzuqjnhfjujkheubgzdj/Build/Products/Debug-iphonesimulator/PackageFrameworks -F /Users/maksimkosharny/Library/Developer/Xcode/DerivedData/FootGameScore-flklpgugjzuqjnhfjujkheubgzdj/Build/Products/Debug-iphonesimulator/PackageFrameworks -F /Users/maksimkosharny/Library/Developer/Xcode/DerivedData/FootGameScore-flklpgugjzuqjnhfjujkheubgzdj/Build/Products/Debug-iphonesimulator/PackageFrameworks -F /Users/maksimkosharny/Library/Developer/Xcode/DerivedData/FootGameScore-flklpgugjzuqjnhfjujkheubgzdj/Build/Products/Debug-iphonesimulator/PackageFrameworks -F /Users/maksimkosharny/Library/Developer/Xcode/DerivedData/FootGameScore-flklpgugjzuqjnhfjujkheubgzdj/Build/Products/Debug-iphonesimulator/PackageFrameworks -F /Users/maksimkosharny/Library/Developer/Xcode/DerivedData/FootGameScore-flklpgugjzuqjnhfjujkheubgzdj/Build/Products/Debug-iphonesimulator/PackageFrameworks -F /Users/maksimkosharny/Library/Developer/Xcode/DerivedData/FootGameScore-flklpgugjzuqjnhfjujkheubgzdj/Build/Products/Debug-iphonesimulator/PackageFrameworks -F /Users/maksimkosharny/Library/Developer/Xcode/DerivedData/FootGameScore-flklpgugjzuqjnhfjujkheubgzdj/Build/Products/Debug-iphonesimulator/PackageFrameworks -F /Users/maksimkosharny/Library/Developer/Xcode/DerivedData/FootGameScore-flklpgugjzuqjnhfjujkheubgzdj/Build/Products/Debug-iphonesimulator/PackageFrameworks -F /Users/maksimkosharny/Library/Developer/Xcode/DerivedData/FootGameScore-flklpgugjzuqjnhfjujkheubgzdj/Build/Products/Debug-iphonesimulator/PackageFrameworks -F /Users/maksimkosharny/Library/Developer/Xcode/DerivedData/FootGameScore-flklpgugjzuqjnhfjujkheubgzdj/Build/Products/Debug-iphonesimulator/PackageFrameworks -F /Users/maksimkosharny/Library/Developer/Xcode/DerivedData/FootGameScore-flklpgugjzuqjnhfjujkheubgzdj/Build/Products/Debug-iphonesimulator/PackageFrameworks -F /Users/maksimkosharny/Library/Developer/Xcode/DerivedData/FootGameScore-flklpgugjzuqjnhfjujkheubgzdj/Build/Products/Debug-iphonesimulator/PackageFrameworks -F /Users/maksimkosharny/Library/Developer/Xcode/DerivedData/FootGameScore-flklpgugjzuqjnhfjujkheubgzdj/Build/Products/Debug-iphonesimulator/PackageFrameworks -F /Users/maksimkosharny/Library/Developer/Xcode/DerivedData/FootGameScore-flklpgugjzuqjnhfjujkheubgzdj/Build/Products/Debug-iphonesimulator/PackageFrameworks -F /Users/maksimkosharny/Library/Developer/Xcode/DerivedData/FootGameScore-flklpgugjzuqjnhfjujkheubgzdj/Build/Products/Debug-iphonesimulator/PackageFrameworks -F /Users/maksimkosharny/Library/Developer/Xcode/DerivedData/FootGameScore-flklpgugjzuqjnhfjujkheubgzdj/Build/Products/Debug-iphonesimulator/PackageFrameworks -F /Users/maksimkosharny/Library/Developer/Xcode/DerivedData/FootGameScore-flklpgugjzuqjnhfjujkheubgzdj/Build/Products/Debug-iphonesimulator/PackageFrameworks -F /Users/maksimkosharny/Library/Developer/Xcode/DerivedData/FootGameScore-flklpgugjzuqjnhfjujkheubgzdj/Build/Products/Debug-iphonesimulator/PackageFrameworks -F /Users/maksimkosharny/Library/Developer/Xcode/DerivedData/FootGameScore-flklpgugjzuqjnhfjujkheubgzdj/Build/Products/Debug-iphonesimulator/PackageFrameworks -F /Users/maksimkosharny/Library/Developer/Xcode/DerivedData/FootGameScore-flklpgugjzuqjnhfjujkheubgzdj/Build/Products/Debug-iphonesimulator/PackageFrameworks -F /Users/maksimkosharny/Library/Developer/Xcode/DerivedData/FootGameScore-flklpgugjzuqjnhfjujkheubgzdj/Build/Products/Debug-iphonesimulator/PackageFrameworks -F /Users/maksimkosharny/Library/Developer/Xcode/DerivedData/FootGameScore-flklpgugjzuqjnhfjujkheubgzdj/Build/Products/Debug-iphonesimulator/PackageFrameworks -F /Users/maksimkosharny/Library/Developer/Xcode/DerivedData/FootGameScore-flklpgugjzuqjnhfjujkheubgzdj/Build/Products/Debug-iphonesimulator/PackageFrameworks -F /Users/maksimkosharny/Library/Developer/Xcode/DerivedData/FootGameScore-flklpgugjzuqjnhfjujkheubgzdj/Build/Products/Debug-iphonesimulator/PackageFrameworks -F /Users/maksimkosharny/Library/Developer/Xcode/DerivedData/FootGameScore-flklpgugjzuqjnhfjujkheubgzdj/Build/Products/Debug-iphonesimulator/PackageFrameworks -F /Users/maksimkosharny/Library/Developer/Xcode/DerivedData/FootGameScore-flklpgugjzuqjnhfjujkheubgzdj/Build/Products/Debug-iphonesimulator/PackageFrameworks -F /Users/maksimkosharny/Library/Developer/Xcode/DerivedData/FootGameScore-flklpgugjzuqjnhfjujkheubgzdj/Build/Products/Debug-iphonesimulator/PackageFrameworks -F /Users/maksimkosharny/Library/Developer/Xcode/DerivedData/FootGameScore-flklpgugjzuqjnhfjujkheubgzdj/Build/Products/Debug-iphonesimulator/PackageFrameworks -F /Users/maksimkosharny/Library/Developer/Xcode/DerivedData/FootGameScore-flklpgugjzuqjnhfjujkheubgzdj/Build/Products/Debug-iphonesimulator/PackageFrameworks -F /Users/maksimkosharny/Library/Developer/Xcode/DerivedData/FootGameScore-flklpgugjzuqjnhfjujkheubgzdj/Build/Products/Debug-iphonesimulator/PackageFrameworks -F /Users/maksimkosharny/Library/Developer/Xcode/DerivedData/FootGameScore-flklpgugjzuqjnhfjujkheubgzdj/Build/Products/Debug-iphonesimulator/PackageFrameworks -F /Users/maksimkosharny/Library/Developer/Xcode/DerivedData/FootGameScore-flklpgugjzuqjnhfjujkheubgzdj/Build/Products/Debug-iphonesimulator/PackageFrameworks -F /Users/maksimkosharny/Library/Developer/Xcode/DerivedData/FootGameScore-flklpgugjzuqjnhfjujkheubgzdj/Build/Products/Debug-iphonesimulator/PackageFrameworks -F /Users/maksimkosharny/Library/Developer/Xcode/DerivedData/FootGameScore-flklpgugjzuqjnhfjujkheubgzdj/Build/Products/Debug-iphonesimulator/PackageFrameworks -F /Users/maksimkosharny/Library/Developer/Xcode/DerivedData/FootGameScore-flklpgugjzuqjnhfjujkheubgzdj/Build/Products/Debug-iphonesimulator/PackageFrameworks -F /Users/maksimkosharny/Library/Developer/Xcode/DerivedData/FootGameScore-flklpgugjzuqjnhfjujkheubgzdj/Build/Products/Debug-iphonesimulator -emit-localized-strings -emit-localized-strings-path /Users/maksimkosharny/Library/Developer/Xcode/DerivedData/FootGameScore-flklpgugjzuqjnhfjujkheubgzdj/Build/Intermediates.noindex/FootGameScore.build/Debug-iphonesimulator/FootGameScore.build/Objects-normal/arm64 -c -j8 -enable-batch-mode -incremental -Xcc -ivfsstatcache -Xcc /Users/maksimkosharny/Library/Developer/Xcode/DerivedData/SDKStatCaches.noindex/iphonesimulator26.2-23C53-7d00a8b37fbd7999ea79df8ebc024bf0.sdkstatcache -output-file-map /Users/maksimkosharny/Library/Developer/Xcode/DerivedData/FootGameScore-flklpgugjzuqjnhfjujkheubgzdj/Build/Intermediates.noindex/FootGameScore.build/Debug-iphonesimulator/FootGameScore.build/Objects-normal/arm64/FootGameScore-OutputFileMap.json -use-frontend-parseable-output -save-temps -no-color-diagnostics -explicit-module-build -module-cache-path /Users/maksimkosharny/Library/Developer/Xcode/DerivedData/FootGameScore-flklpgugjzuqjnhfjujkheubgzdj/Build/Intermediates.noindex/SwiftExplicitPrecompiledModules -clang-scanner-module-cache-path /Users/maksimkosharny/Library/Developer/Xcode/DerivedData/ModuleCache.noindex -sdk-module-cache-path /Users/maksimkosharny/Library/Developer/Xcode/DerivedData/ModuleCache.noindex -serialize-diagnostics -emit-dependencies -emit-module -emit-module-path /Users/maksimkosharny/Library/Developer/Xcode/DerivedData/FootGameScore-flklpgugjzuqjnhfjujkheubgzdj/Build/Intermediates.noindex/FootGameScore.build/Debug-iphonesimulator/FootGameScore.build/Objects-normal/arm64/FootGameScore.swiftmodule -validate-clang-modules-once -clang-build-session-file /Users/maksimkosharny/Library/Developer/Xcode/DerivedData/ModuleCache.noindex/Session.modulevalidation -Xcc -I/Users/maksimkosharny/Library/Developer/Xcode/DerivedData/FootGameScore-flklpgugjzuqjnhfjujkheubgzdj/Build/Intermediates.noindex/FootGameScore.build/Debug-iphonesimulator/FootGameScore.build/swift-overrides.hmap -emit-const-values -Xfrontend -const-gather-protocols-file -Xfrontend /Users/maksimkosharny/Library/Developer/Xcode/DerivedData/FootGameScore-flklpgugjzuqjnhfjujkheubgzdj/Build/Intermediates.noindex/FootGameScore.build/Debug-iphonesimulator/FootGameScore.build/Objects-normal/arm64/FootGameScore_const_extract_protocols.json -Xcc -iquote -Xcc /Users/maksimkosharny/Library/Developer/Xcode/DerivedData/FootGameScore-flklpgugjzuqjnhfjujkheubgzdj/Build/Intermediates.noindex/FootGameScore.build/Debug-iphonesimulator/FootGameScore.build/FootGameScore-generated-files.hmap -Xcc -I/Users/maksimkosharny/Library/Developer/Xcode/DerivedData/FootGameScore-flklpgugjzuqjnhfjujkheubgzdj/Build/Intermediates.noindex/FootGameScore.build/Debug-iphonesimulator/FootGameScore.build/FootGameScore-own-target-headers.hmap -Xcc -I/Users/maksimkosharny/Library/Developer/Xcode/DerivedData/FootGameScore-flklpgugjzuqjnhfjujkheubgzdj/Build/Intermediates.noindex/FootGameScore.build/Debug-iphonesimulator/FootGameScore.build/FootGameScore-all-non-framework-target-headers.hmap -Xcc -ivfsoverlay -Xcc /Users/maksimkosharny/Library/Developer/Xcode/DerivedData/FootGameScore-flklpgugjzuqjnhfjujkheubgzdj/Build/Intermediates.noindex/FootGameScore.build/Debug-iphonesimulator/FootGameScore-55613305b72115e5bacf88d6408d133a-VFS-iphonesimulator/all-product-headers.yaml -Xcc -iquote -Xcc /Users/maksimkosharny/Library/Developer/Xcode/DerivedData/FootGameScore-flklpgugjzuqjnhfjujkheubgzdj/Build/Intermediates.noindex/FootGameScore.build/Debug-iphonesimulator/FootGameScore.build/FootGameScore-project-headers.hmap -Xcc -I/Users/maksimkosharny/Library/Developer/Xcode/DerivedData/FootGameScore-flklpgugjzuqjnhfjujkheubgzdj/SourcePackages/checkouts/GoogleDataTransport/GoogleDataTransport/GDTCORLibrary/Public -Xcc -I/Users/maksimkosharny/Library/Developer/Xcode/DerivedData/FootGameScore-flklpgugjzuqjnhfjujkheubgzdj/SourcePackages/checkouts/firebase-ios-sdk/FirebaseMessaging/Sources/Public -Xcc -I/Users/maksimkosharny/Library/Developer/Xcode/DerivedData/FootGameScore-flklpgugjzuqjnhfjujkheubgzdj/SourcePackages/checkouts/promises/Sources/FBLPromises/include -Xcc -I/Users/maksimkosharny/Library/Developer/Xcode/DerivedData/FootGameScore-flklpgugjzuqjnhfjujkheubgzdj/SourcePackages/checkouts/GoogleUtilities/GoogleUtilities/UserDefaults/Public -Xcc -I/Users/maksimkosharny/Library/Developer/Xcode/DerivedData/FootGameScore-flklpgugjzuqjnhfjujkheubgzdj/SourcePackages/checkouts/GoogleAppMeasurement/GoogleAppMeasurementCoreWrapper/include -Xcc -I/Users/maksimkosharny/Library/Developer/Xcode/DerivedData/FootGameScore-flklpgugjzuqjnhfjujkheubgzdj/SourcePackages/checkouts/GoogleUtilities/GoogleUtilities/MethodSwizzler/Public -Xcc -I/Users/maksimkosharny/Library/Developer/Xcode/DerivedData/FootGameScore-flklpgugjzuqjnhfjujkheubgzdj/SourcePackages/checkouts/firebase-ios-sdk/FirebaseAnalyticsCoreWrapper/include -Xcc -I/Users/maksimkosharny/Library/Developer/Xcode/DerivedData/FootGameScore-flklpgugjzuqjnhfjujkheubgzdj/SourcePackages/checkouts/firebase-ios-sdk/FirebaseInstallations/Source/Library/Public -Xcc -I/Users/maksimkosharny/Library/Developer/Xcode/DerivedData/FootGameScore-flklpgugjzuqjnhfjujkheubgzdj/SourcePackages/checkouts/firebase-ios-sdk/SwiftPM-PlatformExclude/FirebaseAnalyticsCoreWrap/include -Xcc -I/Users/maksimkosharny/Library/Developer/Xcode/DerivedData/FootGameScore-flklpgugjzuqjnhfjujkheubgzdj/SourcePackages/checkouts/interop-ios-for-google-sdks/RecaptchaEnterprise/RecaptchaInterop/Public -Xcc -I/Users/maksimkosharny/Library/Developer/Xcode/DerivedData/FootGameScore-flklpgugjzuqjnhfjujkheubgzdj/SourcePackages/checkouts/GoogleUtilities/GoogleUtilities/Network/Public -Xcc -I/Users/maksimkosharny/Library/Developer/Xcode/DerivedData/FootGameScore-flklpgugjzuqjnhfjujkheubgzdj/SourcePackages/checkouts/GoogleUtilities/GoogleUtilities/Reachability/Public -Xcc -I/Users/maksimkosharny/Library/Developer/Xcode/DerivedData/FootGameScore-flklpgugjzuqjnhfjujkheubgzdj/SourcePackages/checkouts/GoogleUtilities/GoogleUtilities/AppDelegateSwizzler/Public -Xcc -I/Users/maksimkosharny/Library/Developer/Xcode/DerivedData/FootGameScore-flklpgugjzuqjnhfjujkheubgzdj/SourcePackages/checkouts/gtm-session-fetcher/Sources/Core/Public -Xcc -I/Users/maksimkosharny/Library/Developer/Xcode/DerivedData/FootGameScore-flklpgugjzuqjnhfjujkheubgzdj/SourcePackages/checkouts/firebase-ios-sdk/FirebaseAuth/Sources/Public -Xcc -I/Users/maksimkosharny/Library/Developer/Xcode/DerivedData/FootGameScore-flklpgugjzuqjnhfjujkheubgzdj/SourcePackages/checkouts/firebase-ios-sdk/FirebaseAuth/Interop/Public -Xcc -I/Users/maksimkosharny/Library/Developer/Xcode/DerivedData/FootGameScore-flklpgugjzuqjnhfjujkheubgzdj/SourcePackages/checkouts/GoogleUtilities/GoogleUtilities/NSData+zlib/Public -Xcc -I/Users/maksimkosharny/Library/Developer/Xcode/DerivedData/FootGameScore-flklpgugjzuqjnhfjujkheubgzdj/SourcePackages/checkouts/GoogleUtilities/GoogleUtilities/Environment/Public -Xcc -I/Users/maksimkosharny/Library/Developer/Xcode/DerivedData/FootGameScore-flklpgugjzuqjnhfjujkheubgzdj/SourcePackages/checkouts/GoogleUtilities/third_party/IsAppEncrypted/Public -Xcc -I/Users/maksimkosharny/Library/Developer/Xcode/DerivedData/FootGameScore-flklpgugjzuqjnhfjujkheubgzdj/SourcePackages/checkouts/GoogleUtilities/GoogleUtilities/Logger/Public -Xcc -I/Users/maksimkosharny/Library/Developer/Xcode/DerivedData/FootGameScore-flklpgugjzuqjnhfjujkheubgzdj/SourcePackages/checkouts/abseil-cpp-binary/absl-Wrapper/include -Xcc -I/Users/maksimkosharny/Library/Developer/Xcode/DerivedData/FootGameScore-flklpgugjzuqjnhfjujkheubgzdj/SourcePackages/checkouts/grpc-binary/openssl-grpc-Wrapper/include -Xcc -I/Users/maksimkosharny/Library/Developer/Xcode/DerivedData/FootGameScore-flklpgugjzuqjnhfjujkheubgzdj/SourcePackages/checkouts/grpc-binary/grpc-Wrapper/include -Xcc -I/Users/maksimkosharny/Library/Developer/Xcode/DerivedData/FootGameScore-flklpgugjzuqjnhfjujkheubgzdj/SourcePackages/checkouts/grpc-binary/grpcpp-Wrapper/include -Xcc -I/Users/maksimkosharny/Library/Developer/Xcode/DerivedData/FootGameScore-flklpgugjzuqjnhfjujkheubgzdj/SourcePackages/checkouts/nanopb/spm_headers -Xcc -I/Users/maksimkosharny/Library/Developer/Xcode/DerivedData/FootGameScore-flklpgugjzuqjnhfjujkheubgzdj/SourcePackages/checkouts/leveldb/include -Xcc -I/Users/maksimkosharny/Library/Developer/Xcode/DerivedData/FootGameScore-flklpgugjzuqjnhfjujkheubgzdj/SourcePackages/checkouts/firebase-ios-sdk/FirebaseCore/Extension -Xcc -I/Users/maksimkosharny/Library/Developer/Xcode/DerivedData/FootGameScore-flklpgugjzuqjnhfjujkheubgzdj/SourcePackages/checkouts/firebase-ios-sdk/FirebaseCore/Sources/Public -Xcc -I/Users/maksimkosharny/Library/Developer/Xcode/DerivedData/FootGameScore-flklpgugjzuqjnhfjujkheubgzdj/SourcePackages/checkouts/firebase-ios-sdk/CoreOnly/Sources -Xcc -I/Users/maksimkosharny/Library/Developer/Xcode/DerivedData/FootGameScore-flklpgugjzuqjnhfjujkheubgzdj/SourcePackages/checkouts/firebase-ios-sdk/FirebaseAppCheck/Interop/Public -Xcc -I/Users/maksimkosharny/Library/Developer/Xcode/DerivedData/FootGameScore-flklpgugjzuqjnhfjujkheubgzdj/SourcePackages/checkouts/firebase-ios-sdk/FirebaseFirestoreInternal -Xcc -I/Users/maksimkosharny/Library/Developer/Xcode/DerivedData/FootGameScore-flklpgugjzuqjnhfjujkheubgzdj/SourcePackages/checkouts/firebase-ios-sdk/SwiftPM-PlatformExclude/FirebaseFirestoreWrap/include -Xcc -I/Users/maksimkosharny/Library/Developer/Xcode/DerivedData/FootGameScore-flklpgugjzuqjnhfjujkheubgzdj/Build/Products/Debug-iphonesimulator/include -Xcc -I/Users/maksimkosharny/Library/Developer/Xcode/DerivedData/FootGameScore-flklpgugjzuqjnhfjujkheubgzdj/Build/Intermediates.noindex/FootGameScore.build/Debug-iphonesimulator/FootGameScore.build/DerivedSources-normal/arm64 -Xcc -I/Users/maksimkosharny/Library/Developer/Xcode/DerivedData/FootGameScore-flklpgugjzuqjnhfjujkheubgzdj/Build/Intermediates.noindex/FootGameScore.build/Debug-iphonesimulator/FootGameScore.build/DerivedSources/arm64 -Xcc -I/Users/maksimkosharny/Library/Developer/Xcode/DerivedData/FootGameScore-flklpgugjzuqjnhfjujkheubgzdj/Build/Intermediates.noindex/FootGameScore.build/Debug-iphonesimulator/FootGameScore.build/DerivedSources -Xcc -DDEBUG\=1 -emit-objc-header -emit-objc-header-path /Users/maksimkosharny/Library/Developer/Xcode/DerivedData/FootGameScore-flklpgugjzuqjnhfjujkheubgzdj/Build/Intermediates.noindex/FootGameScore.build/Debug-iphonesimulator/FootGameScore.build/Objects-normal/arm64/FootGameScore-Swift.h -working-directory /Users/maksimkosharny/Desktop/Developer/FootGameScore -experimental-emit-module-separately -disable-cmo

Copy /Users/maksimkosharny/Library/Developer/Xcode/DerivedData/FootGameScore-flklpgugjzuqjnhfjujkheubgzdj/Build/Products/Debug-iphonesimulator/FootGameScore.swiftmodule/Project/arm64-apple-ios-simulator.swiftsourceinfo /Users/maksimkosharny/Library/Developer/Xcode/DerivedData/FootGameScore-flklpgugjzuqjnhfjujkheubgzdj/Build/Intermediates.noindex/FootGameScore.build/Debug-iphonesimulator/FootGameScore.build/Objects-normal/arm64/FootGameScore.swiftsourceinfo (in target 'FootGameScore' from project 'FootGameScore')
    cd /Users/maksimkosharny/Desktop/Developer/FootGameScore
    builtin-copy -exclude .DS_Store -exclude CVS -exclude .svn -exclude .git -exclude .hg -resolve-src-symlinks -rename /Users/maksimkosharny/Library/Developer/Xcode/DerivedData/FootGameScore-flklpgugjzuqjnhfjujkheubgzdj/Build/Intermediates.noindex/FootGameScore.build/Debug-iphonesimulator/FootGameScore.build/Objects-normal/arm64/FootGameScore.swiftsourceinfo /Users/maksimkosharny/Library/Developer/Xcode/DerivedData/FootGameScore-flklpgugjzuqjnhfjujkheubgzdj/Build/Products/Debug-iphonesimulator/FootGameScore.swiftmodule/Project/arm64-apple-ios-simulator.swiftsourceinfo

Copy /Users/maksimkosharny/Library/Developer/Xcode/DerivedData/FootGameScore-flklpgugjzuqjnhfjujkheubgzdj/Build/Products/Debug-iphonesimulator/FootGameScore.swiftmodule/arm64-apple-ios-simulator.swiftdoc /Users/maksimkosharny/Library/Developer/Xcode/DerivedData/FootGameScore-flklpgugjzuqjnhfjujkheubgzdj/Build/Intermediates.noindex/FootGameScore.build/Debug-iphonesimulator/FootGameScore.build/Objects-normal/arm64/FootGameScore.swiftdoc (in target 'FootGameScore' from project 'FootGameScore')
    cd /Users/maksimkosharny/Desktop/Developer/FootGameScore
    builtin-copy -exclude .DS_Store -exclude CVS -exclude .svn -exclude .git -exclude .hg -resolve-src-symlinks -rename /Users/maksimkosharny/Library/Developer/Xcode/DerivedData/FootGameScore-flklpgugjzuqjnhfjujkheubgzdj/Build/Intermediates.noindex/FootGameScore.build/Debug-iphonesimulator/FootGameScore.build/Objects-normal/arm64/FootGameScore.swiftdoc /Users/maksimkosharny/Library/Developer/Xcode/DerivedData/FootGameScore-flklpgugjzuqjnhfjujkheubgzdj/Build/Products/Debug-iphonesimulator/FootGameScore.swiftmodule/arm64-apple-ios-simulator.swiftdoc

Copy /Users/maksimkosharny/Library/Developer/Xcode/DerivedData/FootGameScore-flklpgugjzuqjnhfjujkheubgzdj/Build/Products/Debug-iphonesimulator/FootGameScore.swiftmodule/arm64-apple-ios-simulator.abi.json /Users/maksimkosharny/Library/Developer/Xcode/DerivedData/FootGameScore-flklpgugjzuqjnhfjujkheubgzdj/Build/Intermediates.noindex/FootGameScore.build/Debug-iphonesimulator/FootGameScore.build/Objects-normal/arm64/FootGameScore.abi.json (in target 'FootGameScore' from project 'FootGameScore')
    cd /Users/maksimkosharny/Desktop/Developer/FootGameScore
    builtin-copy -exclude .DS_Store -exclude CVS -exclude .svn -exclude .git -exclude .hg -resolve-src-symlinks -rename /Users/maksimkosharny/Library/Developer/Xcode/DerivedData/FootGameScore-flklpgugjzuqjnhfjujkheubgzdj/Build/Intermediates.noindex/FootGameScore.build/Debug-iphonesimulator/FootGameScore.build/Objects-normal/arm64/FootGameScore.abi.json /Users/maksimkosharny/Library/Developer/Xcode/DerivedData/FootGameScore-flklpgugjzuqjnhfjujkheubgzdj/Build/Products/Debug-iphonesimulator/FootGameScore.swiftmodule/arm64-apple-ios-simulator.abi.json

Copy /Users/maksimkosharny/Library/Developer/Xcode/DerivedData/FootGameScore-flklpgugjzuqjnhfjujkheubgzdj/Build/Products/Debug-iphonesimulator/FootGameScore.swiftmodule/arm64-apple-ios-simulator.swiftmodule /Users/maksimkosharny/Library/Developer/Xcode/DerivedData/FootGameScore-flklpgugjzuqjnhfjujkheubgzdj/Build/Intermediates.noindex/FootGameScore.build/Debug-iphonesimulator/FootGameScore.build/Objects-normal/arm64/FootGameScore.swiftmodule (in target 'FootGameScore' from project 'FootGameScore')
    cd /Users/maksimkosharny/Desktop/Developer/FootGameScore
    builtin-copy -exclude .DS_Store -exclude CVS -exclude .svn -exclude .git -exclude .hg -resolve-src-symlinks -rename /Users/maksimkosharny/Library/Developer/Xcode/DerivedData/FootGameScore-flklpgugjzuqjnhfjujkheubgzdj/Build/Intermediates.noindex/FootGameScore.build/Debug-iphonesimulator/FootGameScore.build/Objects-normal/arm64/FootGameScore.swiftmodule /Users/maksimkosharny/Library/Developer/Xcode/DerivedData/FootGameScore-flklpgugjzuqjnhfjujkheubgzdj/Build/Products/Debug-iphonesimulator/FootGameScore.swiftmodule/arm64-apple-ios-simulator.swiftmodule

SwiftDriverJobDiscovery normal arm64 Compiling OnboardingViewFG.swift (in target 'FootGameScore' from project 'FootGameScore')

SwiftCompile normal arm64 Compiling\ SplashViewFG.swift /Users/maksimkosharny/Desktop/Developer/FootGameScore/FootGameScore/Views/Core/SplashViewFG.swift (in target 'FootGameScore' from project 'FootGameScore')

SwiftCompile normal arm64 /Users/maksimkosharny/Desktop/Developer/FootGameScore/FootGameScore/Views/Core/SplashViewFG.swift (in target 'FootGameScore' from project 'FootGameScore')
    cd /Users/maksimkosharny/Desktop/Developer/FootGameScore
    

SwiftDriverJobDiscovery normal arm64 Compiling HomeViewFG.swift (in target 'FootGameScore' from project 'FootGameScore')

SwiftDriverJobDiscovery normal arm64 Compiling SplashViewFG.swift (in target 'FootGameScore' from project 'FootGameScore')

SwiftDriver\ Compilation FootGameScore normal arm64 com.apple.xcode.tools.swift.compiler (in target 'FootGameScore' from project 'FootGameScore')
    cd /Users/maksimkosharny/Desktop/Developer/FootGameScore
    builtin-Swift-Compilation -- /Applications/Xcode.app/Contents/Developer/Toolchains/XcodeDefault.xctoolchain/usr/bin/swiftc -module-name FootGameScore -Onone -enforce-exclusivity\=checked @/Users/maksimkosharny/Library/Developer/Xcode/DerivedData/FootGameScore-flklpgugjzuqjnhfjujkheubgzdj/Build/Intermediates.noindex/FootGameScore.build/Debug-iphonesimulator/FootGameScore.build/Objects-normal/arm64/FootGameScore.SwiftFileList -DDEBUG -Xcc -fmodule-map-file\=/Users/maksimkosharny/Library/Developer/Xcode/DerivedData/FootGameScore-flklpgugjzuqjnhfjujkheubgzdj/Build/Intermediates.noindex/GeneratedModuleMaps-iphonesimulator/GoogleDataTransport.modulemap -Xcc -fmodule-map-file\=/Users/maksimkosharny/Library/Developer/Xcode/DerivedData/FootGameScore-flklpgugjzuqjnhfjujkheubgzdj/Build/Intermediates.noindex/GeneratedModuleMaps-iphonesimulator/FirebaseMessaging.modulemap -Xcc -fmodule-map-file\=/Users/maksimkosharny/Library/Developer/Xcode/DerivedData/FootGameScore-flklpgugjzuqjnhfjujkheubgzdj/Build/Intermediates.noindex/GeneratedModuleMaps-iphonesimulator/GoogleUtilities-UserDefaults.modulemap -Xcc -fmodule-map-file\=/Users/maksimkosharny/Library/Developer/Xcode/DerivedData/FootGameScore-flklpgugjzuqjnhfjujkheubgzdj/Build/Intermediates.noindex/GeneratedModuleMaps-iphonesimulator/GoogleAppMeasurementCoreTarget.modulemap -Xcc -fmodule-map-file\=/Users/maksimkosharny/Library/Developer/Xcode/DerivedData/FootGameScore-flklpgugjzuqjnhfjujkheubgzdj/Build/Intermediates.noindex/GeneratedModuleMaps-iphonesimulator/GoogleUtilities-MethodSwizzler.modulemap -Xcc -fmodule-map-file\=/Users/maksimkosharny/Library/Developer/Xcode/DerivedData/FootGameScore-flklpgugjzuqjnhfjujkheubgzdj/Build/Intermediates.noindex/GeneratedModuleMaps-iphonesimulator/FirebaseAnalyticsCoreWrapper.modulemap -Xcc -fmodule-map-file\=/Users/maksimkosharny/Library/Developer/Xcode/DerivedData/FootGameScore-flklpgugjzuqjnhfjujkheubgzdj/Build/Intermediates.noindex/GeneratedModuleMaps-iphonesimulator/FirebaseInstallations.modulemap -Xcc -fmodule-map-file\=/Users/maksimkosharny/Library/Developer/Xcode/DerivedData/FootGameScore-flklpgugjzuqjnhfjujkheubgzdj/Build/Intermediates.noindex/GeneratedModuleMaps-iphonesimulator/FirebaseAnalyticsCoreTarget.modulemap -Xcc -fmodule-map-file\=/Users/maksimkosharny/Library/Developer/Xcode/DerivedData/FootGameScore-flklpgugjzuqjnhfjujkheubgzdj/Build/Intermediates.noindex/GeneratedModuleMaps-iphonesimulator/RecaptchaInterop.modulemap -Xcc -fmodule-map-file\=/Users/maksimkosharny/Library/Developer/Xcode/DerivedData/FootGameScore-flklpgugjzuqjnhfjujkheubgzdj/Build/Intermediates.noindex/GeneratedModuleMaps-iphonesimulator/GoogleUtilities-Network.modulemap -Xcc -fmodule-map-file\=/Users/maksimkosharny/Library/Developer/Xcode/DerivedData/FootGameScore-flklpgugjzuqjnhfjujkheubgzdj/Build/Intermediates.noindex/GeneratedModuleMaps-iphonesimulator/GoogleUtilities-Reachability.modulemap -Xcc -fmodule-map-file\=/Users/maksimkosharny/Library/Developer/Xcode/DerivedData/FootGameScore-flklpgugjzuqjnhfjujkheubgzdj/Build/Intermediates.noindex/GeneratedModuleMaps-iphonesimulator/GoogleUtilities-AppDelegateSwizzler.modulemap -Xcc -fmodule-map-file\=/Users/maksimkosharny/Library/Developer/Xcode/DerivedData/FootGameScore-flklpgugjzuqjnhfjujkheubgzdj/Build/Intermediates.noindex/GeneratedModuleMaps-iphonesimulator/GTMSessionFetcherCore.modulemap -Xcc -fmodule-map-file\=/Users/maksimkosharny/Library/Developer/Xcode/DerivedData/FootGameScore-flklpgugjzuqjnhfjujkheubgzdj/Build/Intermediates.noindex/GeneratedModuleMaps-iphonesimulator/FirebaseAuthInternal.modulemap -Xcc -fmodule-map-file\=/Users/maksimkosharny/Library/Developer/Xcode/DerivedData/FootGameScore-flklpgugjzuqjnhfjujkheubgzdj/Build/Intermediates.noindex/GeneratedModuleMaps-iphonesimulator/FirebaseAuthInterop.modulemap -Xcc -fmodule-map-file\=/Users/maksimkosharny/Library/Developer/Xcode/DerivedData/FootGameScore-flklpgugjzuqjnhfjujkheubgzdj/Build/Intermediates.noindex/GeneratedModuleMaps-iphonesimulator/GoogleUtilities-NSData.modulemap -Xcc -fmodule-map-file\=/Users/maksimkosharny/Library/Developer/Xcode/DerivedData/FootGameScore-flklpgugjzuqjnhfjujkheubgzdj/Build/Intermediates.noindex/GeneratedModuleMaps-iphonesimulator/GoogleUtilities-Environment.modulemap -Xcc -fmodule-map-file\=/Users/maksimkosharny/Library/Developer/Xcode/DerivedData/FootGameScore-flklpgugjzuqjnhfjujkheubgzdj/Build/Intermediates.noindex/GeneratedModuleMaps-iphonesimulator/third-party-IsAppEncrypted.modulemap -Xcc -fmodule-map-file\=/Users/maksimkosharny/Library/Developer/Xcode/DerivedData/FootGameScore-flklpgugjzuqjnhfjujkheubgzdj/Build/Intermediates.noindex/GeneratedModuleMaps-iphonesimulator/GoogleUtilities-Logger.modulemap -Xcc -fmodule-map-file\=/Users/maksimkosharny/Library/Developer/Xcode/DerivedData/FootGameScore-flklpgugjzuqjnhfjujkheubgzdj/Build/Intermediates.noindex/GeneratedModuleMaps-iphonesimulator/abslWrapper.modulemap -Xcc -fmodule-map-file\=/Users/maksimkosharny/Library/Developer/Xcode/DerivedData/FootGameScore-flklpgugjzuqjnhfjujkheubgzdj/Build/Intermediates.noindex/GeneratedModuleMaps-iphonesimulator/opensslWrapper.modulemap -Xcc -fmodule-map-file\=/Users/maksimkosharny/Library/Developer/Xcode/DerivedData/FootGameScore-flklpgugjzuqjnhfjujkheubgzdj/Build/Intermediates.noindex/GeneratedModuleMaps-iphonesimulator/grpcWrapper.modulemap -Xcc -fmodule-map-file\=/Users/maksimkosharny/Library/Developer/Xcode/DerivedData/FootGameScore-flklpgugjzuqjnhfjujkheubgzdj/Build/Intermediates.noindex/GeneratedModuleMaps-iphonesimulator/grpcppWrapper.modulemap -Xcc -fmodule-map-file\=/Users/maksimkosharny/Library/Developer/Xcode/DerivedData/FootGameScore-flklpgugjzuqjnhfjujkheubgzdj/Build/Intermediates.noindex/GeneratedModuleMaps-iphonesimulator/nanopb.modulemap -Xcc -fmodule-map-file\=/Users/maksimkosharny/Library/Developer/Xcode/DerivedData/FootGameScore-flklpgugjzuqjnhfjujkheubgzdj/Build/Intermediates.noindex/GeneratedModuleMaps-iphonesimulator/leveldb.modulemap -Xcc -fmodule-map-file\=/Users/maksimkosharny/Library/Developer/Xcode/DerivedData/FootGameScore-flklpgugjzuqjnhfjujkheubgzdj/Build/Intermediates.noindex/GeneratedModuleMaps-iphonesimulator/FirebaseCoreExtension.modulemap -Xcc -fmodule-map-file\=/Users/maksimkosharny/Library/Developer/Xcode/DerivedData/FootGameScore-flklpgugjzuqjnhfjujkheubgzdj/Build/Intermediates.noindex/GeneratedModuleMaps-iphonesimulator/FirebaseCore.modulemap -Xcc -fmodule-map-file\=/Users/maksimkosharny/Library/Developer/Xcode/DerivedData/FootGameScore-flklpgugjzuqjnhfjujkheubgzdj/Build/Intermediates.noindex/GeneratedModuleMaps-iphonesimulator/FirebaseAppCheckInterop.modulemap -Xcc -fmodule-map-file\=/Users/maksimkosharny/Library/Developer/Xcode/DerivedData/FootGameScore-flklpgugjzuqjnhfjujkheubgzdj/Build/Intermediates.noindex/GeneratedModuleMaps-iphonesimulator/FirebaseFirestoreInternalWrapper.modulemap -Xcc -fmodule-map-file\=/Users/maksimkosharny/Library/Developer/Xcode/DerivedData/FootGameScore-flklpgugjzuqjnhfjujkheubgzdj/Build/Intermediates.noindex/GeneratedModuleMaps-iphonesimulator/FirebaseFirestoreTarget.modulemap -default-isolation\=MainActor -enable-bare-slash-regex -enable-upcoming-feature DisableOutwardActorInference -enable-upcoming-feature InferSendableFromCaptures -enable-upcoming-feature GlobalActorIsolatedTypesUsability -enable-upcoming-feature MemberImportVisibility -enable-upcoming-feature InferIsolatedConformances -enable-upcoming-feature NonisolatedNonsendingByDefault -enable-experimental-feature DebugDescriptionMacro -sdk /Applications/Xcode.app/Contents/Developer/Platforms/iPhoneSimulator.platform/Developer/SDKs/iPhoneSimulator26.2.sdk -target arm64-apple-ios16.6-simulator -g -module-cache-path /Users/maksimkosharny/Library/Developer/Xcode/DerivedData/ModuleCache.noindex -Xfrontend -serialize-debugging-options -enable-testing -index-store-path /Users/maksimkosharny/Library/Developer/Xcode/DerivedData/FootGameScore-flklpgugjzuqjnhfjujkheubgzdj/Index.noindex/DataStore -Xcc -D_LIBCPP_HARDENING_MODE\=_LIBCPP_HARDENING_MODE_DEBUG -swift-version 5 -I /Users/maksimkosharny/Library/Developer/Xcode/DerivedData/FootGameScore-flklpgugjzuqjnhfjujkheubgzdj/Build/Products/Debug-iphonesimulator -F /Users/maksimkosharny/Library/Developer/Xcode/DerivedData/FootGameScore-flklpgugjzuqjnhfjujkheubgzdj/Build/Products/Debug-iphonesimulator/PackageFrameworks -F /Users/maksimkosharny/Library/Developer/Xcode/DerivedData/FootGameScore-flklpgugjzuqjnhfjujkheubgzdj/Build/Products/Debug-iphonesimulator/PackageFrameworks -F /Users/maksimkosharny/Library/Developer/Xcode/DerivedData/FootGameScore-flklpgugjzuqjnhfjujkheubgzdj/Build/Products/Debug-iphonesimulator/PackageFrameworks -F /Users/maksimkosharny/Library/Developer/Xcode/DerivedData/FootGameScore-flklpgugjzuqjnhfjujkheubgzdj/Build/Products/Debug-iphonesimulator/PackageFrameworks -F /Users/maksimkosharny/Library/Developer/Xcode/DerivedData/FootGameScore-flklpgugjzuqjnhfjujkheubgzdj/Build/Products/Debug-iphonesimulator/PackageFrameworks -F /Users/maksimkosharny/Library/Developer/Xcode/DerivedData/FootGameScore-flklpgugjzuqjnhfjujkheubgzdj/Build/Products/Debug-iphonesimulator/PackageFrameworks -F /Users/maksimkosharny/Library/Developer/Xcode/DerivedData/FootGameScore-flklpgugjzuqjnhfjujkheubgzdj/Build/Products/Debug-iphonesimulator/PackageFrameworks -F /Users/maksimkosharny/Library/Developer/Xcode/DerivedData/FootGameScore-flklpgugjzuqjnhfjujkheubgzdj/Build/Products/Debug-iphonesimulator/PackageFrameworks -F /Users/maksimkosharny/Library/Developer/Xcode/DerivedData/FootGameScore-flklpgugjzuqjnhfjujkheubgzdj/Build/Products/Debug-iphonesimulator/PackageFrameworks -F /Users/maksimkosharny/Library/Developer/Xcode/DerivedData/FootGameScore-flklpgugjzuqjnhfjujkheubgzdj/Build/Products/Debug-iphonesimulator/PackageFrameworks -F /Users/maksimkosharny/Library/Developer/Xcode/DerivedData/FootGameScore-flklpgugjzuqjnhfjujkheubgzdj/Build/Products/Debug-iphonesimulator/PackageFrameworks -F /Users/maksimkosharny/Library/Developer/Xcode/DerivedData/FootGameScore-flklpgugjzuqjnhfjujkheubgzdj/Build/Products/Debug-iphonesimulator/PackageFrameworks -F /Users/maksimkosharny/Library/Developer/Xcode/DerivedData/FootGameScore-flklpgugjzuqjnhfjujkheubgzdj/Build/Products/Debug-iphonesimulator/PackageFrameworks -F /Users/maksimkosharny/Library/Developer/Xcode/DerivedData/FootGameScore-flklpgugjzuqjnhfjujkheubgzdj/Build/Products/Debug-iphonesimulator/PackageFrameworks -F /Users/maksimkosharny/Library/Developer/Xcode/DerivedData/FootGameScore-flklpgugjzuqjnhfjujkheubgzdj/Build/Products/Debug-iphonesimulator/PackageFrameworks -F /Users/maksimkosharny/Library/Developer/Xcode/DerivedData/FootGameScore-flklpgugjzuqjnhfjujkheubgzdj/Build/Products/Debug-iphonesimulator/PackageFrameworks -F /Users/maksimkosharny/Library/Developer/Xcode/DerivedData/FootGameScore-flklpgugjzuqjnhfjujkheubgzdj/Build/Products/Debug-iphonesimulator/PackageFrameworks -F /Users/maksimkosharny/Library/Developer/Xcode/DerivedData/FootGameScore-flklpgugjzuqjnhfjujkheubgzdj/Build/Products/Debug-iphonesimulator/PackageFrameworks -F /Users/maksimkosharny/Library/Developer/Xcode/DerivedData/FootGameScore-flklpgugjzuqjnhfjujkheubgzdj/Build/Products/Debug-iphonesimulator/PackageFrameworks -F /Users/maksimkosharny/Library/Developer/Xcode/DerivedData/FootGameScore-flklpgugjzuqjnhfjujkheubgzdj/Build/Products/Debug-iphonesimulator/PackageFrameworks -F /Users/maksimkosharny/Library/Developer/Xcode/DerivedData/FootGameScore-flklpgugjzuqjnhfjujkheubgzdj/Build/Products/Debug-iphonesimulator/PackageFrameworks -F /Users/maksimkosharny/Library/Developer/Xcode/DerivedData/FootGameScore-flklpgugjzuqjnhfjujkheubgzdj/Build/Products/Debug-iphonesimulator/PackageFrameworks -F /Users/maksimkosharny/Library/Developer/Xcode/DerivedData/FootGameScore-flklpgugjzuqjnhfjujkheubgzdj/Build/Products/Debug-iphonesimulator/PackageFrameworks -F /Users/maksimkosharny/Library/Developer/Xcode/DerivedData/FootGameScore-flklpgugjzuqjnhfjujkheubgzdj/Build/Products/Debug-iphonesimulator/PackageFrameworks -F /Users/maksimkosharny/Library/Developer/Xcode/DerivedData/FootGameScore-flklpgugjzuqjnhfjujkheubgzdj/Build/Products/Debug-iphonesimulator/PackageFrameworks -F /Users/maksimkosharny/Library/Developer/Xcode/DerivedData/FootGameScore-flklpgugjzuqjnhfjujkheubgzdj/Build/Products/Debug-iphonesimulator/PackageFrameworks -F /Users/maksimkosharny/Library/Developer/Xcode/DerivedData/FootGameScore-flklpgugjzuqjnhfjujkheubgzdj/Build/Products/Debug-iphonesimulator/PackageFrameworks -F /Users/maksimkosharny/Library/Developer/Xcode/DerivedData/FootGameScore-flklpgugjzuqjnhfjujkheubgzdj/Build/Products/Debug-iphonesimulator/PackageFrameworks -F /Users/maksimkosharny/Library/Developer/Xcode/DerivedData/FootGameScore-flklpgugjzuqjnhfjujkheubgzdj/Build/Products/Debug-iphonesimulator/PackageFrameworks -F /Users/maksimkosharny/Library/Developer/Xcode/DerivedData/FootGameScore-flklpgugjzuqjnhfjujkheubgzdj/Build/Products/Debug-iphonesimulator/PackageFrameworks -F /Users/maksimkosharny/Library/Developer/Xcode/DerivedData/FootGameScore-flklpgugjzuqjnhfjujkheubgzdj/Build/Products/Debug-iphonesimulator/PackageFrameworks -F /Users/maksimkosharny/Library/Developer/Xcode/DerivedData/FootGameScore-flklpgugjzuqjnhfjujkheubgzdj/Build/Products/Debug-iphonesimulator/PackageFrameworks -F /Users/maksimkosharny/Library/Developer/Xcode/DerivedData/FootGameScore-flklpgugjzuqjnhfjujkheubgzdj/Build/Products/Debug-iphonesimulator/PackageFrameworks -F /Users/maksimkosharny/Library/Developer/Xcode/DerivedData/FootGameScore-flklpgugjzuqjnhfjujkheubgzdj/Build/Products/Debug-iphonesimulator/PackageFrameworks -F /Users/maksimkosharny/Library/Developer/Xcode/DerivedData/FootGameScore-flklpgugjzuqjnhfjujkheubgzdj/Build/Products/Debug-iphonesimulator/PackageFrameworks -F /Users/maksimkosharny/Library/Developer/Xcode/DerivedData/FootGameScore-flklpgugjzuqjnhfjujkheubgzdj/Build/Products/Debug-iphonesimulator/PackageFrameworks -F /Users/maksimkosharny/Library/Developer/Xcode/DerivedData/FootGameScore-flklpgugjzuqjnhfjujkheubgzdj/Build/Products/Debug-iphonesimulator -emit-localized-strings -emit-localized-strings-path /Users/maksimkosharny/Library/Developer/Xcode/DerivedData/FootGameScore-flklpgugjzuqjnhfjujkheubgzdj/Build/Intermediates.noindex/FootGameScore.build/Debug-iphonesimulator/FootGameScore.build/Objects-normal/arm64 -c -j8 -enable-batch-mode -incremental -Xcc -ivfsstatcache -Xcc /Users/maksimkosharny/Library/Developer/Xcode/DerivedData/SDKStatCaches.noindex/iphonesimulator26.2-23C53-7d00a8b37fbd7999ea79df8ebc024bf0.sdkstatcache -output-file-map /Users/maksimkosharny/Library/Developer/Xcode/DerivedData/FootGameScore-flklpgugjzuqjnhfjujkheubgzdj/Build/Intermediates.noindex/FootGameScore.build/Debug-iphonesimulator/FootGameScore.build/Objects-normal/arm64/FootGameScore-OutputFileMap.json -use-frontend-parseable-output -save-temps -no-color-diagnostics -explicit-module-build -module-cache-path /Users/maksimkosharny/Library/Developer/Xcode/DerivedData/FootGameScore-flklpgugjzuqjnhfjujkheubgzdj/Build/Intermediates.noindex/SwiftExplicitPrecompiledModules -clang-scanner-module-cache-path /Users/maksimkosharny/Library/Developer/Xcode/DerivedData/ModuleCache.noindex -sdk-module-cache-path /Users/maksimkosharny/Library/Developer/Xcode/DerivedData/ModuleCache.noindex -serialize-diagnostics -emit-dependencies -emit-module -emit-module-path /Users/maksimkosharny/Library/Developer/Xcode/DerivedData/FootGameScore-flklpgugjzuqjnhfjujkheubgzdj/Build/Intermediates.noindex/FootGameScore.build/Debug-iphonesimulator/FootGameScore.build/Objects-normal/arm64/FootGameScore.swiftmodule -validate-clang-modules-once -clang-build-session-file /Users/maksimkosharny/Library/Developer/Xcode/DerivedData/ModuleCache.noindex/Session.modulevalidation -Xcc -I/Users/maksimkosharny/Library/Developer/Xcode/DerivedData/FootGameScore-flklpgugjzuqjnhfjujkheubgzdj/Build/Intermediates.noindex/FootGameScore.build/Debug-iphonesimulator/FootGameScore.build/swift-overrides.hmap -emit-const-values -Xfrontend -const-gather-protocols-file -Xfrontend /Users/maksimkosharny/Library/Developer/Xcode/DerivedData/FootGameScore-flklpgugjzuqjnhfjujkheubgzdj/Build/Intermediates.noindex/FootGameScore.build/Debug-iphonesimulator/FootGameScore.build/Objects-normal/arm64/FootGameScore_const_extract_protocols.json -Xcc -iquote -Xcc /Users/maksimkosharny/Library/Developer/Xcode/DerivedData/FootGameScore-flklpgugjzuqjnhfjujkheubgzdj/Build/Intermediates.noindex/FootGameScore.build/Debug-iphonesimulator/FootGameScore.build/FootGameScore-generated-files.hmap -Xcc -I/Users/maksimkosharny/Library/Developer/Xcode/DerivedData/FootGameScore-flklpgugjzuqjnhfjujkheubgzdj/Build/Intermediates.noindex/FootGameScore.build/Debug-iphonesimulator/FootGameScore.build/FootGameScore-own-target-headers.hmap -Xcc -I/Users/maksimkosharny/Library/Developer/Xcode/DerivedData/FootGameScore-flklpgugjzuqjnhfjujkheubgzdj/Build/Intermediates.noindex/FootGameScore.build/Debug-iphonesimulator/FootGameScore.build/FootGameScore-all-non-framework-target-headers.hmap -Xcc -ivfsoverlay -Xcc /Users/maksimkosharny/Library/Developer/Xcode/DerivedData/FootGameScore-flklpgugjzuqjnhfjujkheubgzdj/Build/Intermediates.noindex/FootGameScore.build/Debug-iphonesimulator/FootGameScore-55613305b72115e5bacf88d6408d133a-VFS-iphonesimulator/all-product-headers.yaml -Xcc -iquote -Xcc /Users/maksimkosharny/Library/Developer/Xcode/DerivedData/FootGameScore-flklpgugjzuqjnhfjujkheubgzdj/Build/Intermediates.noindex/FootGameScore.build/Debug-iphonesimulator/FootGameScore.build/FootGameScore-project-headers.hmap -Xcc -I/Users/maksimkosharny/Library/Developer/Xcode/DerivedData/FootGameScore-flklpgugjzuqjnhfjujkheubgzdj/SourcePackages/checkouts/GoogleDataTransport/GoogleDataTransport/GDTCORLibrary/Public -Xcc -I/Users/maksimkosharny/Library/Developer/Xcode/DerivedData/FootGameScore-flklpgugjzuqjnhfjujkheubgzdj/SourcePackages/checkouts/firebase-ios-sdk/FirebaseMessaging/Sources/Public -Xcc -I/Users/maksimkosharny/Library/Developer/Xcode/DerivedData/FootGameScore-flklpgugjzuqjnhfjujkheubgzdj/SourcePackages/checkouts/promises/Sources/FBLPromises/include -Xcc -I/Users/maksimkosharny/Library/Developer/Xcode/DerivedData/FootGameScore-flklpgugjzuqjnhfjujkheubgzdj/SourcePackages/checkouts/GoogleUtilities/GoogleUtilities/UserDefaults/Public -Xcc -I/Users/maksimkosharny/Library/Developer/Xcode/DerivedData/FootGameScore-flklpgugjzuqjnhfjujkheubgzdj/SourcePackages/checkouts/GoogleAppMeasurement/GoogleAppMeasurementCoreWrapper/include -Xcc -I/Users/maksimkosharny/Library/Developer/Xcode/DerivedData/FootGameScore-flklpgugjzuqjnhfjujkheubgzdj/SourcePackages/checkouts/GoogleUtilities/GoogleUtilities/MethodSwizzler/Public -Xcc -I/Users/maksimkosharny/Library/Developer/Xcode/DerivedData/FootGameScore-flklpgugjzuqjnhfjujkheubgzdj/SourcePackages/checkouts/firebase-ios-sdk/FirebaseAnalyticsCoreWrapper/include -Xcc -I/Users/maksimkosharny/Library/Developer/Xcode/DerivedData/FootGameScore-flklpgugjzuqjnhfjujkheubgzdj/SourcePackages/checkouts/firebase-ios-sdk/FirebaseInstallations/Source/Library/Public -Xcc -I/Users/maksimkosharny/Library/Developer/Xcode/DerivedData/FootGameScore-flklpgugjzuqjnhfjujkheubgzdj/SourcePackages/checkouts/firebase-ios-sdk/SwiftPM-PlatformExclude/FirebaseAnalyticsCoreWrap/include -Xcc -I/Users/maksimkosharny/Library/Developer/Xcode/DerivedData/FootGameScore-flklpgugjzuqjnhfjujkheubgzdj/SourcePackages/checkouts/interop-ios-for-google-sdks/RecaptchaEnterprise/RecaptchaInterop/Public -Xcc -I/Users/maksimkosharny/Library/Developer/Xcode/DerivedData/FootGameScore-flklpgugjzuqjnhfjujkheubgzdj/SourcePackages/checkouts/GoogleUtilities/GoogleUtilities/Network/Public -Xcc -I/Users/maksimkosharny/Library/Developer/Xcode/DerivedData/FootGameScore-flklpgugjzuqjnhfjujkheubgzdj/SourcePackages/checkouts/GoogleUtilities/GoogleUtilities/Reachability/Public -Xcc -I/Users/maksimkosharny/Library/Developer/Xcode/DerivedData/FootGameScore-flklpgugjzuqjnhfjujkheubgzdj/SourcePackages/checkouts/GoogleUtilities/GoogleUtilities/AppDelegateSwizzler/Public -Xcc -I/Users/maksimkosharny/Library/Developer/Xcode/DerivedData/FootGameScore-flklpgugjzuqjnhfjujkheubgzdj/SourcePackages/checkouts/gtm-session-fetcher/Sources/Core/Public -Xcc -I/Users/maksimkosharny/Library/Developer/Xcode/DerivedData/FootGameScore-flklpgugjzuqjnhfjujkheubgzdj/SourcePackages/checkouts/firebase-ios-sdk/FirebaseAuth/Sources/Public -Xcc -I/Users/maksimkosharny/Library/Developer/Xcode/DerivedData/FootGameScore-flklpgugjzuqjnhfjujkheubgzdj/SourcePackages/checkouts/firebase-ios-sdk/FirebaseAuth/Interop/Public -Xcc -I/Users/maksimkosharny/Library/Developer/Xcode/DerivedData/FootGameScore-flklpgugjzuqjnhfjujkheubgzdj/SourcePackages/checkouts/GoogleUtilities/GoogleUtilities/NSData+zlib/Public -Xcc -I/Users/maksimkosharny/Library/Developer/Xcode/DerivedData/FootGameScore-flklpgugjzuqjnhfjujkheubgzdj/SourcePackages/checkouts/GoogleUtilities/GoogleUtilities/Environment/Public -Xcc -I/Users/maksimkosharny/Library/Developer/Xcode/DerivedData/FootGameScore-flklpgugjzuqjnhfjujkheubgzdj/SourcePackages/checkouts/GoogleUtilities/third_party/IsAppEncrypted/Public -Xcc -I/Users/maksimkosharny/Library/Developer/Xcode/DerivedData/FootGameScore-flklpgugjzuqjnhfjujkheubgzdj/SourcePackages/checkouts/GoogleUtilities/GoogleUtilities/Logger/Public -Xcc -I/Users/maksimkosharny/Library/Developer/Xcode/DerivedData/FootGameScore-flklpgugjzuqjnhfjujkheubgzdj/SourcePackages/checkouts/abseil-cpp-binary/absl-Wrapper/include -Xcc -I/Users/maksimkosharny/Library/Developer/Xcode/DerivedData/FootGameScore-flklpgugjzuqjnhfjujkheubgzdj/SourcePackages/checkouts/grpc-binary/openssl-grpc-Wrapper/include -Xcc -I/Users/maksimkosharny/Library/Developer/Xcode/DerivedData/FootGameScore-flklpgugjzuqjnhfjujkheubgzdj/SourcePackages/checkouts/grpc-binary/grpc-Wrapper/include -Xcc -I/Users/maksimkosharny/Library/Developer/Xcode/DerivedData/FootGameScore-flklpgugjzuqjnhfjujkheubgzdj/SourcePackages/checkouts/grpc-binary/grpcpp-Wrapper/include -Xcc -I/Users/maksimkosharny/Library/Developer/Xcode/DerivedData/FootGameScore-flklpgugjzuqjnhfjujkheubgzdj/SourcePackages/checkouts/nanopb/spm_headers -Xcc -I/Users/maksimkosharny/Library/Developer/Xcode/DerivedData/FootGameScore-flklpgugjzuqjnhfjujkheubgzdj/SourcePackages/checkouts/leveldb/include -Xcc -I/Users/maksimkosharny/Library/Developer/Xcode/DerivedData/FootGameScore-flklpgugjzuqjnhfjujkheubgzdj/SourcePackages/checkouts/firebase-ios-sdk/FirebaseCore/Extension -Xcc -I/Users/maksimkosharny/Library/Developer/Xcode/DerivedData/FootGameScore-flklpgugjzuqjnhfjujkheubgzdj/SourcePackages/checkouts/firebase-ios-sdk/FirebaseCore/Sources/Public -Xcc -I/Users/maksimkosharny/Library/Developer/Xcode/DerivedData/FootGameScore-flklpgugjzuqjnhfjujkheubgzdj/SourcePackages/checkouts/firebase-ios-sdk/CoreOnly/Sources -Xcc -I/Users/maksimkosharny/Library/Developer/Xcode/DerivedData/FootGameScore-flklpgugjzuqjnhfjujkheubgzdj/SourcePackages/checkouts/firebase-ios-sdk/FirebaseAppCheck/Interop/Public -Xcc -I/Users/maksimkosharny/Library/Developer/Xcode/DerivedData/FootGameScore-flklpgugjzuqjnhfjujkheubgzdj/SourcePackages/checkouts/firebase-ios-sdk/FirebaseFirestoreInternal -Xcc -I/Users/maksimkosharny/Library/Developer/Xcode/DerivedData/FootGameScore-flklpgugjzuqjnhfjujkheubgzdj/SourcePackages/checkouts/firebase-ios-sdk/SwiftPM-PlatformExclude/FirebaseFirestoreWrap/include -Xcc -I/Users/maksimkosharny/Library/Developer/Xcode/DerivedData/FootGameScore-flklpgugjzuqjnhfjujkheubgzdj/Build/Products/Debug-iphonesimulator/include -Xcc -I/Users/maksimkosharny/Library/Developer/Xcode/DerivedData/FootGameScore-flklpgugjzuqjnhfjujkheubgzdj/Build/Intermediates.noindex/FootGameScore.build/Debug-iphonesimulator/FootGameScore.build/DerivedSources-normal/arm64 -Xcc -I/Users/maksimkosharny/Library/Developer/Xcode/DerivedData/FootGameScore-flklpgugjzuqjnhfjujkheubgzdj/Build/Intermediates.noindex/FootGameScore.build/Debug-iphonesimulator/FootGameScore.build/DerivedSources/arm64 -Xcc -I/Users/maksimkosharny/Library/Developer/Xcode/DerivedData/FootGameScore-flklpgugjzuqjnhfjujkheubgzdj/Build/Intermediates.noindex/FootGameScore.build/Debug-iphonesimulator/FootGameScore.build/DerivedSources -Xcc -DDEBUG\=1 -emit-objc-header -emit-objc-header-path /Users/maksimkosharny/Library/Developer/Xcode/DerivedData/FootGameScore-flklpgugjzuqjnhfjujkheubgzdj/Build/Intermediates.noindex/FootGameScore.build/Debug-iphonesimulator/FootGameScore.build/Objects-normal/arm64/FootGameScore-Swift.h -working-directory /Users/maksimkosharny/Desktop/Developer/FootGameScore -experimental-emit-module-separately -disable-cmo

Ld /Users/maksimkosharny/Library/Developer/Xcode/DerivedData/FootGameScore-flklpgugjzuqjnhfjujkheubgzdj/Build/Products/Debug-iphonesimulator/FootGameScore.app/FootGameScore.debug.dylib normal (in target 'FootGameScore' from project 'FootGameScore')
    cd /Users/maksimkosharny/Desktop/Developer/FootGameScore
    /Applications/Xcode.app/Contents/Developer/Toolchains/XcodeDefault.xctoolchain/usr/bin/clang -Xlinker -reproducible -target arm64-apple-ios16.6-simulator -dynamiclib -isysroot /Applications/Xcode.app/Contents/Developer/Platforms/iPhoneSimulator.platform/Developer/SDKs/iPhoneSimulator26.2.sdk -O0 -L/Users/maksimkosharny/Library/Developer/Xcode/DerivedData/FootGameScore-flklpgugjzuqjnhfjujkheubgzdj/Build/Intermediates.noindex/EagerLinkingTBDs/Debug-iphonesimulator -L/Users/maksimkosharny/Library/Developer/Xcode/DerivedData/FootGameScore-flklpgugjzuqjnhfjujkheubgzdj/Build/Products/Debug-iphonesimulator -F/Users/maksimkosharny/Library/Developer/Xcode/DerivedData/FootGameScore-flklpgugjzuqjnhfjujkheubgzdj/Build/Intermediates.noindex/EagerLinkingTBDs/Debug-iphonesimulator -F/Users/maksimkosharny/Library/Developer/Xcode/DerivedData/FootGameScore-flklpgugjzuqjnhfjujkheubgzdj/Build/Products/Debug-iphonesimulator/PackageFrameworks -F/Users/maksimkosharny/Library/Developer/Xcode/DerivedData/FootGameScore-flklpgugjzuqjnhfjujkheubgzdj/Build/Products/Debug-iphonesimulator/PackageFrameworks -F/Users/maksimkosharny/Library/Developer/Xcode/DerivedData/FootGameScore-flklpgugjzuqjnhfjujkheubgzdj/Build/Products/Debug-iphonesimulator/PackageFrameworks -F/Users/maksimkosharny/Library/Developer/Xcode/DerivedData/FootGameScore-flklpgugjzuqjnhfjujkheubgzdj/Build/Products/Debug-iphonesimulator/PackageFrameworks -F/Users/maksimkosharny/Library/Developer/Xcode/DerivedData/FootGameScore-flklpgugjzuqjnhfjujkheubgzdj/Build/Products/Debug-iphonesimulator/PackageFrameworks -F/Users/maksimkosharny/Library/Developer/Xcode/DerivedData/FootGameScore-flklpgugjzuqjnhfjujkheubgzdj/Build/Products/Debug-iphonesimulator/PackageFrameworks -F/Users/maksimkosharny/Library/Developer/Xcode/DerivedData/FootGameScore-flklpgugjzuqjnhfjujkheubgzdj/Build/Products/Debug-iphonesimulator/PackageFrameworks -F/Users/maksimkosharny/Library/Developer/Xcode/DerivedData/FootGameScore-flklpgugjzuqjnhfjujkheubgzdj/Build/Products/Debug-iphonesimulator/PackageFrameworks -F/Users/maksimkosharny/Library/Developer/Xcode/DerivedData/FootGameScore-flklpgugjzuqjnhfjujkheubgzdj/Build/Products/Debug-iphonesimulator/PackageFrameworks -F/Users/maksimkosharny/Library/Developer/Xcode/DerivedData/FootGameScore-flklpgugjzuqjnhfjujkheubgzdj/Build/Products/Debug-iphonesimulator/PackageFrameworks -F/Users/maksimkosharny/Library/Developer/Xcode/DerivedData/FootGameScore-flklpgugjzuqjnhfjujkheubgzdj/Build/Products/Debug-iphonesimulator/PackageFrameworks -F/Users/maksimkosharny/Library/Developer/Xcode/DerivedData/FootGameScore-flklpgugjzuqjnhfjujkheubgzdj/Build/Products/Debug-iphonesimulator/PackageFrameworks -F/Users/maksimkosharny/Library/Developer/Xcode/DerivedData/FootGameScore-flklpgugjzuqjnhfjujkheubgzdj/Build/Products/Debug-iphonesimulator/PackageFrameworks -F/Users/maksimkosharny/Library/Developer/Xcode/DerivedData/FootGameScore-flklpgugjzuqjnhfjujkheubgzdj/Build/Products/Debug-iphonesimulator/PackageFrameworks -F/Users/maksimkosharny/Library/Developer/Xcode/DerivedData/FootGameScore-flklpgugjzuqjnhfjujkheubgzdj/Build/Products/Debug-iphonesimulator/PackageFrameworks -F/Users/maksimkosharny/Library/Developer/Xcode/DerivedData/FootGameScore-flklpgugjzuqjnhfjujkheubgzdj/Build/Products/Debug-iphonesimulator/PackageFrameworks -F/Users/maksimkosharny/Library/Developer/Xcode/DerivedData/FootGameScore-flklpgugjzuqjnhfjujkheubgzdj/Build/Products/Debug-iphonesimulator/PackageFrameworks -F/Users/maksimkosharny/Library/Developer/Xcode/DerivedData/FootGameScore-flklpgugjzuqjnhfjujkheubgzdj/Build/Products/Debug-iphonesimulator/PackageFrameworks -F/Users/maksimkosharny/Library/Developer/Xcode/DerivedData/FootGameScore-flklpgugjzuqjnhfjujkheubgzdj/Build/Products/Debug-iphonesimulator/PackageFrameworks -F/Users/maksimkosharny/Library/Developer/Xcode/DerivedData/FootGameScore-flklpgugjzuqjnhfjujkheubgzdj/Build/Products/Debug-iphonesimulator/PackageFrameworks -F/Users/maksimkosharny/Library/Developer/Xcode/DerivedData/FootGameScore-flklpgugjzuqjnhfjujkheubgzdj/Build/Products/Debug-iphonesimulator/PackageFrameworks -F/Users/maksimkosharny/Library/Developer/Xcode/DerivedData/FootGameScore-flklpgugjzuqjnhfjujkheubgzdj/Build/Products/Debug-iphonesimulator/PackageFrameworks -F/Users/maksimkosharny/Library/Developer/Xcode/DerivedData/FootGameScore-flklpgugjzuqjnhfjujkheubgzdj/Build/Products/Debug-iphonesimulator/PackageFrameworks -F/Users/maksimkosharny/Library/Developer/Xcode/DerivedData/FootGameScore-flklpgugjzuqjnhfjujkheubgzdj/Build/Products/Debug-iphonesimulator/PackageFrameworks -F/Users/maksimkosharny/Library/Developer/Xcode/DerivedData/FootGameScore-flklpgugjzuqjnhfjujkheubgzdj/Build/Products/Debug-iphonesimulator/PackageFrameworks -F/Users/maksimkosharny/Library/Developer/Xcode/DerivedData/FootGameScore-flklpgugjzuqjnhfjujkheubgzdj/Build/Products/Debug-iphonesimulator/PackageFrameworks -F/Users/maksimkosharny/Library/Developer/Xcode/DerivedData/FootGameScore-flklpgugjzuqjnhfjujkheubgzdj/Build/Products/Debug-iphonesimulator/PackageFrameworks -F/Users/maksimkosharny/Library/Developer/Xcode/DerivedData/FootGameScore-flklpgugjzuqjnhfjujkheubgzdj/Build/Products/Debug-iphonesimulator/PackageFrameworks -F/Users/maksimkosharny/Library/Developer/Xcode/DerivedData/FootGameScore-flklpgugjzuqjnhfjujkheubgzdj/Build/Products/Debug-iphonesimulator/PackageFrameworks -F/Users/maksimkosharny/Library/Developer/Xcode/DerivedData/FootGameScore-flklpgugjzuqjnhfjujkheubgzdj/Build/Products/Debug-iphonesimulator/PackageFrameworks -F/Users/maksimkosharny/Library/Developer/Xcode/DerivedData/FootGameScore-flklpgugjzuqjnhfjujkheubgzdj/Build/Products/Debug-iphonesimulator/PackageFrameworks -F/Users/maksimkosharny/Library/Developer/Xcode/DerivedData/FootGameScore-flklpgugjzuqjnhfjujkheubgzdj/Build/Products/Debug-iphonesimulator/PackageFrameworks -F/Users/maksimkosharny/Library/Developer/Xcode/DerivedData/FootGameScore-flklpgugjzuqjnhfjujkheubgzdj/Build/Products/Debug-iphonesimulator/PackageFrameworks -F/Users/maksimkosharny/Library/Developer/Xcode/DerivedData/FootGameScore-flklpgugjzuqjnhfjujkheubgzdj/Build/Products/Debug-iphonesimulator/PackageFrameworks -F/Users/maksimkosharny/Library/Developer/Xcode/DerivedData/FootGameScore-flklpgugjzuqjnhfjujkheubgzdj/Build/Products/Debug-iphonesimulator/PackageFrameworks -F/Users/maksimkosharny/Library/Developer/Xcode/DerivedData/FootGameScore-flklpgugjzuqjnhfjujkheubgzdj/Build/Products/Debug-iphonesimulator/PackageFrameworks -F/Users/maksimkosharny/Library/Developer/Xcode/DerivedData/FootGameScore-flklpgugjzuqjnhfjujkheubgzdj/Build/Products/Debug-iphonesimulator -filelist /Users/maksimkosharny/Library/Developer/Xcode/DerivedData/FootGameScore-flklpgugjzuqjnhfjujkheubgzdj/Build/Intermediates.noindex/FootGameScore.build/Debug-iphonesimulator/FootGameScore.build/Objects-normal/arm64/FootGameScore.LinkFileList -install_name @rpath/FootGameScore.debug.dylib -Xlinker -rpath -Xlinker /usr/lib/swift -Xlinker -rpath -Xlinker /Users/maksimkosharny/Library/Developer/Xcode/DerivedData/FootGameScore-flklpgugjzuqjnhfjujkheubgzdj/Build/Products/Debug-iphonesimulator/PackageFrameworks -Xlinker -rpath -Xlinker @executable_path/Frameworks -dead_strip -Xlinker -object_path_lto -Xlinker /Users/maksimkosharny/Library/Developer/Xcode/DerivedData/FootGameScore-flklpgugjzuqjnhfjujkheubgzdj/Build/Intermediates.noindex/FootGameScore.build/Debug-iphonesimulator/FootGameScore.build/Objects-normal/arm64/FootGameScore_lto.o -rdynamic -Xlinker -no_deduplicate -Xlinker -objc_abi_version -Xlinker 2 -Xlinker -dependency_info -Xlinker /Users/maksimkosharny/Library/Developer/Xcode/DerivedData/FootGameScore-flklpgugjzuqjnhfjujkheubgzdj/Build/Intermediates.noindex/FootGameScore.build/Debug-iphonesimulator/FootGameScore.build/Objects-normal/arm64/FootGameScore_dependency_info.dat -fobjc-link-runtime -L/Applications/Xcode.app/Contents/Developer/Toolchains/XcodeDefault.xctoolchain/usr/lib/swift/iphonesimulator -L/usr/lib/swift -Xlinker -add_ast_path -Xlinker /Users/maksimkosharny/Library/Developer/Xcode/DerivedData/FootGameScore-flklpgugjzuqjnhfjujkheubgzdj/Build/Intermediates.noindex/FootGameScore.build/Debug-iphonesimulator/FootGameScore.build/Objects-normal/arm64/FootGameScore.swiftmodule @/Users/maksimkosharny/Library/Developer/Xcode/DerivedData/FootGameScore-flklpgugjzuqjnhfjujkheubgzdj/Build/Intermediates.noindex/FootGameScore.build/Debug-iphonesimulator/FootGameScore.build/Objects-normal/arm64/FootGameScore-linker-args.resp -Wl,-no_warn_duplicate_libraries -Wl,-no_warn_duplicate_libraries -Wl,-no_warn_duplicate_libraries -Wl,-no_warn_duplicate_libraries -Wl,-no_warn_duplicate_libraries -Wl,-no_warn_duplicate_libraries -Wl,-no_warn_duplicate_libraries -Wl,-no_warn_duplicate_libraries -Wl,-no_warn_duplicate_libraries -Wl,-no_warn_duplicate_libraries -Wl,-no_warn_duplicate_libraries -Wl,-no_warn_duplicate_libraries -Wl,-no_warn_duplicate_libraries -Wl,-no_warn_duplicate_libraries -Wl,-no_warn_duplicate_libraries -Wl,-no_warn_duplicate_libraries -Wl,-no_warn_duplicate_libraries -Wl,-no_warn_duplicate_libraries -Wl,-no_warn_duplicate_libraries -Wl,-no_warn_duplicate_libraries -Wl,-no_warn_duplicate_libraries -Wl,-no_warn_duplicate_libraries -Wl,-no_warn_duplicate_libraries -Wl,-no_warn_duplicate_libraries -Wl,-no_warn_duplicate_libraries -Wl,-no_warn_duplicate_libraries -lc++ -Wl,-no_warn_duplicate_libraries -Wl,-no_warn_duplicate_libraries -Wl,-no_warn_duplicate_libraries -Wl,-no_warn_duplicate_libraries -Wl,-no_warn_duplicate_libraries -Wl,-no_warn_duplicate_libraries -Wl,-no_warn_duplicate_libraries -Wl,-no_warn_duplicate_libraries -Wl,-no_warn_duplicate_libraries -Wl,-no_warn_duplicate_libraries -framework UIKit -lc++ -framework SystemConfiguration -framework UIKit -lz -framework Security -framework SafariServices -framework Security -framework StoreKit -lsqlite3 -lc++ -lz -lsqlite3 -lc++ -lz -framework StoreKit -framework SystemConfiguration -framework SystemConfiguration -framework CoreTelephony -Xlinker -alias -Xlinker _main -Xlinker ___debug_main_executable_dylib_entry_point -framework AppsFlyerLib -framework FirebaseAnalytics -framework GoogleAppMeasurement -framework FirebaseFirestoreInternal -framework absl -framework grpcpp -framework grpc -framework openssl_grpc -Xlinker -no_adhoc_codesign -o /Users/maksimkosharny/Library/Developer/Xcode/DerivedData/FootGameScore-flklpgugjzuqjnhfjujkheubgzdj/Build/Products/Debug-iphonesimulator/FootGameScore.app/FootGameScore.debug.dylib -Xlinker -add_ast_path -Xlinker /Users/maksimkosharny/Library/Developer/Xcode/DerivedData/FootGameScore-flklpgugjzuqjnhfjujkheubgzdj/Build/Intermediates.noindex/Firebase.build/Debug-iphonesimulator/FirebaseCoreInternal.build/Objects-normal/arm64/FirebaseCoreInternal.swiftmodule @/Users/maksimkosharny/Library/Developer/Xcode/DerivedData/FootGameScore-flklpgugjzuqjnhfjujkheubgzdj/Build/Intermediates.noindex/Firebase.build/Debug-iphonesimulator/FirebaseCoreInternal.build/Objects-normal/arm64/FirebaseCoreInternal-linker-args.resp -Xlinker -add_ast_path -Xlinker /Users/maksimkosharny/Library/Developer/Xcode/DerivedData/FootGameScore-flklpgugjzuqjnhfjujkheubgzdj/Build/Intermediates.noindex/Firebase.build/Debug-iphonesimulator/FirebaseAuth.build/Objects-normal/arm64/FirebaseAuth.swiftmodule @/Users/maksimkosharny/Library/Developer/Xcode/DerivedData/FootGameScore-flklpgugjzuqjnhfjujkheubgzdj/Build/Intermediates.noindex/Firebase.build/Debug-iphonesimulator/FirebaseAuth.build/Objects-normal/arm64/FirebaseAuth-linker-args.resp -Xlinker -add_ast_path -Xlinker /Users/maksimkosharny/Library/Developer/Xcode/DerivedData/FootGameScore-flklpgugjzuqjnhfjujkheubgzdj/Build/Intermediates.noindex/Firebase.build/Debug-iphonesimulator/FirebaseSharedSwift.build/Objects-normal/arm64/FirebaseSharedSwift.swiftmodule @/Users/maksimkosharny/Library/Developer/Xcode/DerivedData/FootGameScore-flklpgugjzuqjnhfjujkheubgzdj/Build/Intermediates.noindex/Firebase.build/Debug-iphonesimulator/FirebaseSharedSwift.build/Objects-normal/arm64/FirebaseSharedSwift-linker-args.resp -Xlinker -add_ast_path -Xlinker /Users/maksimkosharny/Library/Developer/Xcode/DerivedData/FootGameScore-flklpgugjzuqjnhfjujkheubgzdj/Build/Intermediates.noindex/Firebase.build/Debug-iphonesimulator/FirebaseFirestore.build/Objects-normal/arm64/FirebaseFirestore.swiftmodule @/Users/maksimkosharny/Library/Developer/Xcode/DerivedData/FootGameScore-flklpgugjzuqjnhfjujkheubgzdj/Build/Intermediates.noindex/Firebase.build/Debug-iphonesimulator/FirebaseFirestore.build/Objects-normal/arm64/FirebaseFirestore-linker-args.resp

ConstructStubExecutorLinkFileList /Users/maksimkosharny/Library/Developer/Xcode/DerivedData/FootGameScore-flklpgugjzuqjnhfjujkheubgzdj/Build/Intermediates.noindex/FootGameScore.build/Debug-iphonesimulator/FootGameScore.build/FootGameScore-ExecutorLinkFileList-normal-arm64.txt (in target 'FootGameScore' from project 'FootGameScore')
    cd /Users/maksimkosharny/Desktop/Developer/FootGameScore
    construct-stub-executor-link-file-list /Users/maksimkosharny/Library/Developer/Xcode/DerivedData/FootGameScore-flklpgugjzuqjnhfjujkheubgzdj/Build/Products/Debug-iphonesimulator/FootGameScore.app/FootGameScore.debug.dylib /Applications/Xcode.app/Contents/Developer/Platforms/iPhoneSimulator.platform/Developer/usr/lib/libPreviewsJITStubExecutor_no_swift_entry_point.a /Applications/Xcode.app/Contents/Developer/Platforms/iPhoneSimulator.platform/Developer/usr/lib/libPreviewsJITStubExecutor.a --output /Users/maksimkosharny/Library/Developer/Xcode/DerivedData/FootGameScore-flklpgugjzuqjnhfjujkheubgzdj/Build/Intermediates.noindex/FootGameScore.build/Debug-iphonesimulator/FootGameScore.build/FootGameScore-ExecutorLinkFileList-normal-arm64.txt
note: Using stub executor library with Swift entry point. (in target 'FootGameScore' from project 'FootGameScore')

Ld /Users/maksimkosharny/Library/Developer/Xcode/DerivedData/FootGameScore-flklpgugjzuqjnhfjujkheubgzdj/Build/Products/Debug-iphonesimulator/FootGameScore.app/FootGameScore normal (in target 'FootGameScore' from project 'FootGameScore')
    cd /Users/maksimkosharny/Desktop/Developer/FootGameScore
    /Applications/Xcode.app/Contents/Developer/Toolchains/XcodeDefault.xctoolchain/usr/bin/clang -Xlinker -reproducible -target arm64-apple-ios16.6-simulator -isysroot /Applications/Xcode.app/Contents/Developer/Platforms/iPhoneSimulator.platform/Developer/SDKs/iPhoneSimulator26.2.sdk -O0 -L/Users/maksimkosharny/Library/Developer/Xcode/DerivedData/FootGameScore-flklpgugjzuqjnhfjujkheubgzdj/Build/Products/Debug-iphonesimulator -F/Users/maksimkosharny/Library/Developer/Xcode/DerivedData/FootGameScore-flklpgugjzuqjnhfjujkheubgzdj/Build/Products/Debug-iphonesimulator/PackageFrameworks -F/Users/maksimkosharny/Library/Developer/Xcode/DerivedData/FootGameScore-flklpgugjzuqjnhfjujkheubgzdj/Build/Products/Debug-iphonesimulator/PackageFrameworks -F/Users/maksimkosharny/Library/Developer/Xcode/DerivedData/FootGameScore-flklpgugjzuqjnhfjujkheubgzdj/Build/Products/Debug-iphonesimulator/PackageFrameworks -F/Users/maksimkosharny/Library/Developer/Xcode/DerivedData/FootGameScore-flklpgugjzuqjnhfjujkheubgzdj/Build/Products/Debug-iphonesimulator/PackageFrameworks -F/Users/maksimkosharny/Library/Developer/Xcode/DerivedData/FootGameScore-flklpgugjzuqjnhfjujkheubgzdj/Build/Products/Debug-iphonesimulator/PackageFrameworks -F/Users/maksimkosharny/Library/Developer/Xcode/DerivedData/FootGameScore-flklpgugjzuqjnhfjujkheubgzdj/Build/Products/Debug-iphonesimulator/PackageFrameworks -F/Users/maksimkosharny/Library/Developer/Xcode/DerivedData/FootGameScore-flklpgugjzuqjnhfjujkheubgzdj/Build/Products/Debug-iphonesimulator/PackageFrameworks -F/Users/maksimkosharny/Library/Developer/Xcode/DerivedData/FootGameScore-flklpgugjzuqjnhfjujkheubgzdj/Build/Products/Debug-iphonesimulator/PackageFrameworks -F/Users/maksimkosharny/Library/Developer/Xcode/DerivedData/FootGameScore-flklpgugjzuqjnhfjujkheubgzdj/Build/Products/Debug-iphonesimulator/PackageFrameworks -F/Users/maksimkosharny/Library/Developer/Xcode/DerivedData/FootGameScore-flklpgugjzuqjnhfjujkheubgzdj/Build/Products/Debug-iphonesimulator/PackageFrameworks -F/Users/maksimkosharny/Library/Developer/Xcode/DerivedData/FootGameScore-flklpgugjzuqjnhfjujkheubgzdj/Build/Products/Debug-iphonesimulator/PackageFrameworks -F/Users/maksimkosharny/Library/Developer/Xcode/DerivedData/FootGameScore-flklpgugjzuqjnhfjujkheubgzdj/Build/Products/Debug-iphonesimulator/PackageFrameworks -F/Users/maksimkosharny/Library/Developer/Xcode/DerivedData/FootGameScore-flklpgugjzuqjnhfjujkheubgzdj/Build/Products/Debug-iphonesimulator/PackageFrameworks -F/Users/maksimkosharny/Library/Developer/Xcode/DerivedData/FootGameScore-flklpgugjzuqjnhfjujkheubgzdj/Build/Products/Debug-iphonesimulator/PackageFrameworks -F/Users/maksimkosharny/Library/Developer/Xcode/DerivedData/FootGameScore-flklpgugjzuqjnhfjujkheubgzdj/Build/Products/Debug-iphonesimulator/PackageFrameworks -F/Users/maksimkosharny/Library/Developer/Xcode/DerivedData/FootGameScore-flklpgugjzuqjnhfjujkheubgzdj/Build/Products/Debug-iphonesimulator/PackageFrameworks -F/Users/maksimkosharny/Library/Developer/Xcode/DerivedData/FootGameScore-flklpgugjzuqjnhfjujkheubgzdj/Build/Products/Debug-iphonesimulator/PackageFrameworks -F/Users/maksimkosharny/Library/Developer/Xcode/DerivedData/FootGameScore-flklpgugjzuqjnhfjujkheubgzdj/Build/Products/Debug-iphonesimulator/PackageFrameworks -F/Users/maksimkosharny/Library/Developer/Xcode/DerivedData/FootGameScore-flklpgugjzuqjnhfjujkheubgzdj/Build/Products/Debug-iphonesimulator/PackageFrameworks -F/Users/maksimkosharny/Library/Developer/Xcode/DerivedData/FootGameScore-flklpgugjzuqjnhfjujkheubgzdj/Build/Products/Debug-iphonesimulator/PackageFrameworks -F/Users/maksimkosharny/Library/Developer/Xcode/DerivedData/FootGameScore-flklpgugjzuqjnhfjujkheubgzdj/Build/Products/Debug-iphonesimulator/PackageFrameworks -F/Users/maksimkosharny/Library/Developer/Xcode/DerivedData/FootGameScore-flklpgugjzuqjnhfjujkheubgzdj/Build/Products/Debug-iphonesimulator/PackageFrameworks -F/Users/maksimkosharny/Library/Developer/Xcode/DerivedData/FootGameScore-flklpgugjzuqjnhfjujkheubgzdj/Build/Products/Debug-iphonesimulator/PackageFrameworks -F/Users/maksimkosharny/Library/Developer/Xcode/DerivedData/FootGameScore-flklpgugjzuqjnhfjujkheubgzdj/Build/Products/Debug-iphonesimulator/PackageFrameworks -F/Users/maksimkosharny/Library/Developer/Xcode/DerivedData/FootGameScore-flklpgugjzuqjnhfjujkheubgzdj/Build/Products/Debug-iphonesimulator/PackageFrameworks -F/Users/maksimkosharny/Library/Developer/Xcode/DerivedData/FootGameScore-flklpgugjzuqjnhfjujkheubgzdj/Build/Products/Debug-iphonesimulator/PackageFrameworks -F/Users/maksimkosharny/Library/Developer/Xcode/DerivedData/FootGameScore-flklpgugjzuqjnhfjujkheubgzdj/Build/Products/Debug-iphonesimulator/PackageFrameworks -F/Users/maksimkosharny/Library/Developer/Xcode/DerivedData/FootGameScore-flklpgugjzuqjnhfjujkheubgzdj/Build/Products/Debug-iphonesimulator/PackageFrameworks -F/Users/maksimkosharny/Library/Developer/Xcode/DerivedData/FootGameScore-flklpgugjzuqjnhfjujkheubgzdj/Build/Products/Debug-iphonesimulator/PackageFrameworks -F/Users/maksimkosharny/Library/Developer/Xcode/DerivedData/FootGameScore-flklpgugjzuqjnhfjujkheubgzdj/Build/Products/Debug-iphonesimulator/PackageFrameworks -F/Users/maksimkosharny/Library/Developer/Xcode/DerivedData/FootGameScore-flklpgugjzuqjnhfjujkheubgzdj/Build/Products/Debug-iphonesimulator/PackageFrameworks -F/Users/maksimkosharny/Library/Developer/Xcode/DerivedData/FootGameScore-flklpgugjzuqjnhfjujkheubgzdj/Build/Products/Debug-iphonesimulator/PackageFrameworks -F/Users/maksimkosharny/Library/Developer/Xcode/DerivedData/FootGameScore-flklpgugjzuqjnhfjujkheubgzdj/Build/Products/Debug-iphonesimulator/PackageFrameworks -F/Users/maksimkosharny/Library/Developer/Xcode/DerivedData/FootGameScore-flklpgugjzuqjnhfjujkheubgzdj/Build/Products/Debug-iphonesimulator/PackageFrameworks -F/Users/maksimkosharny/Library/Developer/Xcode/DerivedData/FootGameScore-flklpgugjzuqjnhfjujkheubgzdj/Build/Products/Debug-iphonesimulator/PackageFrameworks -F/Users/maksimkosharny/Library/Developer/Xcode/DerivedData/FootGameScore-flklpgugjzuqjnhfjujkheubgzdj/Build/Products/Debug-iphonesimulator/PackageFrameworks -F/Users/maksimkosharny/Library/Developer/Xcode/DerivedData/FootGameScore-flklpgugjzuqjnhfjujkheubgzdj/Build/Products/Debug-iphonesimulator -Xlinker -rpath -Xlinker @executable_path -Xlinker -rpath -Xlinker /Users/maksimkosharny/Library/Developer/Xcode/DerivedData/FootGameScore-flklpgugjzuqjnhfjujkheubgzdj/Build/Products/Debug-iphonesimulator/PackageFrameworks -Xlinker -rpath -Xlinker @executable_path/Frameworks -rdynamic -Xlinker -no_deduplicate -Xlinker -objc_abi_version -Xlinker 2 -e ___debug_blank_executor_main -Xlinker -sectcreate -Xlinker __TEXT -Xlinker __debug_dylib -Xlinker /Users/maksimkosharny/Library/Developer/Xcode/DerivedData/FootGameScore-flklpgugjzuqjnhfjujkheubgzdj/Build/Intermediates.noindex/FootGameScore.build/Debug-iphonesimulator/FootGameScore.build/FootGameScore-DebugDylibPath-normal-arm64.txt -Xlinker -sectcreate -Xlinker __TEXT -Xlinker __debug_instlnm -Xlinker /Users/maksimkosharny/Library/Developer/Xcode/DerivedData/FootGameScore-flklpgugjzuqjnhfjujkheubgzdj/Build/Intermediates.noindex/FootGameScore.build/Debug-iphonesimulator/FootGameScore.build/FootGameScore-DebugDylibInstallName-normal-arm64.txt -Xlinker -filelist -Xlinker /Users/maksimkosharny/Library/Developer/Xcode/DerivedData/FootGameScore-flklpgugjzuqjnhfjujkheubgzdj/Build/Intermediates.noindex/FootGameScore.build/Debug-iphonesimulator/FootGameScore.build/FootGameScore-ExecutorLinkFileList-normal-arm64.txt -Xlinker -sectcreate -Xlinker __TEXT -Xlinker __entitlements -Xlinker /Users/maksimkosharny/Library/Developer/Xcode/DerivedData/FootGameScore-flklpgugjzuqjnhfjujkheubgzdj/Build/Intermediates.noindex/FootGameScore.build/Debug-iphonesimulator/FootGameScore.build/FootGameScore.app-Simulated.xcent -Xlinker -sectcreate -Xlinker __TEXT -Xlinker __ents_der -Xlinker /Users/maksimkosharny/Library/Developer/Xcode/DerivedData/FootGameScore-flklpgugjzuqjnhfjujkheubgzdj/Build/Intermediates.noindex/FootGameScore.build/Debug-iphonesimulator/FootGameScore.build/FootGameScore.app-Simulated.xcent.der /Users/maksimkosharny/Library/Developer/Xcode/DerivedData/FootGameScore-flklpgugjzuqjnhfjujkheubgzdj/Build/Products/Debug-iphonesimulator/FootGameScore.app/FootGameScore.debug.dylib -Xlinker -no_adhoc_codesign -o /Users/maksimkosharny/Library/Developer/Xcode/DerivedData/FootGameScore-flklpgugjzuqjnhfjujkheubgzdj/Build/Products/Debug-iphonesimulator/FootGameScore.app/FootGameScore

LinkAssetCatalog /Users/maksimkosharny/Desktop/Developer/FootGameScore/FootGameScore/Resources/Assets/Assets.xcassets (in target 'FootGameScore' from project 'FootGameScore')
    cd /Users/maksimkosharny/Desktop/Developer/FootGameScore
    builtin-linkAssetCatalog --thinned /Users/maksimkosharny/Library/Developer/Xcode/DerivedData/FootGameScore-flklpgugjzuqjnhfjujkheubgzdj/Build/Intermediates.noindex/FootGameScore.build/Debug-iphonesimulator/FootGameScore.build/assetcatalog_output/thinned --thinned-dependencies /Users/maksimkosharny/Library/Developer/Xcode/DerivedData/FootGameScore-flklpgugjzuqjnhfjujkheubgzdj/Build/Intermediates.noindex/FootGameScore.build/Debug-iphonesimulator/FootGameScore.build/assetcatalog_dependencies_thinned --thinned-info-plist-content /Users/maksimkosharny/Library/Developer/Xcode/DerivedData/FootGameScore-flklpgugjzuqjnhfjujkheubgzdj/Build/Intermediates.noindex/FootGameScore.build/Debug-iphonesimulator/FootGameScore.build/assetcatalog_generated_info.plist_thinned --unthinned /Users/maksimkosharny/Library/Developer/Xcode/DerivedData/FootGameScore-flklpgugjzuqjnhfjujkheubgzdj/Build/Intermediates.noindex/FootGameScore.build/Debug-iphonesimulator/FootGameScore.build/assetcatalog_output/unthinned --unthinned-dependencies /Users/maksimkosharny/Library/Developer/Xcode/DerivedData/FootGameScore-flklpgugjzuqjnhfjujkheubgzdj/Build/Intermediates.noindex/FootGameScore.build/Debug-iphonesimulator/FootGameScore.build/assetcatalog_dependencies_unthinned --unthinned-info-plist-content /Users/maksimkosharny/Library/Developer/Xcode/DerivedData/FootGameScore-flklpgugjzuqjnhfjujkheubgzdj/Build/Intermediates.noindex/FootGameScore.build/Debug-iphonesimulator/FootGameScore.build/assetcatalog_generated_info.plist_unthinned --output /Users/maksimkosharny/Library/Developer/Xcode/DerivedData/FootGameScore-flklpgugjzuqjnhfjujkheubgzdj/Build/Products/Debug-iphonesimulator/FootGameScore.app --plist-output /Users/maksimkosharny/Library/Developer/Xcode/DerivedData/FootGameScore-flklpgugjzuqjnhfjujkheubgzdj/Build/Intermediates.noindex/FootGameScore.build/Debug-iphonesimulator/FootGameScore.build/assetcatalog_generated_info.plist
note: Emplaced /Users/maksimkosharny/Library/Developer/Xcode/DerivedData/FootGameScore-flklpgugjzuqjnhfjujkheubgzdj/Build/Products/Debug-iphonesimulator/FootGameScore.app/Assets.car (in target 'FootGameScore' from project 'FootGameScore')

ProcessInfoPlistFile /Users/maksimkosharny/Library/Developer/Xcode/DerivedData/FootGameScore-flklpgugjzuqjnhfjujkheubgzdj/Build/Products/Debug-iphonesimulator/FootGameScore.app/Info.plist /Users/maksimkosharny/Library/Developer/Xcode/DerivedData/FootGameScore-flklpgugjzuqjnhfjujkheubgzdj/Build/Intermediates.noindex/FootGameScore.build/Debug-iphonesimulator/FootGameScore.build/empty-FootGameScore.plist (in target 'FootGameScore' from project 'FootGameScore')
    cd /Users/maksimkosharny/Desktop/Developer/FootGameScore
    builtin-infoPlistUtility /Users/maksimkosharny/Library/Developer/Xcode/DerivedData/FootGameScore-flklpgugjzuqjnhfjujkheubgzdj/Build/Intermediates.noindex/FootGameScore.build/Debug-iphonesimulator/FootGameScore.build/empty-FootGameScore.plist -producttype com.apple.product-type.application -genpkginfo /Users/maksimkosharny/Library/Developer/Xcode/DerivedData/FootGameScore-flklpgugjzuqjnhfjujkheubgzdj/Build/Products/Debug-iphonesimulator/FootGameScore.app/PkgInfo -expandbuildsettings -format binary -platform iphonesimulator -additionalcontentfile /Users/maksimkosharny/Library/Developer/Xcode/DerivedData/FootGameScore-flklpgugjzuqjnhfjujkheubgzdj/Build/Intermediates.noindex/FootGameScore.build/Debug-iphonesimulator/FootGameScore.build/assetcatalog_generated_info.plist -scanforprivacyfile /Users/maksimkosharny/Library/Developer/Xcode/DerivedData/FootGameScore-flklpgugjzuqjnhfjujkheubgzdj/Build/Products/Debug-iphonesimulator/FootGameScore.app/Firebase_FirebaseAuth.bundle -scanforprivacyfile /Users/maksimkosharny/Library/Developer/Xcode/DerivedData/FootGameScore-flklpgugjzuqjnhfjujkheubgzdj/Build/Products/Debug-iphonesimulator/FootGameScore.app/Firebase_FirebaseCore.bundle -scanforprivacyfile /Users/maksimkosharny/Library/Developer/Xcode/DerivedData/FootGameScore-flklpgugjzuqjnhfjujkheubgzdj/Build/Products/Debug-iphonesimulator/FootGameScore.app/Firebase_FirebaseCoreExtension.bundle -scanforprivacyfile /Users/maksimkosharny/Library/Developer/Xcode/DerivedData/FootGameScore-flklpgugjzuqjnhfjujkheubgzdj/Build/Products/Debug-iphonesimulator/FootGameScore.app/Firebase_FirebaseCoreInternal.bundle -scanforprivacyfile /Users/maksimkosharny/Library/Developer/Xcode/DerivedData/FootGameScore-flklpgugjzuqjnhfjujkheubgzdj/Build/Products/Debug-iphonesimulator/FootGameScore.app/Firebase_FirebaseFirestore.bundle -scanforprivacyfile /Users/maksimkosharny/Library/Developer/Xcode/DerivedData/FootGameScore-flklpgugjzuqjnhfjujkheubgzdj/Build/Products/Debug-iphonesimulator/FootGameScore.app/Firebase_FirebaseInstallations.bundle -scanforprivacyfile /Users/maksimkosharny/Library/Developer/Xcode/DerivedData/FootGameScore-flklpgugjzuqjnhfjujkheubgzdj/Build/Products/Debug-iphonesimulator/FootGameScore.app/Firebase_FirebaseMessaging.bundle -scanforprivacyfile /Users/maksimkosharny/Library/Developer/Xcode/DerivedData/FootGameScore-flklpgugjzuqjnhfjujkheubgzdj/Build/Products/Debug-iphonesimulator/FootGameScore.app/Frameworks/AppsFlyerLib.framework -scanforprivacyfile /Users/maksimkosharny/Library/Developer/Xcode/DerivedData/FootGameScore-flklpgugjzuqjnhfjujkheubgzdj/Build/Products/Debug-iphonesimulator/FootGameScore.app/Frameworks/FirebaseAnalytics.framework -scanforprivacyfile /Users/maksimkosharny/Library/Developer/Xcode/DerivedData/FootGameScore-flklpgugjzuqjnhfjujkheubgzdj/Build/Products/Debug-iphonesimulator/FootGameScore.app/Frameworks/FirebaseFirestoreInternal.framework -scanforprivacyfile /Users/maksimkosharny/Library/Developer/Xcode/DerivedData/FootGameScore-flklpgugjzuqjnhfjujkheubgzdj/Build/Products/Debug-iphonesimulator/FootGameScore.app/Frameworks/GoogleAppMeasurement.framework -scanforprivacyfile /Users/maksimkosharny/Library/Developer/Xcode/DerivedData/FootGameScore-flklpgugjzuqjnhfjujkheubgzdj/Build/Products/Debug-iphonesimulator/FootGameScore.app/Frameworks/absl.framework -scanforprivacyfile /Users/maksimkosharny/Library/Developer/Xcode/DerivedData/FootGameScore-flklpgugjzuqjnhfjujkheubgzdj/Build/Products/Debug-iphonesimulator/FootGameScore.app/Frameworks/grpc.framework -scanforprivacyfile /Users/maksimkosharny/Library/Developer/Xcode/DerivedData/FootGameScore-flklpgugjzuqjnhfjujkheubgzdj/Build/Products/Debug-iphonesimulator/FootGameScore.app/Frameworks/grpcpp.framework -scanforprivacyfile /Users/maksimkosharny/Library/Developer/Xcode/DerivedData/FootGameScore-flklpgugjzuqjnhfjujkheubgzdj/Build/Products/Debug-iphonesimulator/FootGameScore.app/Frameworks/openssl_grpc.framework -scanforprivacyfile /Users/maksimkosharny/Library/Developer/Xcode/DerivedData/FootGameScore-flklpgugjzuqjnhfjujkheubgzdj/Build/Products/Debug-iphonesimulator/FootGameScore.app/GTMSessionFetcher_GTMSessionFetcherCore.bundle -scanforprivacyfile /Users/maksimkosharny/Library/Developer/Xcode/DerivedData/FootGameScore-flklpgugjzuqjnhfjujkheubgzdj/Build/Products/Debug-iphonesimulator/FootGameScore.app/GoogleDataTransport_GoogleDataTransport.bundle -scanforprivacyfile /Users/maksimkosharny/Library/Developer/Xcode/DerivedData/FootGameScore-flklpgugjzuqjnhfjujkheubgzdj/Build/Products/Debug-iphonesimulator/FootGameScore.app/GoogleUtilities_GoogleUtilities-AppDelegateSwizzler.bundle -scanforprivacyfile /Users/maksimkosharny/Library/Developer/Xcode/DerivedData/FootGameScore-flklpgugjzuqjnhfjujkheubgzdj/Build/Products/Debug-iphonesimulator/FootGameScore.app/GoogleUtilities_GoogleUtilities-Environment.bundle -scanforprivacyfile /Users/maksimkosharny/Library/Developer/Xcode/DerivedData/FootGameScore-flklpgugjzuqjnhfjujkheubgzdj/Build/Products/Debug-iphonesimulator/FootGameScore.app/GoogleUtilities_GoogleUtilities-Logger.bundle -scanforprivacyfile /Users/maksimkosharny/Library/Developer/Xcode/DerivedData/FootGameScore-flklpgugjzuqjnhfjujkheubgzdj/Build/Products/Debug-iphonesimulator/FootGameScore.app/GoogleUtilities_GoogleUtilities-MethodSwizzler.bundle -scanforprivacyfile /Users/maksimkosharny/Library/Developer/Xcode/DerivedData/FootGameScore-flklpgugjzuqjnhfjujkheubgzdj/Build/Products/Debug-iphonesimulator/FootGameScore.app/GoogleUtilities_GoogleUtilities-NSData.bundle -scanforprivacyfile /Users/maksimkosharny/Library/Developer/Xcode/DerivedData/FootGameScore-flklpgugjzuqjnhfjujkheubgzdj/Build/Products/Debug-iphonesimulator/FootGameScore.app/GoogleUtilities_GoogleUtilities-Network.bundle -scanforprivacyfile /Users/maksimkosharny/Library/Developer/Xcode/DerivedData/FootGameScore-flklpgugjzuqjnhfjujkheubgzdj/Build/Products/Debug-iphonesimulator/FootGameScore.app/GoogleUtilities_GoogleUtilities-Reachability.bundle -scanforprivacyfile /Users/maksimkosharny/Library/Developer/Xcode/DerivedData/FootGameScore-flklpgugjzuqjnhfjujkheubgzdj/Build/Products/Debug-iphonesimulator/FootGameScore.app/GoogleUtilities_GoogleUtilities-UserDefaults.bundle -scanforprivacyfile /Users/maksimkosharny/Library/Developer/Xcode/DerivedData/FootGameScore-flklpgugjzuqjnhfjujkheubgzdj/Build/Products/Debug-iphonesimulator/FootGameScore.app/Promises_FBLPromises.bundle -scanforprivacyfile /Users/maksimkosharny/Library/Developer/Xcode/DerivedData/FootGameScore-flklpgugjzuqjnhfjujkheubgzdj/Build/Products/Debug-iphonesimulator/FootGameScore.app/abseil_abslWrapper.bundle -scanforprivacyfile /Users/maksimkosharny/Library/Developer/Xcode/DerivedData/FootGameScore-flklpgugjzuqjnhfjujkheubgzdj/Build/Products/Debug-iphonesimulator/FootGameScore.app/gRPC_grpcWrapper.bundle -scanforprivacyfile /Users/maksimkosharny/Library/Developer/Xcode/DerivedData/FootGameScore-flklpgugjzuqjnhfjujkheubgzdj/Build/Products/Debug-iphonesimulator/FootGameScore.app/gRPC_grpcppWrapper.bundle -scanforprivacyfile /Users/maksimkosharny/Library/Developer/Xcode/DerivedData/FootGameScore-flklpgugjzuqjnhfjujkheubgzdj/Build/Products/Debug-iphonesimulator/FootGameScore.app/gRPC_opensslWrapper.bundle -scanforprivacyfile /Users/maksimkosharny/Library/Developer/Xcode/DerivedData/FootGameScore-flklpgugjzuqjnhfjujkheubgzdj/Build/Products/Debug-iphonesimulator/FootGameScore.app/leveldb_leveldb.bundle -scanforprivacyfile /Users/maksimkosharny/Library/Developer/Xcode/DerivedData/FootGameScore-flklpgugjzuqjnhfjujkheubgzdj/Build/Products/Debug-iphonesimulator/FootGameScore.app/nanopb_nanopb.bundle -o /Users/maksimkosharny/Library/Developer/Xcode/DerivedData/FootGameScore-flklpgugjzuqjnhfjujkheubgzdj/Build/Products/Debug-iphonesimulator/FootGameScore.app/Info.plist

ExtractAppIntentsMetadata (in target 'FootGameScore' from project 'FootGameScore')
    cd /Users/maksimkosharny/Desktop/Developer/FootGameScore
    /Applications/Xcode.app/Contents/Developer/Toolchains/XcodeDefault.xctoolchain/usr/bin/appintentsmetadataprocessor --toolchain-dir /Applications/Xcode.app/Contents/Developer/Toolchains/XcodeDefault.xctoolchain --module-name FootGameScore --sdk-root /Applications/Xcode.app/Contents/Developer/Platforms/iPhoneSimulator.platform/Developer/SDKs/iPhoneSimulator26.2.sdk --xcode-version 17C52 --platform-family iOS --deployment-target 16.6 --bundle-identifier com.kosharny.FootGameScore --output /Users/maksimkosharny/Library/Developer/Xcode/DerivedData/FootGameScore-flklpgugjzuqjnhfjujkheubgzdj/Build/Products/Debug-iphonesimulator/FootGameScore.app --target-triple arm64-apple-ios16.6-simulator --binary-file /Users/maksimkosharny/Library/Developer/Xcode/DerivedData/FootGameScore-flklpgugjzuqjnhfjujkheubgzdj/Build/Products/Debug-iphonesimulator/FootGameScore.app/FootGameScore --dependency-file /Users/maksimkosharny/Library/Developer/Xcode/DerivedData/FootGameScore-flklpgugjzuqjnhfjujkheubgzdj/Build/Intermediates.noindex/FootGameScore.build/Debug-iphonesimulator/FootGameScore.build/Objects-normal/arm64/FootGameScore_dependency_info.dat --stringsdata-file /Users/maksimkosharny/Library/Developer/Xcode/DerivedData/FootGameScore-flklpgugjzuqjnhfjujkheubgzdj/Build/Intermediates.noindex/FootGameScore.build/Debug-iphonesimulator/FootGameScore.build/Objects-normal/arm64/ExtractedAppShortcutsMetadata.stringsdata --source-file-list /Users/maksimkosharny/Library/Developer/Xcode/DerivedData/FootGameScore-flklpgugjzuqjnhfjujkheubgzdj/Build/Intermediates.noindex/FootGameScore.build/Debug-iphonesimulator/FootGameScore.build/Objects-normal/arm64/FootGameScore.SwiftFileList --metadata-file-list /Users/maksimkosharny/Library/Developer/Xcode/DerivedData/FootGameScore-flklpgugjzuqjnhfjujkheubgzdj/Build/Intermediates.noindex/FootGameScore.build/Debug-iphonesimulator/FootGameScore.build/FootGameScore.DependencyMetadataFileList --static-metadata-file-list /Users/maksimkosharny/Library/Developer/Xcode/DerivedData/FootGameScore-flklpgugjzuqjnhfjujkheubgzdj/Build/Intermediates.noindex/FootGameScore.build/Debug-iphonesimulator/FootGameScore.build/FootGameScore.DependencyStaticMetadataFileList --swift-const-vals-list /Users/maksimkosharny/Library/Developer/Xcode/DerivedData/FootGameScore-flklpgugjzuqjnhfjujkheubgzdj/Build/Intermediates.noindex/FootGameScore.build/Debug-iphonesimulator/FootGameScore.build/Objects-normal/arm64/FootGameScore.SwiftConstValuesFileList --compile-time-extraction --deployment-aware-processing --validate-assistant-intents --no-app-shortcuts-localization
2026-02-11 17:16:29.307 appintentsmetadataprocessor[80317:3889670] Starting appintentsmetadataprocessor export
2026-02-11 17:16:29.316 appintentsmetadataprocessor[80317:3889670] warning: Metadata extraction skipped. No AppIntents.framework dependency found.

CopySwiftLibs /Users/maksimkosharny/Library/Developer/Xcode/DerivedData/FootGameScore-flklpgugjzuqjnhfjujkheubgzdj/Build/Products/Debug-iphonesimulator/FootGameScore.app (in target 'FootGameScore' from project 'FootGameScore')
    cd /Users/maksimkosharny/Desktop/Developer/FootGameScore
    builtin-swiftStdLibTool --copy --verbose --sign - --scan-executable /Users/maksimkosharny/Library/Developer/Xcode/DerivedData/FootGameScore-flklpgugjzuqjnhfjujkheubgzdj/Build/Products/Debug-iphonesimulator/FootGameScore.app/FootGameScore.debug.dylib --scan-folder /Users/maksimkosharny/Library/Developer/Xcode/DerivedData/FootGameScore-flklpgugjzuqjnhfjujkheubgzdj/Build/Products/Debug-iphonesimulator/FootGameScore.app/Frameworks --scan-folder /Users/maksimkosharny/Library/Developer/Xcode/DerivedData/FootGameScore-flklpgugjzuqjnhfjujkheubgzdj/Build/Products/Debug-iphonesimulator/FootGameScore.app/PlugIns --scan-folder /Users/maksimkosharny/Library/Developer/Xcode/DerivedData/FootGameScore-flklpgugjzuqjnhfjujkheubgzdj/Build/Products/Debug-iphonesimulator/FootGameScore.app/SystemExtensions --scan-folder /Users/maksimkosharny/Library/Developer/Xcode/DerivedData/FootGameScore-flklpgugjzuqjnhfjujkheubgzdj/Build/Products/Debug-iphonesimulator/FootGameScore.app/Extensions --platform iphonesimulator --toolchain /Applications/Xcode.app/Contents/Developer/Toolchains/XcodeDefault.xctoolchain --destination /Users/maksimkosharny/Library/Developer/Xcode/DerivedData/FootGameScore-flklpgugjzuqjnhfjujkheubgzdj/Build/Products/Debug-iphonesimulator/FootGameScore.app/Frameworks --strip-bitcode --strip-bitcode-tool /Applications/Xcode.app/Contents/Developer/Toolchains/XcodeDefault.xctoolchain/usr/bin/bitcode_strip --emit-dependency-info /Users/maksimkosharny/Library/Developer/Xcode/DerivedData/FootGameScore-flklpgugjzuqjnhfjujkheubgzdj/Build/Intermediates.noindex/FootGameScore.build/Debug-iphonesimulator/FootGameScore.build/SwiftStdLibToolInputDependencies.dep --filter-for-swift-os

CodeSign /Users/maksimkosharny/Library/Developer/Xcode/DerivedData/FootGameScore-flklpgugjzuqjnhfjujkheubgzdj/Build/Products/Debug-iphonesimulator/FootGameScore.app/FootGameScore.debug.dylib (in target 'FootGameScore' from project 'FootGameScore')
    cd /Users/maksimkosharny/Desktop/Developer/FootGameScore
    
    Signing Identity:     "Sign to Run Locally"
    
    /usr/bin/codesign --force --sign - --timestamp\=none --generate-entitlement-der /Users/maksimkosharny/Library/Developer/Xcode/DerivedData/FootGameScore-flklpgugjzuqjnhfjujkheubgzdj/Build/Products/Debug-iphonesimulator/FootGameScore.app/FootGameScore.debug.dylib

CodeSign /Users/maksimkosharny/Library/Developer/Xcode/DerivedData/FootGameScore-flklpgugjzuqjnhfjujkheubgzdj/Build/Products/Debug-iphonesimulator/FootGameScore.app/__preview.dylib (in target 'FootGameScore' from project 'FootGameScore')
    cd /Users/maksimkosharny/Desktop/Developer/FootGameScore
    
    Signing Identity:     "Sign to Run Locally"
    
    /usr/bin/codesign --force --sign - --timestamp\=none --generate-entitlement-der /Users/maksimkosharny/Library/Developer/Xcode/DerivedData/FootGameScore-flklpgugjzuqjnhfjujkheubgzdj/Build/Products/Debug-iphonesimulator/FootGameScore.app/__preview.dylib

CodeSign /Users/maksimkosharny/Library/Developer/Xcode/DerivedData/FootGameScore-flklpgugjzuqjnhfjujkheubgzdj/Build/Products/Debug-iphonesimulator/FootGameScore.app (in target 'FootGameScore' from project 'FootGameScore')
    cd /Users/maksimkosharny/Desktop/Developer/FootGameScore
    
    Signing Identity:     "Sign to Run Locally"
    
    /usr/bin/codesign --force --sign - --timestamp\=none --generate-entitlement-der /Users/maksimkosharny/Library/Developer/Xcode/DerivedData/FootGameScore-flklpgugjzuqjnhfjujkheubgzdj/Build/Products/Debug-iphonesimulator/FootGameScore.app

Validate /Users/maksimkosharny/Library/Developer/Xcode/DerivedData/FootGameScore-flklpgugjzuqjnhfjujkheubgzdj/Build/Products/Debug-iphonesimulator/FootGameScore.app (in target 'FootGameScore' from project 'FootGameScore')
    cd /Users/maksimkosharny/Desktop/Developer/FootGameScore
    builtin-validationUtility /Users/maksimkosharny/Library/Developer/Xcode/DerivedData/FootGameScore-flklpgugjzuqjnhfjujkheubgzdj/Build/Products/Debug-iphonesimulator/FootGameScore.app -shallow-bundle -infoplist-subpath Info.plist

note: Removed stale file '/Users/maksimkosharny/Library/Developer/Xcode/DerivedData/FootGameScore-flklpgugjzuqjnhfjujkheubgzdj/Build/Products/Debug-iphonesimulator/FootGameScore.app/AssetsListFG.txt'

** BUILD SUCCEEDED **

